Enrichment FDR\,nGenes\,Pathway Genes\,Fold Enrichment\,Pathway\,URL\,Genes,Factor
4.52666547186527E-106\,81\,178\,26.3455005624297\,GO:0002181 cytoplasmic translation\,http://amigo.geneontology.org/amigo/term/GO:0002181\,RPL31  RPL6  RPLP0  RPL24  RPL22  RPL36  RPLP1  RPL8  RPL26  RPL29  RPL9  RPSA  RPL15  RPL35A  RPL17  RPS20  RPL18  RPS5  RPL3  EIF3E  RPS16  RPS19  RPL18A  RPL28  RPL19  RPL34  RPS13  RPS12  RPS15  RPS25  RPL21  RPL5  RPS10  RPL23  RPL27  RPS15A  RPL35  RPS6  RPS24  RPS2  RPS11  RPL13A  RPL11  RPS8  RPS27A  RPL32  RPS3A  RPL37  RPL10  RPL7  RPL7A  RPS3  FAU  RPL30  RPS14  RPL27A  RPL13  RPS9  RPS21  RPS7  RPL38  RPL4  EIF3F  RPLP2  RPS27  RPS17  RPS23  RPL14  RPL37A  RPL12  RPS4X  RPL23A  RPL10A  RPL39  RACK1  RPS29  UBA52  RPL41  RPS18  RPS28  RPL36A,1
3.04444985257461E-63\,87\,784\,8.30520477393156\,GO:0006412 translation\,http://amigo.geneontology.org/amigo/term/GO:0006412\,RPL31  RPS5  RPL6  RPLP0  EIF3E  RPL24  EEF1B2  RPL22  RPL36  RPLP1  RPS2  RPL13A  EEF1A1  RPL8  RPL26  RPL29  RPL9  RPS14  RPSA  RPS9  RPL15  EIF3F  RPL35A  RPS23  RPL12  RPS4X  RACK1  RPL17  RPS20  RPL18  RPL3  RPS16  RPS19  RPL18A  RPL28  RPL19  RPL34  RPS13  RPS12  RPS15  RPS25  RPL21  RPL5  RPS10  RPL23  RPL27  RPS15A  RPL35  RPS6  RPS24  RPS11  RPL11  RPS8  RPS27A  RPL32  RPS3A  RPL37  RPL10  RPL7  RPL7A  RPS3  FAU  RPL30  RPL27A  RPL13  RPS21  RPS7  RPL38  RPL4  RPLP2  RPS27  RPS17  RPL14  RPL37A  RPL23A  RPL10A  RPL39  RPS29  UBA52  RPL41  RPS18  RPS28  RPL36A  IGFBP5    SOX4  NACA,1
6.43338473724389E-63\,87\,814\,8.20203452829266\,GO:0043043 peptide biosynthetic process\,http://amigo.geneontology.org/amigo/term/GO:0043043\,RPL31  RPS5  RPL6  RPLP0  EIF3E  RPL24  EEF1B2  RPL22  RPL36  RPLP1  RPS2  RPL13A  EEF1A1  RPL8  RPL26  RPL29  RPL9  RPS14  RPSA  RPS9  RPL15  EIF3F  RPL35A  RPS23  RPL12  RPS4X  RACK1  RPL17  RPS20  RPL18  RPL3  RPS16  RPS19  RPL18A  RPL28  RPL19  RPL34  RPS13  RPS12  RPS15  RPS25  RPL21  RPL5  RPS10  RPL23  RPL27  RPS15A  RPL35  RPS6  RPS24  RPS11  RPL11  RPS8  RPS27A  RPL32  RPS3A  RPL37  RPL10  RPL7  RPL7A  RPS3  FAU  RPL30  RPL27A  RPL13  RPS21  RPS7  RPL38  RPL4  RPLP2  RPS27  RPS17  RPL14  RPL37A  RPL23A  RPL10A  RPL39  RPS29  UBA52  RPL41  RPS18  RPS28  RPL36A  IGFBP5    SOX4  NACA,1
5.45790938809697E-61\,89\,999\,7.42244238700932\,GO:0006518 peptide metabolic process\,http://amigo.geneontology.org/amigo/term/GO:0006518\,RPL31  RPS5  RPL6  RPLP0  EIF3E  RPL24  EEF1B2  RPL22  RPL36  RPLP1  RPS2  RPL13A  EEF1A1  RPL8  RPL26  RPL29  RPL9  RPS14  RPSA  RPS9  RPL15  EIF3F  RPL35A  RPS23  RPL12  RPS4X  RACK1  RPL17  RPS20  RPL18  RPL3  RPS16  RPS19  RPL18A  RPL28  RPL19  RPL34  RPS13  RPS12  RPS15  RPS25  RPL21  RPL5  RPS10  RPL23  RPL27  RPS15A  RPL35  RPS6  RPS24  RPS11  RPL11  RPS8  RPS27A  RPL32  RPS3A  RPL37  RPL10  RPL7  RPL7A  RPS3  FAU  RPL30  RPL27A  RPL13  RPS21  RPS7  RPL38  RPL4  RPLP2  RPS27  RPS17  RPL14  RPL37A  RPL23A  RPL10A  RPL39  RPS29  UBA52  RPL41  RPS18  RPS28  RPL36A  RTN4  IGFBP5  RTN1    SOX4  NACA,1
2.67897354669785E-59\,87\,959\,7.44658397963413\,GO:0043604 amide biosynthetic process\,http://amigo.geneontology.org/amigo/term/GO:0043604\,RPL31  RPS5  RPL6  RPLP0  EIF3E  RPL24  EEF1B2  RPL22  RPL36  RPLP1  RPS2  RPL13A  EEF1A1  RPL8  RPL26  RPL29  RPL9  RPS14  RPSA  RPS9  RPL15  EIF3F  RPL35A  RPS23  RPL12  RPS4X  RACK1  RPL17  RPS20  RPL18  RPL3  RPS16  RPS19  RPL18A  RPL28  RPL19  RPL34  RPS13  RPS12  RPS15  RPS25  RPL21  RPL5  RPS10  RPL23  RPL27  RPS15A  RPL35  RPS6  RPS24  RPS11  RPL11  RPS8  RPS27A  RPL32  RPS3A  RPL37  RPL10  RPL7  RPL7A  RPS3  FAU  RPL30  RPL27A  RPL13  RPS21  RPS7  RPL38  RPL4  RPLP2  RPS27  RPS17  RPL14  RPL37A  RPL23A  RPL10A  RPL39  RPS29  UBA52  RPL41  RPS18  RPS28  RPL36A  IGFBP5    SOX4  NACA,1
2.15566212052692E-56\,89\,1259\,6.5896805582229\,GO:0034645 cellular macromolecule biosynthetic process\,http://amigo.geneontology.org/amigo/term/GO:0034645\,RPL31  RPS5  RPL6  RPLP0  EIF3E  RPL24  EEF1B2  RPL22  RPL36  RPLP1  RPS2  RPL13A  EEF1A1  RPL8  RPL26  RPL29  RPL9  RPS14  RPSA  RPS9  RPL15  EIF3F  RPL35A  RPS23  RPL12  RPS4X  RACK1  RPL17  RPS20  RPL18  RPL3  RPS16  RPS19  RPL18A  RPL28  RPL19  RPL34  RPS13  RPS12  RPS15  RPS25  RPL21  RPL5  RPS10  RPL23  RPL27  RPS15A  RPL35  RPS6  RPS24  RPS11  RPL11  RPS8  RPS27A  RPL32  RPS3A  RPL37  RPL10  RPL7  RPL7A  RPS3  FAU  RPL30  RPL27A  RPL13  RPS21  RPS7  RPL38  RPL4  RPLP2  RPS27  RPS17  RPL14  RPL37A  RPL23A  RPL10A  RPL39  RPS29  UBA52  RPL41  RPS18  RPS28  RPL36A  IGFBP5  PTGES3    SOX4  CTNNB1  NACA,1
1.44676087222903E-55\,89\,1301\,6.44301040271397\,GO:0043603 cellular amide metabolic process\,http://amigo.geneontology.org/amigo/term/GO:0043603\,RPL31  RPS5  RPL6  RPLP0  EIF3E  RPL24  EEF1B2  RPL22  RPL36  RPLP1  RPS2  RPL13A  EEF1A1  RPL8  RPL26  RPL29  RPL9  RPS14  RPSA  RPS9  RPL15  EIF3F  RPL35A  RPS23  RPL12  RPS4X  RACK1  RPL17  RPS20  RPL18  RPL3  RPS16  RPS19  RPL18A  RPL28  RPL19  RPL34  RPS13  RPS12  RPS15  RPS25  RPL21  RPL5  RPS10  RPL23  RPL27  RPS15A  RPL35  RPS6  RPS24  RPS11  RPL11  RPS8  RPS27A  RPL32  RPS3A  RPL37  RPL10  RPL7  RPL7A  RPS3  FAU  RPL30  RPL27A  RPL13  RPS21  RPS7  RPL38  RPL4  RPLP2  RPS27  RPS17  RPL14  RPL37A  RPL23A  RPL10A  RPL39  RPS29  UBA52  RPL41  RPS18  RPS28  RPL36A  RTN4  IGFBP5  RTN1    SOX4  NACA,1
5.02616318882693E-44\,89\,1888\,4.77907257465458\,GO:1901566 organonitrogen compound biosynthetic process\,http://amigo.geneontology.org/amigo/term/GO:1901566\,RPL31  RPS5  RPL6  RPLP0  EIF3E  RPL24  EEF1B2  RPL22  RPL36  RPLP1  RPS2  RPL13A  EEF1A1  RPL8  RPL26  RPL29  RPL9  RPS14  RPSA  RPS9  RPL15  EIF3F  RPL35A  RPS23  RPL12  RPS4X  RACK1  RPL17  RPS20  RPL18  RPL3  RPS16  RPS19  RPL18A  RPL28  RPL19  RPL34  RPS13  RPS12  RPS15  RPS25  RPL21  RPL5  RPS10  RPL23  RPL27  RPS15A  RPL35  RPS6  RPS24  RPS11  RPL11  RPS8  RPS27A  RPL32  RPS3A  RPL37  RPL10  RPL7  RPL7A  RPS3  FAU  RPL30  RPL27A  RPL13  RPS21  RPS7  RPL38  RPL4  RPLP2  RPS27  RPS17  RPL14  RPL37A  RPL23A  RPL10A  RPL39  RPS29  UBA52  RPL41  RPS18  RPS28  RPL36A  IGFBP5  FABP3    SOX4  CTNNB1  NACA,1
1.66175823693478E-16\,32\,327\,6.87327291635715\,GO:0042254 ribosome biogenesis\,http://amigo.geneontology.org/amigo/term/GO:0042254\,RPS5  RPL6  RPLP0  RPL3  RPS16  RPS19  RPS15  RPL5  RPL35  RPS8  RPL10  RPL7  RPL7A  RPL26  RPS14  RPSA  RPS21  RPS7  RPS27  RPL35A  RPL14  RPL23A  RPL10A  RPS28  RPL24  RPS6  RPL38  RPS25  RPL27  RPS24  RPL11  RPS17,1
3.57355900471655E-14\,36\,509\,4.96750178954903\,GO:0022613 ribonucleoprotein complex biogenesis\,http://amigo.geneontology.org/amigo/term/GO:0022613\,RPS5  RPL6  RPLP0  RPL3  RPS16  RPS19  PTGES3  RPS15  RPL5  RPL35  RPS8  RPL10  RPL7  RPL7A  RPL26  RPS14  RPSA  RPS21  RPS7  RPL38  RPS27  RPL35A  RPL14  RPL23A  RPL10A  RPS28  EIF3E  EIF3F  RPL13A  RPL24  RPS6  RPS25  RPL27  RPS24  RPL11  RPS17,1
2.11807847170364E-13\,16\,63\,15.5014240241246\,GO:0042255 ribosome assembly\,http://amigo.geneontology.org/amigo/term/GO:0042255\,RPS5  RPL6  RPLP0  RPL3  RPS19  RPS15  RPL5  RPL10  RPS14  RPSA  RPS27  RPL23A  RPS28  RPL24  RPL38  RPL11,1
1.13702401235061E-11\,16\,79\,12.3485920192179\,GO:0042273 ribosomal large subunit biogenesis\,http://amigo.geneontology.org/amigo/term/GO:0042273\,RPL6  RPLP0  RPL3  RPL5  RPL35  RPL10  RPL7  RPL7A  RPL26  RPL35A  RPL14  RPL23A  RPL10A  RPL24  RPL38  RPL11,1
1.40518423680566E-11\,16\,87\,12.142782152231\,GO:0042274 ribosomal small subunit biogenesis\,http://amigo.geneontology.org/amigo/term/GO:0042274\,RPS5  RPS16  RPS19  RPS15  RPS8  RPS14  RPSA  RPS21  RPS7  RPS27  RPS28  RPS6  RPL38  RPS25  RPS24  RPS17,1
3.9079999993373E-11\,23\,248\,6.62857570018938\,GO:0006364 rRNA processing\,http://amigo.geneontology.org/amigo/term/GO:0006364\,RPS16  RPL35  RPS8  RPL7  RPL7A  RPS14  RPS21  RPS7  RPL10A  RPS28  RPS6  RPS19  RPS15  RPS25  RPL5  RPL27  RPS24  RPL11  RPL26  RPS27  RPS17  RPL35A  RPL14,1
6.89906079031799E-10\,23\,288\,5.7862705007178\,GO:0016072 rRNA metabolic process\,http://amigo.geneontology.org/amigo/term/GO:0016072\,RPS16  RPL35  RPS8  RPL7  RPL7A  RPS14  RPS21  RPS7  RPL10A  RPS28  RPS6  RPS19  RPS15  RPS25  RPL5  RPL27  RPS24  RPL11  RPL26  RPS27  RPS17  RPL35A  RPL14,1
2.51526948849685E-09\,7\,13\,39.8435039370079\,GO:1904667 negative regulation of ubiquitin protein ligase activity\,http://amigo.geneontology.org/amigo/term/GO:1904667\,RPL5  RPL23  RPS7  RPS20  RPS15  RPL37  RPL11,1
9.90012070383234E-09\,9\,29\,21.5694156651471\,GO:0000027 ribosomal large subunit assembly\,http://amigo.geneontology.org/amigo/term/GO:0000027\,RPL6  RPLP0  RPL3  RPL5  RPL10  RPL23A  RPL24  RPL38  RPL11,1
2.04090513102434E-08\,20\,240\,5.72772743029763\,GO:0022618 ribonucleoprotein complex assembly\,http://amigo.geneontology.org/amigo/term/GO:0022618\,RPS5  RPL6  RPLP0  RPL3  RPS19  PTGES3  RPS15  RPL5  RPL10  RPS14  RPSA  RPL38  RPS27  RPL23A  RPS28  EIF3E  EIF3F  RPL13A  RPL24  RPL11,1
3.41267402172199E-08\,20\,248\,5.55310159400807\,GO:0071826 ribonucleoprotein complex subunit organization\,http://amigo.geneontology.org/amigo/term/GO:0071826\,RPS5  RPL6  RPLP0  RPL3  RPS19  PTGES3  RPS15  RPL5  RPL10  RPS14  RPSA  RPL38  RPS27  RPL23A  RPS28  EIF3E  EIF3F  RPL13A  RPL24  RPL11,1
5.9084644142909E-08\,8\,17\,22.7677165354331\,GO:0000028 ribosomal small subunit assembly\,http://amigo.geneontology.org/amigo/term/GO:0000028\,RPS5  RPS19  RPS15  RPS14  RPSA  RPS27  RPS28  RPL38,1
7.48192517786301E-08\,7\,26\,28.9770937723694\,GO:1904666 regulation of ubiquitin protein ligase activity\,http://amigo.geneontology.org/amigo/term/GO:1904666\,RPL5  RPL23  RPS7  RPS20  RPS15  RPL37  RPL11,1
4.07518548362925E-07\,23\,483\,4.15601174853143\,GO:0034470 ncRNA processing\,http://amigo.geneontology.org/amigo/term/GO:0034470\,RPS16  RPL35  RPS8  RPL7  RPL7A  RPS14  RPS21  RPS7  RPL10A  RPS28  RPS6  RPS19  RPS15  RPS25  RPL5  RPL27  RPS24  RPL11  RPL26  RPS27  RPS17  RPL35A  RPL14,1
6.44420512466062E-07\,7\,23\,22.7677165354331\,GO:0051444 negative regulation of ubiquitin-protein transferase activity\,http://amigo.geneontology.org/amigo/term/GO:0051444\,RPL5  RPL23  RPS7  RPS20  RPS15  RPL37  RPL11,1
6.44420512466062E-07\,7\,31\,22.7677165354331\,GO:1901798 positive regulation of signal transduction by p53 class mediator\,http://amigo.geneontology.org/amigo/term/GO:1901798\,RPS20  RPS15  RPL37  RPL11  RPL23  RPL26  RPS7,1
3.43620053475941E-06\,18\,417\,4.68364454443195\,GO:0140694 non-membrane-bounded organelle assembly\,http://amigo.geneontology.org/amigo/term/GO:0140694\,RPS5  RPL6  RPLP0  RPL3  RPS19  RPS15  RPL5  RPL10  RPS14  RPSA  RPS27  RPL23A  RPS28  RPL24  RPL38  RPL11  RPS3  RPS23,1
8.41800621674132E-06\,10\,107\,9.10708661417323\,GO:1903321 negative regulation of protein modification by small protein conjugation or removal\,http://amigo.geneontology.org/amigo/term/GO:1903321\,RPL5  RPL23  RPL11  RPS3  CTNNB1  RPS7  RPS20  RPS15  RPL37  SOX4,1
1.70241747900899E-05\,34\,1082\,2.52561945254396\,GO:0006396 RNA processing\,http://amigo.geneontology.org/amigo/term/GO:0006396\,RPS16  TRA2B  RPL35  RPS8  RPL7  RPL7A  SON  RPS14  RPS21  RPS7  RPL10A  RPS28  RPS13  RPS20  SRSF11  RPL23  RPS6  RPS3  RPL4  RPL39  RACK1  RPL17  RPS19  RPS15  RPS25  RPL5  RPL27  RPS24  RPL11  RPL26  RPS27  RPS17  RPL35A  RPL14,1
1.94404498982612E-05\,4\,5\,45.5354330708661\,GO:0051343 positive regulation of cyclic-nucleotide phosphodiesterase activity\,http://amigo.geneontology.org/amigo/term/GO:0051343\,CALM2  CALM3  CALM1  RACK1,1
2.47849143144889E-05\,8\,58\,11.3838582677165\,GO:0051438 regulation of ubiquitin-protein transferase activity\,http://amigo.geneontology.org/amigo/term/GO:0051438\,RPL5  RPL23  RPS2  RPS7  RPS20  RPS15  RPL37  RPL11,1
2.82164491803788E-05\,23\,645\,3.26266342875365\,GO:0034660 ncRNA metabolic process\,http://amigo.geneontology.org/amigo/term/GO:0034660\,RPS16  RPL35  RPS8  RPL7  RPL7A  RPS14  RPS21  RPS7  RPL10A  RPS28  RPS6  RPS19  RPS15  RPS25  RPL5  RPL27  RPS24  RPL11  RPL26  RPS27  RPS17  RPL35A  RPL14,1
3.21547245284122E-05\,9\,94\,9.10708661417323\,GO:0031397 negative regulation of protein ubiquitination\,http://amigo.geneontology.org/amigo/term/GO:0031397\,RPL5  RPL23  RPS3  RPS7  RPS20  RPS15  RPL37  SOX4  RPL11,1
0.000158218926749239\,9\,110\,7.58923884514436\,GO:1901796 regulation of signal transduction by p53 class mediator\,http://amigo.geneontology.org/amigo/term/GO:1901796\,RPS20  RPS15  RPL37  RPL11  RPL5  SOX4  RPL23  RPL26  RPS7,1
0.000239072179720139\,4\,10\,30.3569553805774\,GO:0051342 regulation of cyclic-nucleotide phosphodiesterase activity\,http://amigo.geneontology.org/amigo/term/GO:0051342\,CALM2  CALM3  CALM1  RACK1,1
0.00104634695986856\,4\,94\,22.7677165354331\,GO:0061844 antimicrobial humoral immune response mediated by antimicrobial peptide\,http://amigo.geneontology.org/amigo/term/GO:0061844\,RPS19  FAU  RPL30  RPL39,1
0.00208389120902948\,16\,551\,3.22374747404362\,GO:0031400 negative regulation of protein modification process\,http://amigo.geneontology.org/amigo/term/GO:0031400\,RPL5  RPL23  RPL11  RPS3  UCHL1  CTNNB1  RPS7  RPS20  RPS15  RPL37  RACK1  SOX4  TERF2IP  CALM2  CALM3  CALM1,1
0.00256047930521052\,3\,8\,34.1515748031496\,GO:1902255 positive regulation of intrinsic apoptotic signaling pathway by p53 class mediator\,http://amigo.geneontology.org/amigo/term/GO:1902255\,RPL11  RPL26  RPS7,1
0.00256047930521052\,3\,4\,34.1515748031496\,GO:1905550 regulation of protein localization to endoplasmic reticulum\,http://amigo.geneontology.org/amigo/term/GO:1905550\,RTN4  BTF3  NACA,1
0.00256047930521052\,3\,5\,34.1515748031496\,GO:1905912 regulation of calcium ion export across plasma membrane\,http://amigo.geneontology.org/amigo/term/GO:1905912\,CALM2  CALM3  CALM1,1
0.00256047930521052\,3\,5\,34.1515748031496\,GO:1905913 negative regulation of calcium ion export across plasma membrane\,http://amigo.geneontology.org/amigo/term/GO:1905913\,CALM2  CALM3  CALM1,1
0.00398291525311034\,4\,142\,16.5583392984968\,GO:0019730 antimicrobial humoral response\,http://amigo.geneontology.org/amigo/term/GO:0019730\,RPS19  FAU  RPL30  RPL39,1
0.00405821152676226\,6\,61\,8.27916964924839\,GO:2001244 positive regulation of intrinsic apoptotic signaling pathway\,http://amigo.geneontology.org/amigo/term/GO:2001244\,DDIT3  RPL11  RPS3  RPL26  RPS7  RACK1,1
0.00435647707681856\,9\,189\,4.93757707997344\,GO:0072331 signal transduction by p53 class mediator\,http://amigo.geneontology.org/amigo/term/GO:0072331\,RPS20  RPS15  RPL37  RPL11  RPL5  SOX4  RPL23  RPL26  RPS7,1
0.00571241281618609\,3\,10\,27.3212598425197\,GO:1990034 calcium ion export across plasma membrane\,http://amigo.geneontology.org/amigo/term/GO:1990034\,CALM2  CALM3  CALM1,1
0.00674765791640858\,10\,228\,4.17756266705194\,GO:0031396 regulation of protein ubiquitination\,http://amigo.geneontology.org/amigo/term/GO:0031396\,RPL5  RPL23  RPS2  RPS3  RPS7  RPS20  RPS15  RPL37  SOX4  RPL11,1
0.00674765791640858\,18\,956\,2.65254949927376\,GO:0051338 regulation of transferase activity\,http://amigo.geneontology.org/amigo/term/GO:0051338\,PTGES3  RPL5  RPL23  RPS2  UCHL1  EEF1A1  RPS7  RPS20  RPS15  RPLP1  RPL37  CTNNB1  RACK1  RPL11  RPS3  CALM2  CALM3  CALM1,1
0.00806526176847336\,6\,61\,7.18980522171571\,GO:0030490 maturation of SSU-rRNA\,http://amigo.geneontology.org/amigo/term/GO:0030490\,RPS16  RPS8  RPS14  RPS21  RPS28  RPS19,1
0.00806526176847336\,11\,270\,3.73798331178752\,GO:1903320 regulation of protein modification by small protein conjugation or removal\,http://amigo.geneontology.org/amigo/term/GO:1903320\,RPL5  RPL23  RPS2  RPL11  RPS3  CTNNB1  RPS7  RPS20  RPS15  RPL37  SOX4,1
0.00900284631854545\,5\,44\,9.10708661417323\,GO:0000462 maturation of SSU-rRNA from tricistronic rRNA transcript (SSU-rRNA 5.8S rRNA LSU-rRNA)\,http://amigo.geneontology.org/amigo/term/GO:0000462\,RPS16  RPS8  RPS14  RPS21  RPS19,1
0.00929573308194693\,3\,13\,22.7677165354331\,GO:0051280 negative regulation of release of sequestered calcium ion into cytosol\,http://amigo.geneontology.org/amigo/term/GO:0051280\,CALM2  CALM1  CALM3,1
0.00929573308194693\,3\,11\,22.7677165354331\,GO:0060315 negative regulation of ryanodine-sensitive calcium-release channel activity\,http://amigo.geneontology.org/amigo/term/GO:0060315\,CALM2  CALM1  CALM3,1
0.00929573308194693\,3\,9\,22.7677165354331\,GO:0060316 positive regulation of ryanodine-sensitive calcium-release channel activity\,http://amigo.geneontology.org/amigo/term/GO:0060316\,CALM3  CALM2  CALM1,1
0.00929573308194693\,3\,12\,22.7677165354331\,GO:1901844 regulation of cell communication by electrical coupling involved in cardiac conduction\,http://amigo.geneontology.org/amigo/term/GO:1901844\,CALM2  CALM3  CALM1,1
0.0109578081611676\,16\,514\,2.70842724585077\,GO:0034248 regulation of cellular amide metabolic process\,http://amigo.geneontology.org/amigo/term/GO:0034248\,RPL13A  RPS9  RTN4  IGFBP5  RPL5  RTN1  RPS3  RPL22  RPL10  RPS14  RPL38  RACK1  SOX4  RPL26  RPS4X  EIF3E,1
0.014874257105863\,15\,1052\,2.74309837776302\,GO:0008284 positive regulation of cell population proliferation\,http://amigo.geneontology.org/amigo/term/GO:0008284\,S100A13  RPS15A  SOX4  CTNNB1  MARCKSL1  SOX11  NAP1L1  IGFBP5  RTN4  RPL23  RPS6  RPS3  RPS9  RPS4X  NACA,1
0.0151334564309435\,3\,22\,19.5151856017998\,GO:0048485 sympathetic nervous system development\,http://amigo.geneontology.org/amigo/term/GO:0048485\,SOX4  CTNNB1  SOX11,1
0.0152025864179753\,20\,994\,2.29976934701344\,GO:0070925 organelle assembly\,http://amigo.geneontology.org/amigo/term/GO:0070925\,RPS5  RPL6  RPLP0  RPL3  RPS19  RPS15  RPL5  RPL10  RPS14  RPSA  RPS27  RPL23A  RPS28  PTPRS  RPL24  GAP43  RPL38  RPL11  RPS3  RPS23,1
0.0186261417112969\,2\,5\,45.5354330708661\,GO:0022009 central nervous system vasculogenesis\,http://amigo.geneontology.org/amigo/term/GO:0022009\,CTNNB1  RTN4,1
0.0186261417112969\,2\,9\,45.5354330708661\,GO:0044848 biological phase\,http://amigo.geneontology.org/amigo/term/GO:0044848\,GAL  CTNNB1,1
0.0186261417112969\,2\,9\,45.5354330708661\,GO:0044851 hair cycle phase\,http://amigo.geneontology.org/amigo/term/GO:0044851\,GAL  CTNNB1,1
0.0186261417112969\,2\,11\,45.5354330708661\,GO:0048263 determination of dorsal identity\,http://amigo.geneontology.org/amigo/term/GO:0048263\,DDIT3  CTNNB1,1
0.0186261417112969\,2\,9\,45.5354330708661\,GO:0048819 regulation of hair follicle maturation\,http://amigo.geneontology.org/amigo/term/GO:0048819\,GAL  CTNNB1,1
0.0186261417112969\,2\,5\,45.5354330708661\,GO:1901842 negative regulation of high voltage-gated calcium channel activity\,http://amigo.geneontology.org/amigo/term/GO:1901842\,CALM3  CALM1,1
0.0186261417112969\,2\,4\,45.5354330708661\,GO:2000015 regulation of determination of dorsal identity\,http://amigo.geneontology.org/amigo/term/GO:2000015\,DDIT3  CTNNB1,1
0.0187199812563101\,3\,14\,17.0757874015748\,GO:0005513 detection of calcium ion\,http://amigo.geneontology.org/amigo/term/GO:0005513\,CALM2  CALM3  CALM1,1
0.0187199812563101\,3\,17\,17.0757874015748\,GO:0010649 regulation of cell communication by electrical coupling\,http://amigo.geneontology.org/amigo/term/GO:0010649\,CALM2  CALM3  CALM1,1
0.0187199812563101\,3\,19\,17.0757874015748\,GO:0010801 negative regulation of peptidyl-threonine phosphorylation\,http://amigo.geneontology.org/amigo/term/GO:0010801\,CALM2  CALM3  CALM1,1
0.0187199812563101\,3\,29\,17.0757874015748\,GO:0031954 positive regulation of protein autophosphorylation\,http://amigo.geneontology.org/amigo/term/GO:0031954\,CALM2  CALM3  CALM1,1
0.0187199812563101\,21\,1160\,2.18320569517851\,GO:0051248 negative regulation of protein metabolic process\,http://amigo.geneontology.org/amigo/term/GO:0051248\,RPL13A  RTN4  IGFBP5  RPL5  RPL23  RTN1  RPL11  RPS3  UCHL1  CTNNB1  RPS7  RPS20  RPS15  RPL37  RACK1  SOX4  TERF2IP  EIF3E  CALM2  CALM3  CALM1,1
0.0187199812563101\,3\,15\,17.0757874015748\,GO:0051284 positive regulation of sequestering of calcium ion\,http://amigo.geneontology.org/amigo/term/GO:0051284\,CALM2  CALM1  CALM3,1
0.0187199812563101\,3\,16\,17.0757874015748\,GO:1990403 embryonic brain development\,http://amigo.geneontology.org/amigo/term/GO:1990403\,TRA2B  CTNNB1  RPL10,1
0.0190353528273843\,16\,1078\,2.51229975563399\,GO:1902533 positive regulation of intracellular signal transduction\,http://amigo.geneontology.org/amigo/term/GO:1902533\,DDIT3  S100A13  RPS20  RPS15  RPL37  RPS3  IGFBP5  RPL11  TERF2IP  CTNNB1  SOX11  RTN4  RPL23  RPL26  RPS7  RACK1,1
0.022502399326028\,12\,563\,2.96970215679562\,GO:0043065 positive regulation of apoptotic process\,http://amigo.geneontology.org/amigo/term/GO:0043065\,RPS3  DDIT3  OLFM1  RPS6  CTNNB1  RACK1  GAL  RPL11  SOX4  RPL26  RPS7  MLLT11,1
0.0244203306563892\,7\,257\,4.61953668834874\,GO:0097305 response to alcohol\,http://amigo.geneontology.org/amigo/term/GO:0097305\,CTNNB1  RPLP0  RPL27  CALM3  RPL15  RPS4X  RPL10A,1
0.0251184899134176\,3\,639\,15.1784776902887\,GO:0009593 detection of chemical stimulus\,http://amigo.geneontology.org/amigo/term/GO:0009593\,CALM2  CALM3  CALM1,1
0.0251184899134176\,3\,23\,15.1784776902887\,GO:0010523 negative regulation of calcium ion transport into cytosol\,http://amigo.geneontology.org/amigo/term/GO:0010523\,CALM2  CALM1  CALM3,1
0.0251184899134176\,12\,576\,2.92205987620531\,GO:0043068 positive regulation of programmed cell death\,http://amigo.geneontology.org/amigo/term/GO:0043068\,RPS3  DDIT3  OLFM1  RPS6  CTNNB1  RACK1  GAL  RPL11  SOX4  RPL26  RPS7  MLLT11,1
0.0251184899134176\,9\,285\,3.62671590829907\,GO:0051348 negative regulation of transferase activity\,http://amigo.geneontology.org/amigo/term/GO:0051348\,RPL5  RPL23  UCHL1  RPS7  RPS20  RPS15  RPL37  RACK1  RPL11,1
0.0289367272238573\,14\,449\,2.5914474105371\,GO:0006417 regulation of translation\,http://amigo.geneontology.org/amigo/term/GO:0006417\,RPL13A  RPS9  IGFBP5  RPL5  RPS3  RPL22  RPL10  RPS14  RPL38  RACK1  SOX4  RPL26  RPS4X  EIF3E,1
0.028938507562984\,15\,533\,2.48375089477452\,GO:2000112 regulation of cellular macromolecule biosynthetic process\,http://amigo.geneontology.org/amigo/term/GO:2000112\,RPL13A  RPS9  IGFBP5  RPL5  RPS3  RPL22  RPL10  RPS14  RPL38  RACK1  SOX4  RPL26  CTNNB1  RPS4X  EIF3E,1
0.0335658512676281\,3\,29\,13.6606299212598\,GO:0010800 positive regulation of peptidyl-threonine phosphorylation\,http://amigo.geneontology.org/amigo/term/GO:0010800\,CALM2  CALM3  CALM1,1
0.0335658512676281\,3\,23\,13.6606299212598\,GO:0032516 positive regulation of phosphoprotein phosphatase activity\,http://amigo.geneontology.org/amigo/term/GO:0032516\,CALM2  CALM3  CALM1,1
0.0349404304666012\,6\,128\,4.96750178954903\,GO:0051101 regulation of DNA binding\,http://amigo.geneontology.org/amigo/term/GO:0051101\,DDIT3  CALM2  CALM3  CTNNB1  SOX11  CALM1,1
0.0349404304666012\,6\,144\,4.96750178954903\,GO:2001235 positive regulation of apoptotic signaling pathway\,http://amigo.geneontology.org/amigo/term/GO:2001235\,RPS3  DDIT3  RPL11  RPL26  RPS7  RACK1,1
0.0349404304666012\,4\,81\,8.27916964924839\,GO:2001259 positive regulation of cation channel activity\,http://amigo.geneontology.org/amigo/term/GO:2001259\,CALM3  GAL  CALM2  CALM1,1
0.0369105844477425\,2\,34\,30.3569553805774\,GO:0002227 innate immune response in mucosa\,http://amigo.geneontology.org/amigo/term/GO:0002227\,FAU  RPL39,1
0.0369105844477425\,2\,49\,30.3569553805774\,GO:0002251 organ or tissue specific immune response\,http://amigo.geneontology.org/amigo/term/GO:0002251\,FAU  RPL39,1
0.0369105844477425\,2\,45\,30.3569553805774\,GO:0002385 mucosal immune response\,http://amigo.geneontology.org/amigo/term/GO:0002385\,FAU  RPL39,1
0.0369105844477425\,2\,14\,30.3569553805774\,GO:0003207 cardiac chamber formation\,http://amigo.geneontology.org/amigo/term/GO:0003207\,SOX4  SOX11,1
0.0369105844477425\,2\,10\,30.3569553805774\,GO:0003211 cardiac ventricle formation\,http://amigo.geneontology.org/amigo/term/GO:0003211\,SOX4  SOX11,1
0.0369105844477425\,19\,1073\,2.12052261849622\,GO:0032269 negative regulation of cellular protein metabolic process\,http://amigo.geneontology.org/amigo/term/GO:0032269\,RPL13A  IGFBP5  RPL5  RPL23  RPL11  RPS3  UCHL1  CTNNB1  RPS7  RPS20  RPS15  RPL37  RACK1  SOX4  TERF2IP  EIF3E  CALM2  CALM3  CALM1,1
0.0369105844477425\,2\,14\,30.3569553805774\,GO:0034163 regulation of toll-like receptor 9 signaling pathway\,http://amigo.geneontology.org/amigo/term/GO:0034163\,RTN4  PTPRS,1
0.0369105844477425\,2\,12\,30.3569553805774\,GO:0048262 determination of dorsal/ventral asymmetry\,http://amigo.geneontology.org/amigo/term/GO:0048262\,DDIT3  CTNNB1,1
0.0369105844477425\,2\,13\,30.3569553805774\,GO:0060174 limb bud formation\,http://amigo.geneontology.org/amigo/term/GO:0060174\,SOX4  SOX11,1
0.0369105844477425\,2\,5\,30.3569553805774\,GO:2000435 negative regulation of protein neddylation\,http://amigo.geneontology.org/amigo/term/GO:2000435\,RPL5  RPL11,1
0.0375372750626064\,3\,23\,12.4187544738726\,GO:0010881 regulation of cardiac muscle contraction by regulation of the release of sequestered calcium ion\,http://amigo.geneontology.org/amigo/term/GO:0010881\,CALM2  CALM3  CALM1,1
0.0375372750626064\,3\,45\,12.4187544738726\,GO:0031952 regulation of protein autophosphorylation\,http://amigo.geneontology.org/amigo/term/GO:0031952\,CALM2  CALM3  CALM1,1
0.0375372750626064\,3\,33\,12.4187544738726\,GO:0051481 negative regulation of cytosolic calcium ion concentration\,http://amigo.geneontology.org/amigo/term/GO:0051481\,CALM2  CALM1  CALM3,1
0.0375372750626064\,3\,53\,12.4187544738726\,GO:1901861 regulation of muscle tissue development\,http://amigo.geneontology.org/amigo/term/GO:1901861\,IGFBP5  CTNNB1  NACA,1
0.0382269018072483\,17\,1312\,2.21172103487064\,GO:0010628 positive regulation of gene expression\,http://amigo.geneontology.org/amigo/term/GO:0010628\,TRA2B  RPS9  RPL5  SOX4  RPL11  S100A13  CTNNB1  SOX11  RPL23  RPS3  RPL26  RPS7  DDIT3  RPS4X  EIF3E  RTN4  OLFM1,1
0.0411072305684275\,4\,32\,7.58923884514436\,GO:0000470 maturation of LSU-rRNA\,http://amigo.geneontology.org/amigo/term/GO:0000470\,RPL35  RPL7  RPL7A  RPL10A,1
0.044791023083231\,12\,650\,2.63973525048499\,GO:0010942 positive regulation of cell death\,http://amigo.geneontology.org/amigo/term/GO:0010942\,RPS3  DDIT3  OLFM1  RPS6  CTNNB1  RACK1  GAL  RPL11  SOX4  RPL26  RPS7  MLLT11,1
0.047319245869575\,3\,48\,11.3838582677165\,GO:0048483 autonomic nervous system development\,http://amigo.geneontology.org/amigo/term/GO:0048483\,SOX4  CTNNB1  SOX11,1
0.0474909783305299\,23\,1857\,1.88366000113295\,GO:1902531 regulation of intracellular signal transduction\,http://amigo.geneontology.org/amigo/term/GO:1902531\,DDIT3  S100A13  RPS20  RPS15  RPL37  RPS3  UCHL1  IGFBP5  RPL11  CALM2  CALM3  TERF2IP  CTNNB1  SOX11  CALM1  RTN4  RPL5  SOX4  RPL23  TPT1  RPL26  RPS7  RACK1,1
0.05324407871577\,4\,302\,7.00545124167171\,GO:0006959 humoral immune response\,http://amigo.geneontology.org/amigo/term/GO:0006959\,RPS19  FAU  RPL30  RPL39,1
0.05324407871577\,4\,57\,7.00545124167171\,GO:0043388 positive regulation of DNA binding\,http://amigo.geneontology.org/amigo/term/GO:0043388\,CALM2  CALM3  CTNNB1  CALM1,1
0.0566463982069192\,3\,28\,10.5081768625076\,GO:0010882 regulation of cardiac muscle contraction by calcium ion signaling\,http://amigo.geneontology.org/amigo/term/GO:0010882\,CALM2  CALM3  CALM1,1
0.0566463982069192\,3\,39\,10.5081768625076\,GO:0010922 positive regulation of phosphatase activity\,http://amigo.geneontology.org/amigo/term/GO:0010922\,CALM2  CALM3  CALM1,1
0.0566463982069192\,3\,28\,10.5081768625076\,GO:0086064 cell communication by electrical coupling involved in cardiac conduction\,http://amigo.geneontology.org/amigo/term/GO:0086064\,CALM2  CALM3  CALM1,1
0.0566463982069192\,3\,41\,10.5081768625076\,GO:1901020 negative regulation of calcium ion transmembrane transporter activity\,http://amigo.geneontology.org/amigo/term/GO:1901020\,CALM2  CALM1  CALM3,1
0.0599941331865998\,2\,11\,22.7677165354331\,GO:0003357 noradrenergic neuron differentiation\,http://amigo.geneontology.org/amigo/term/GO:0003357\,SOX4  SOX11,1
0.0599941331865998\,2\,31\,22.7677165354331\,GO:0031069 hair follicle morphogenesis\,http://amigo.geneontology.org/amigo/term/GO:0031069\,IGFBP5  CTNNB1,1
0.0599941331865998\,2\,23\,22.7677165354331\,GO:0034162 toll-like receptor 9 signaling pathway\,http://amigo.geneontology.org/amigo/term/GO:0034162\,RTN4  PTPRS,1
0.0599941331865998\,2\,35\,22.7677165354331\,GO:0048730 epidermis morphogenesis\,http://amigo.geneontology.org/amigo/term/GO:0048730\,IGFBP5  CTNNB1,1
0.0599941331865998\,2\,8\,22.7677165354331\,GO:0051901 positive regulation of mitochondrial depolarization\,http://amigo.geneontology.org/amigo/term/GO:0051901\,MLLT11  RACK1,1
0.0608414712474833\,5\,69\,5.05949256342957\,GO:0006414 translational elongation\,http://amigo.geneontology.org/amigo/term/GO:0006414\,EEF1B2  EEF1A1  RACK1  RPLP1  RPLP2,1
0.0649847885782533\,3\,31\,9.75759280089989\,GO:0010880 regulation of release of sequestered calcium ion into cytosol by sarcoplasmic reticulum\,http://amigo.geneontology.org/amigo/term/GO:0010880\,CALM2  CALM3  CALM1,1
0.0649847885782533\,3\,43\,9.75759280089989\,GO:0051281 positive regulation of release of sequestered calcium ion into cytosol\,http://amigo.geneontology.org/amigo/term/GO:0051281\,CALM3  CALM2  CALM1,1
0.0649847885782533\,3\,28\,9.75759280089989\,GO:0060314 regulation of ryanodine-sensitive calcium-release channel activity\,http://amigo.geneontology.org/amigo/term/GO:0060314\,CALM2  CALM3  CALM1,1
0.0649847885782533\,3\,47\,9.75759280089989\,GO:0070839 metal ion export\,http://amigo.geneontology.org/amigo/term/GO:0070839\,CALM2  CALM3  CALM1,1
0.0703466602881364\,7\,140\,3.5416447944007\,GO:0006413 translational initiation\,http://amigo.geneontology.org/amigo/term/GO:0006413\,EIF3E  EIF3F  RPS5  RPL13A  RPS3  RPS17  RPS3A,1
0.0726253571464158\,6\,263\,4.01783232978231\,GO:0003007 heart morphogenesis\,http://amigo.geneontology.org/amigo/term/GO:0003007\,RTN4  SOX4  CTNNB1  SOX11  OLFM1  NACA,1
0.0736186261318464\,7\,178\,3.50272562083586\,GO:2001242 regulation of intrinsic apoptotic signaling pathway\,http://amigo.geneontology.org/amigo/term/GO:2001242\,DDIT3  RPL11  TPT1  RPS3  RPL26  RPS7  RACK1,1
0.0749025462294407\,3\,45\,9.10708661417323\,GO:0010799 regulation of peptidyl-threonine phosphorylation\,http://amigo.geneontology.org/amigo/term/GO:0010799\,CALM2  CALM3  CALM1,1
0.0749025462294407\,3\,37\,9.10708661417323\,GO:0014808 release of sequestered calcium ion into cytosol by sarcoplasmic reticulum\,http://amigo.geneontology.org/amigo/term/GO:0014808\,CALM2  CALM3  CALM1,1
0.0749025462294407\,3\,66\,9.10708661417323\,GO:0140115 export across plasma membrane\,http://amigo.geneontology.org/amigo/term/GO:0140115\,CALM2  CALM3  CALM1,1
0.0749025462294407\,3\,38\,9.10708661417323\,GO:1903514 release of sequestered calcium ion into cytosol by endoplasmic reticulum\,http://amigo.geneontology.org/amigo/term/GO:1903514\,CALM2  CALM3  CALM1,1
0.0749025462294407\,3\,50\,9.10708661417323\,GO:2001258 negative regulation of cation channel activity\,http://amigo.geneontology.org/amigo/term/GO:2001258\,CALM2  CALM1  CALM3,1
0.0828897592674881\,2\,23\,18.2141732283465\,GO:0007398 ectoderm development\,http://amigo.geneontology.org/amigo/term/GO:0007398\,TPT1  CTNNB1,1
0.0828897592674881\,3\,65\,8.5378937007874\,GO:0010524 positive regulation of calcium ion transport into cytosol\,http://amigo.geneontology.org/amigo/term/GO:0010524\,CALM3  CALM2  CALM1,1
0.0828897592674881\,3\,36\,8.5378937007874\,GO:0010644 cell communication by electrical coupling\,http://amigo.geneontology.org/amigo/term/GO:0010644\,CALM2  CALM3  CALM1,1
0.0828897592674881\,2\,72\,18.2141732283465\,GO:0019731 antibacterial humoral response\,http://amigo.geneontology.org/amigo/term/GO:0019731\,FAU  RPL39,1
0.0828897592674881\,2\,32\,18.2141732283465\,GO:0048641 regulation of skeletal muscle tissue development\,http://amigo.geneontology.org/amigo/term/GO:0048641\,CTNNB1  NACA,1
0.0828897592674881\,2\,26\,18.2141732283465\,GO:0048643 positive regulation of skeletal muscle tissue development\,http://amigo.geneontology.org/amigo/term/GO:0048643\,CTNNB1  NACA,1
0.0828897592674881\,2\,18\,18.2141732283465\,GO:0051900 regulation of mitochondrial depolarization\,http://amigo.geneontology.org/amigo/term/GO:0051900\,MLLT11  RACK1,1
0.0828897592674881\,2\,13\,18.2141732283465\,GO:0099150 regulation of postsynaptic specialization assembly\,http://amigo.geneontology.org/amigo/term/GO:0099150\,PTPRS  GAP43,1
0.0828897592674881\,2\,7\,18.2141732283465\,GO:1902231 positive regulation of intrinsic apoptotic signaling pathway in response to DNA damage\,http://amigo.geneontology.org/amigo/term/GO:1902231\,RPS3  RPL26,1
0.0828897592674881\,3\,35\,8.5378937007874\,GO:1902253 regulation of intrinsic apoptotic signaling pathway by p53 class mediator\,http://amigo.geneontology.org/amigo/term/GO:1902253\,RPL11  RPL26  RPS7,1
0.0828897592674881\,3\,46\,8.5378937007874\,GO:1903170 negative regulation of calcium ion transmembrane transport\,http://amigo.geneontology.org/amigo/term/GO:1903170\,CALM2  CALM1  CALM3,1
0.0828897592674881\,2\,10\,18.2141732283465\,GO:1904181 positive regulation of membrane depolarization\,http://amigo.geneontology.org/amigo/term/GO:1904181\,MLLT11  RACK1,1
0.096413749000733\,4\,356\,5.51944643283226\,GO:0042742 defense response to bacterium\,http://amigo.geneontology.org/amigo/term/GO:0042742\,RPS19  FAU  RPL30  RPL39,1
0.096413749000733\,4\,133\,5.51944643283226\,GO:0051209 release of sequestered calcium ion into cytosol\,http://amigo.geneontology.org/amigo/term/GO:0051209\,CALM2  CALM3  CALM1  DDIT3,1
0.0969603395198244\,3\,44\,8.03566465956461\,GO:0070296 sarcoplasmic reticulum calcium ion transport\,http://amigo.geneontology.org/amigo/term/GO:0070296\,CALM2  CALM3  CALM1,1
0.0993529161350334\,14\,601\,2.12498687664042\,GO:0010608 post-transcriptional regulation of gene expression\,http://amigo.geneontology.org/amigo/term/GO:0010608\,RPL13A  RPS9  IGFBP5  RPL5  RPS3  RPL22  RPL10  RPS14  RPL38  RACK1  SOX4  RPL26  RPS4X  EIF3E,1
0.101659696050908\,44\,3630\,1.41594279513647\,GO:0044085 cellular component biogenesis\,http://amigo.geneontology.org/amigo/term/GO:0044085\,RPS5  RPL6  RPLP0  RPL3  RPS16  RPS19  PTGES3  RPS15  RPL5  RPL35  RPS8  RPL10  RPL7  RPL7A  RPL26  RPS14  RPSA  RPS21  RPS7  RPL38  RPS27  RPL35A  NAP1L1  RPL14  RPL23A  RPL10A  RPS28  EIF3E  EIF3F  RTN4  RPL13A  GAP43  RACK1  PTPRS  RPL24  RPS6  RPS3  RPS25  RPL27  RPS24  RPL11  CTNNB1  RPS17  RPS23,1
0.103056631025036\,4\,134\,5.35710977304308\,GO:0051283 negative regulation of sequestering of calcium ion\,http://amigo.geneontology.org/amigo/term/GO:0051283\,CALM2  CALM3  CALM1  DDIT3,1
0.103056631025036\,11\,867\,2.38518935133108\,GO:0055082 cellular chemical homeostasis\,http://amigo.geneontology.org/amigo/term/GO:0055082\,FTL  CALM2  CALM3  TPT1  CALM1  RACK1  RTN4  SOX4  GNG3  DDIT3  TRA2B,1
0.103056631025036\,4\,64\,5.35710977304308\,GO:2000059 negative regulation of ubiquitin-dependent protein catabolic process\,http://amigo.geneontology.org/amigo/term/GO:2000059\,RPL5  RPL23  RPS7  RPL11,1
0.104664455408136\,14\,1241\,2.10394740261428\,GO:0048878 chemical homeostasis\,http://amigo.geneontology.org/amigo/term/GO:0048878\,FTL  CALM2  CALM3  TPT1  CALM1  RACK1  RTN4  IGFBP5  FABP3  SOX4  RPS6  GNG3  DDIT3  TRA2B,1
0.105802580553849\,2\,28\,15.1784776902887\,GO:0003171 atrioventricular valve development\,http://amigo.geneontology.org/amigo/term/GO:0003171\,SOX4  OLFM1,1
0.105802580553849\,2\,25\,15.1784776902887\,GO:0003181 atrioventricular valve morphogenesis\,http://amigo.geneontology.org/amigo/term/GO:0003181\,SOX4  OLFM1,1
0.105802580553849\,2\,61\,15.1784776902887\,GO:0031640 killing of cells of another organism\,http://amigo.geneontology.org/amigo/term/GO:0031640\,RPS19  RPL30,1
0.105802580553849\,2\,15\,15.1784776902887\,GO:0048820 hair follicle maturation\,http://amigo.geneontology.org/amigo/term/GO:0048820\,GAL  CTNNB1,1
0.105802580553849\,2\,114\,15.1784776902887\,GO:0050829 defense response to Gram-negative bacterium\,http://amigo.geneontology.org/amigo/term/GO:0050829\,RPS19  RPL30,1
0.105802580553849\,3\,76\,7.58923884514436\,GO:0051926 negative regulation of calcium ion transport\,http://amigo.geneontology.org/amigo/term/GO:0051926\,CALM2  CALM1  CALM3,1
0.105802580553849\,3\,46\,7.58923884514436\,GO:1901021 positive regulation of calcium ion transmembrane transporter activity\,http://amigo.geneontology.org/amigo/term/GO:1901021\,CALM3  CALM2  CALM1,1
0.105802580553849\,2\,21\,15.1784776902887\,GO:1901386 negative regulation of voltage-gated calcium channel activity\,http://amigo.geneontology.org/amigo/term/GO:1901386\,CALM3  CALM1,1
0.105802580553849\,2\,30\,15.1784776902887\,GO:1901863 positive regulation of muscle tissue development\,http://amigo.geneontology.org/amigo/term/GO:1901863\,CTNNB1  NACA,1
0.117010626682759\,4\,136\,5.05949256342957\,GO:0051282 regulation of sequestering of calcium ion\,http://amigo.geneontology.org/amigo/term/GO:0051282\,CALM2  CALM3  CALM1  DDIT3,1
0.117010626682759\,4\,807\,5.05949256342957\,GO:0051606 detection of stimulus\,http://amigo.geneontology.org/amigo/term/GO:0051606\,CALM2  CALM3  CALM1  CTNNB1,1
0.118765632790043\,3\,41\,7.18980522171571\,GO:1902229 regulation of intrinsic apoptotic signaling pathway in response to DNA damage\,http://amigo.geneontology.org/amigo/term/GO:1902229\,TPT1  RPS3  RPL26,1
0.12621684776041\,9\,395\,2.56136811023622\,GO:2001233 regulation of apoptotic signaling pathway\,http://amigo.geneontology.org/amigo/term/GO:2001233\,RPS3  SLC25A6  DDIT3  RPL11  CTNNB1  TPT1  RPL26  RPS7  RACK1,1
0.129173291166017\,5\,342\,3.92546836817812\,GO:0007204 positive regulation of cytosolic calcium ion concentration\,http://amigo.geneontology.org/amigo/term/GO:0007204\,CALM2  CALM3  CALM1  GNG3  DDIT3,1
0.133762058879575\,18\,1645\,1.82141732283465\,GO:0009967 positive regulation of signal transduction\,http://amigo.geneontology.org/amigo/term/GO:0009967\,RPS3  DDIT3  S100A13  RPS20  RPS15  RPL37  RTN4  IGFBP5  SOX4  RPL11  TERF2IP  CTNNB1  SOX11  RPS12  RPL23  RPL26  RPS7  RACK1,1
0.133762058879575\,3\,83\,6.83031496062992\,GO:0031279 regulation of cyclase activity\,http://amigo.geneontology.org/amigo/term/GO:0031279\,CALM2  CALM3  CALM1,1
0.133762058879575\,16\,1222\,1.90724326998392\,GO:0044092 negative regulation of molecular function\,http://amigo.geneontology.org/amigo/term/GO:0044092\,DDIT3  COMMD6  RPL5  RPL23  CALM2  UCHL1  RPS7  TCEAL7  CALM1  RACK1  RPS20  RPS15  RPL37  CALM3  SOX11  RPL11,1
0.13483806567209\,5\,151\,3.85893500600561\,GO:0034101 erythrocyte homeostasis\,http://amigo.geneontology.org/amigo/term/GO:0034101\,RPS6  RPS19  RPS24  RPS14  RPS17,1
0.13483806567209\,2\,21\,13.0101237345332\,GO:0051882 mitochondrial depolarization\,http://amigo.geneontology.org/amigo/term/GO:0051882\,MLLT11  RACK1,1
0.13483806567209\,2\,33\,13.0101237345332\,GO:0060317 cardiac epithelial to mesenchymal transition\,http://amigo.geneontology.org/amigo/term/GO:0060317\,RTN4  OLFM1,1
0.13483806567209\,2\,13\,13.0101237345332\,GO:1901841 regulation of high voltage-gated calcium channel activity\,http://amigo.geneontology.org/amigo/term/GO:1901841\,CALM3  CALM1,1
0.13483806567209\,4\,80\,4.7932034811438\,GO:1903051 negative regulation of proteolysis involved in cellular protein catabolic process\,http://amigo.geneontology.org/amigo/term/GO:1903051\,RPL5  RPL23  RPS7  RPL11,1
0.135785218379471\,6\,185\,3.29171805331562\,GO:0051099 positive regulation of binding\,http://amigo.geneontology.org/amigo/term/GO:0051099\,CALM2  CALM3  CTNNB1  CALM1  RPL11  EIF3E,1
0.140068458971813\,5\,377\,3.79461942257218\,GO:0051480 regulation of cytosolic calcium ion concentration\,http://amigo.geneontology.org/amigo/term/GO:0051480\,CALM2  CALM3  CALM1  GNG3  DDIT3,1
0.141956755608033\,6\,161\,3.2525309336333\,GO:0045727 positive regulation of translation\,http://amigo.geneontology.org/amigo/term/GO:0045727\,RPS9  RPL5  SOX4  RPL26  RPS4X  EIF3E,1
0.141956755608033\,4\,140\,4.67030082778114\,GO:0051208 sequestering of calcium ion\,http://amigo.geneontology.org/amigo/term/GO:0051208\,CALM2  CALM3  CALM1  DDIT3,1
0.143538513801582\,3\,49\,6.50506186726659\,GO:0035307 positive regulation of protein dephosphorylation\,http://amigo.geneontology.org/amigo/term/GO:0035307\,CALM2  CALM3  CALM1,1
0.143538513801582\,3\,63\,6.50506186726659\,GO:0086065 cell communication involved in cardiac conduction\,http://amigo.geneontology.org/amigo/term/GO:0086065\,CALM2  CALM3  CALM1,1
0.144491891971187\,9\,386\,2.46878853998672\,GO:0051098 regulation of binding\,http://amigo.geneontology.org/amigo/term/GO:0051098\,DDIT3  RACK1  CALM2  CALM3  CTNNB1  SOX11  CALM1  RPL11  EIF3E,1
0.149933474029871\,4\,117\,4.55354330708661\,GO:0032414 positive regulation of ion transmembrane transporter activity\,http://amigo.geneontology.org/amigo/term/GO:0032414\,CALM3  GAL  CALM2  CALM1,1
0.149933474029871\,4\,173\,4.55354330708661\,GO:0097553 calcium ion transmembrane import into cytosol\,http://amigo.geneontology.org/amigo/term/GO:0097553\,CALM2  CALM3  CALM1  DDIT3,1
0.149933474029871\,4\,86\,4.55354330708661\,GO:1903363 negative regulation of cellular protein catabolic process\,http://amigo.geneontology.org/amigo/term/GO:1903363\,RPL5  RPL23  RPS7  RPL11,1
0.153467219671641\,19\,1916\,1.74430086360173\,GO:0042592 homeostatic process\,http://amigo.geneontology.org/amigo/term/GO:0042592\,FTL  CALM2  CALM3  TPT1  CALM1  DDIT3  RACK1  RTN4  IGFBP5  FABP3  SOX4  RPS6  GNG3  CTNNB1  RPS19  TRA2B  RPS24  RPS14  RPS17,1
0.157003019795716\,20\,1594\,1.70864664431017\,GO:0042981 regulation of apoptotic process\,http://amigo.geneontology.org/amigo/term/GO:0042981\,RPS3  SLC25A6  DDIT3  PTMA  OLFM1  RPS6  SON  CTNNB1  RACK1  GAL  RPL11  SOX4  TPT1  RPS3A  RPL10  RPL26  RPS7  MLLT11  NACA  RTN4,1
0.159712665831608\,4\,200\,4.44248127520645\,GO:0030324 lung development\,http://amigo.geneontology.org/amigo/term/GO:0030324\,PTGES3  IGFBP5  CTNNB1  SOX11,1
0.159712665831608\,7\,247\,2.79603536400055\,GO:0050821 protein stabilization\,http://amigo.geneontology.org/amigo/term/GO:0050821\,RTN4  SOX4  PTGES3  RPL5  RPL23  RPL11  RPS7,1
0.159712665831608\,2\,145\,11.3838582677165\,GO:0050830 defense response to Gram-positive bacterium\,http://amigo.geneontology.org/amigo/term/GO:0050830\,FAU  RPL39,1
0.159712665831608\,2\,20\,11.3838582677165\,GO:0061323 cell proliferation involved in heart morphogenesis\,http://amigo.geneontology.org/amigo/term/GO:0061323\,CTNNB1  NACA,1
0.159712665831608\,2\,22\,11.3838582677165\,GO:0098698 postsynaptic specialization assembly\,http://amigo.geneontology.org/amigo/term/GO:0098698\,PTPRS  GAP43,1
0.159712665831608\,2\,18\,11.3838582677165\,GO:1902430 negative regulation of amyloid-beta formation\,http://amigo.geneontology.org/amigo/term/GO:1902430\,RTN4  RTN1,1
0.159712665831608\,2\,19\,11.3838582677165\,GO:2000136 regulation of cell proliferation involved in heart morphogenesis\,http://amigo.geneontology.org/amigo/term/GO:2000136\,CTNNB1  NACA,1
0.161654031078582\,19\,1830\,1.72689267135021\,GO:0010647 positive regulation of cell communication\,http://amigo.geneontology.org/amigo/term/GO:0010647\,RPS3  DDIT3  S100A13  RPS20  GAL  RPS15  RPL37  RTN4  IGFBP5  SOX4  RPL11  TERF2IP  CTNNB1  SOX11  RPS12  RPL23  RPL26  RPS7  RACK1,1
0.16403346233885\,19\,1836\,1.72345264610848\,GO:0023056 positive regulation of signaling\,http://amigo.geneontology.org/amigo/term/GO:0023056\,RPS3  DDIT3  S100A13  RPS20  GAL  RPS15  RPL37  RTN4  IGFBP5  SOX4  RPL11  TERF2IP  CTNNB1  SOX11  RPS12  RPL23  RPL26  RPS7  RACK1,1
0.164571502831543\,3\,95\,5.93940431359124\,GO:0001942 hair follicle development\,http://amigo.geneontology.org/amigo/term/GO:0001942\,GAL  IGFBP5  CTNNB1,1
0.164571502831543\,3\,98\,5.93940431359124\,GO:0022404 molting cycle process\,http://amigo.geneontology.org/amigo/term/GO:0022404\,GAL  IGFBP5  CTNNB1,1
0.164571502831543\,3\,98\,5.93940431359124\,GO:0022405 hair cycle process\,http://amigo.geneontology.org/amigo/term/GO:0022405\,GAL  IGFBP5  CTNNB1,1
0.164571502831543\,4\,204\,4.33670791151106\,GO:0030323 respiratory tube development\,http://amigo.geneontology.org/amigo/term/GO:0030323\,PTGES3  IGFBP5  CTNNB1  SOX11,1
0.164571502831543\,3\,78\,5.93940431359124\,GO:0032413 negative regulation of ion transmembrane transporter activity\,http://amigo.geneontology.org/amigo/term/GO:0032413\,CALM2  CALM1  CALM3,1
0.164571502831543\,4\,189\,4.33670791151106\,GO:0060402 calcium ion transport into cytosol\,http://amigo.geneontology.org/amigo/term/GO:0060402\,CALM2  CALM3  CALM1  DDIT3,1
0.164571502831543\,3\,100\,5.93940431359124\,GO:0098773 skin epidermis development\,http://amigo.geneontology.org/amigo/term/GO:0098773\,GAL  IGFBP5  CTNNB1,1
0.167071806077206\,20\,1627\,1.68338015049413\,GO:0043067 regulation of programmed cell death\,http://amigo.geneontology.org/amigo/term/GO:0043067\,RPS3  SLC25A6  DDIT3  PTMA  OLFM1  RPS6  SON  CTNNB1  RACK1  GAL  RPL11  SOX4  TPT1  RPS3A  RPL10  RPL26  RPS7  MLLT11  NACA  RTN4,1
0.167071806077206\,5\,249\,3.50272562083586\,GO:0048762 mesenchymal cell differentiation\,http://amigo.geneontology.org/amigo/term/GO:0048762\,RTN4  RPS7  SOX11  CTNNB1  OLFM1,1
0.172418182387814\,4\,128\,4.23585423915034\,GO:0032411 positive regulation of transporter activity\,http://amigo.geneontology.org/amigo/term/GO:0032411\,CALM3  GAL  CALM2  CALM1,1
0.17504252836993\,5\,198\,3.44965402052016\,GO:0002262 myeloid cell homeostasis\,http://amigo.geneontology.org/amigo/term/GO:0002262\,RPS6  RPS19  RPS24  RPS14  RPS17,1
0.17504252836993\,5\,374\,3.44965402052016\,GO:0046651 lymphocyte proliferation\,http://amigo.geneontology.org/amigo/term/GO:0046651\,GAL  RPS6  CTNNB1  RPS3  SOX11,1
0.178794799601618\,3\,66\,5.69192913385827\,GO:0035306 positive regulation of dephosphorylation\,http://amigo.geneontology.org/amigo/term/GO:0035306\,CALM2  CALM3  CALM1,1
0.178794799601618\,3\,78\,5.69192913385827\,GO:0055117 regulation of cardiac muscle contraction\,http://amigo.geneontology.org/amigo/term/GO:0055117\,CALM2  CALM3  CALM1,1
0.180954780271206\,2\,22\,10.1189851268591\,GO:0002089 lens morphogenesis in camera-type eye\,http://amigo.geneontology.org/amigo/term/GO:0002089\,CTNNB1  SOX11,1
0.180954780271206\,5\,378\,3.39816664707956\,GO:0032943 mononuclear cell proliferation\,http://amigo.geneontology.org/amigo/term/GO:0032943\,GAL  RPS6  CTNNB1  RPS3  SOX11,1
0.180954780271206\,6\,193\,2.96970215679562\,GO:0034250 positive regulation of cellular amide metabolic process\,http://amigo.geneontology.org/amigo/term/GO:0034250\,RPS9  RPL5  SOX4  RPL26  RPS4X  EIF3E,1
0.180954780271206\,2\,51\,10.1189851268591\,GO:0048546 digestive tract morphogenesis\,http://amigo.geneontology.org/amigo/term/GO:0048546\,CTNNB1  SOX11,1
0.180954780271206\,2\,37\,10.1189851268591\,GO:0051385 response to mineralocorticoid\,http://amigo.geneontology.org/amigo/term/GO:0051385\,RPL27  CALM3,1
0.180954780271206\,2\,20\,10.1189851268591\,GO:2000678 negative regulation of transcription regulatory region DNA binding\,http://amigo.geneontology.org/amigo/term/GO:2000678\,DDIT3  SOX11,1
0.184411560573148\,1\,10\,45.5354330708661\,GO:0001840 neural plate development\,http://amigo.geneontology.org/amigo/term/GO:0001840\,CTNNB1,1
0.184411560573148\,3\,107\,5.25408843125378\,GO:0002027 regulation of heart rate\,http://amigo.geneontology.org/amigo/term/GO:0002027\,CALM2  CALM3  CALM1,1
0.184411560573148\,1\,12\,45.5354330708661\,GO:0003337 mesenchymal to epithelial transition involved in metanephros morphogenesis\,http://amigo.geneontology.org/amigo/term/GO:0003337\,CTNNB1,1
0.184411560573148\,1\,7\,45.5354330708661\,GO:0003339 regulation of mesenchymal to epithelial transition involved in metanephros morphogenesis\,http://amigo.geneontology.org/amigo/term/GO:0003339\,CTNNB1,1
0.184411560573148\,6\,489\,2.87592208868628\,GO:0006874 cellular calcium ion homeostasis\,http://amigo.geneontology.org/amigo/term/GO:0006874\,CALM2  CALM3  TPT1  CALM1  GNG3  DDIT3,1
0.184411560573148\,3\,98\,5.05949256342957\,GO:0006942 regulation of striated muscle contraction\,http://amigo.geneontology.org/amigo/term/GO:0006942\,CALM2  CALM3  CALM1,1
0.184411560573148\,1\,3\,45.5354330708661\,GO:0010909 positive regulation of heparan sulfate proteoglycan biosynthetic process\,http://amigo.geneontology.org/amigo/term/GO:0010909\,CTNNB1,1
0.184411560573148\,21\,1810\,1.62075270252235\,GO:0010941 regulation of cell death\,http://amigo.geneontology.org/amigo/term/GO:0010941\,RPS3  SLC25A6  DDIT3  PTMA  OLFM1  RPS6  SON  CTNNB1  RACK1  GAL  SOX4  RPL11  SOX11  TPT1  RPS3A  RPL10  RPL26  RPS7  MLLT11  NACA  RTN4,1
0.184411560573148\,1\,3\,45.5354330708661\,GO:0014734 skeletal muscle hypertrophy\,http://amigo.geneontology.org/amigo/term/GO:0014734\,IGFBP5,1
0.184411560573148\,4\,102\,4.04759405074366\,GO:0030901 midbrain development\,http://amigo.geneontology.org/amigo/term/GO:0030901\,CALM2  CALM3  CALM1  CTNNB1,1
0.184411560573148\,1\,3\,45.5354330708661\,GO:0030997 regulation of centriole-centriole cohesion\,http://amigo.geneontology.org/amigo/term/GO:0030997\,CTNNB1,1
0.184411560573148\,3\,109\,5.05949256342957\,GO:0032088 negative regulation of NF-kappaB transcription factor activity\,http://amigo.geneontology.org/amigo/term/GO:0032088\,COMMD6  DDIT3  TCEAL7,1
0.184411560573148\,1\,11\,45.5354330708661\,GO:0032610 interleukin-1 alpha production\,http://amigo.geneontology.org/amigo/term/GO:0032610\,S100A13,1
0.184411560573148\,1\,11\,45.5354330708661\,GO:0032650 regulation of interleukin-1 alpha production\,http://amigo.geneontology.org/amigo/term/GO:0032650\,S100A13,1
0.184411560573148\,1\,9\,45.5354330708661\,GO:0032687 negative regulation of interferon-alpha production\,http://amigo.geneontology.org/amigo/term/GO:0032687\, PTPRS,1
0.184411560573148\,1\,9\,45.5354330708661\,GO:0032730 positive regulation of interleukin-1 alpha production\,http://amigo.geneontology.org/amigo/term/GO:0032730\,S100A13,1
0.184411560573148\,4\,308\,3.87535600603116\,GO:0032944 regulation of mononuclear cell proliferation\,http://amigo.geneontology.org/amigo/term/GO:0032944\,GAL  CTNNB1  RPS3  SOX11,1
0.184411560573148\,5\,253\,3.16218285214348\,GO:0033500 carbohydrate homeostasis\,http://amigo.geneontology.org/amigo/term/GO:0033500\,RACK1  IGFBP5  SOX4  RPS6  TRA2B,1
0.184411560573148\,1\,7\,45.5354330708661\,GO:0034164 negative regulation of toll-like receptor 9 signaling pathway\,http://amigo.geneontology.org/amigo/term/GO:0034164\, PTPRS,1
0.184411560573148\,7\,216\,2.57054864109728\,GO:0034249 negative regulation of cellular amide metabolic process\,http://amigo.geneontology.org/amigo/term/GO:0034249\,RPL13A  RTN4  IGFBP5  RTN1  RPS3  RACK1  EIF3E,1
0.184411560573148\,1\,5\,45.5354330708661\,GO:0035905 ascending aorta development\,http://amigo.geneontology.org/amigo/term/GO:0035905\,SOX4,1
0.184411560573148\,1\,4\,45.5354330708661\,GO:0035910 ascending aorta morphogenesis\,http://amigo.geneontology.org/amigo/term/GO:0035910\,SOX4,1
0.184411560573148\,1\,5\,45.5354330708661\,GO:0036022 limb joint morphogenesis\,http://amigo.geneontology.org/amigo/term/GO:0036022\,CTNNB1,1
0.184411560573148\,1\,3\,45.5354330708661\,GO:0036023 embryonic skeletal limb joint morphogenesis\,http://amigo.geneontology.org/amigo/term/GO:0036023\,CTNNB1,1
0.184411560573148\,3\,121\,5.46425196850394\,GO:0042303 molting cycle\,http://amigo.geneontology.org/amigo/term/GO:0042303\,GAL  IGFBP5  CTNNB1,1
0.184411560573148\,1\,13\,45.5354330708661\,GO:0042492 gamma-delta T cell differentiation\,http://amigo.geneontology.org/amigo/term/GO:0042492\,SOX4,1
0.184411560573148\,5\,252\,3.20672063879339\,GO:0042593 glucose homeostasis\,http://amigo.geneontology.org/amigo/term/GO:0042593\,RACK1  IGFBP5  SOX4  RPS6  TRA2B,1
0.184411560573148\,3\,121\,5.46425196850394\,GO:0042633 hair cycle\,http://amigo.geneontology.org/amigo/term/GO:0042633\,GAL  IGFBP5  CTNNB1,1
0.184411560573148\,1\,4\,45.5354330708661\,GO:0042637 catagen\,http://amigo.geneontology.org/amigo/term/GO:0042637\, GAL,1
0.184411560573148\,1\,5\,45.5354330708661\,GO:0042640 anagen\,http://amigo.geneontology.org/amigo/term/GO:0042640\,CTNNB1,1
0.184411560573148\,1\,6\,45.5354330708661\,GO:0043569 negative regulation of insulin-like growth factor receptor signaling pathway\,http://amigo.geneontology.org/amigo/term/GO:0043569\,IGFBP5,1
0.184411560573148\,1\,9\,45.5354330708661\,GO:0045586 regulation of gamma-delta T cell differentiation\,http://amigo.geneontology.org/amigo/term/GO:0045586\,SOX4,1
0.184411560573148\,1\,7\,45.5354330708661\,GO:0045588 positive regulation of gamma-delta T cell differentiation\,http://amigo.geneontology.org/amigo/term/GO:0045588\,SOX4,1
0.184411560573148\,1\,12\,45.5354330708661\,GO:0046643 regulation of gamma-delta T cell activation\,http://amigo.geneontology.org/amigo/term/GO:0046643\,SOX4,1
0.184411560573148\,1\,10\,45.5354330708661\,GO:0046645 positive regulation of gamma-delta T cell activation\,http://amigo.geneontology.org/amigo/term/GO:0046645\,SOX4,1
0.184411560573148\,1\,9\,45.5354330708661\,GO:0048318 axial mesoderm development\,http://amigo.geneontology.org/amigo/term/GO:0048318\,RPL38,1
0.184411560573148\,1\,9\,45.5354330708661\,GO:0048631 regulation of skeletal muscle tissue growth\,http://amigo.geneontology.org/amigo/term/GO:0048631\, NACA,1
0.184411560573148\,1\,7\,45.5354330708661\,GO:0048633 positive regulation of skeletal muscle tissue growth\,http://amigo.geneontology.org/amigo/term/GO:0048633\, NACA,1
0.184411560573148\,1\,5\,45.5354330708661\,GO:0048818 positive regulation of hair follicle maturation\,http://amigo.geneontology.org/amigo/term/GO:0048818\, GAL,1
0.184411560573148\,4\,304\,4.04759405074366\,GO:0050670 regulation of lymphocyte proliferation\,http://amigo.geneontology.org/amigo/term/GO:0050670\,GAL  CTNNB1  RPS3  SOX11,1
0.184411560573148\,4\,153\,3.79461942257218\,GO:0050768 negative regulation of neurogenesis\,http://amigo.geneontology.org/amigo/term/GO:0050768\,RTN4  PTPRS  CTNNB1  SOX11,1
0.184411560573148\,3\,96\,5.05949256342957\,GO:0050848 regulation of calcium-mediated signaling\,http://amigo.geneontology.org/amigo/term/GO:0050848\,CALM2  CALM3  CALM1,1
0.184411560573148\,3\,86\,5.25408843125378\,GO:0051279 regulation of release of sequestered calcium ion into cytosol\,http://amigo.geneontology.org/amigo/term/GO:0051279\,CALM2  CALM3  CALM1,1
0.184411560573148\,1\,4\,45.5354330708661\,GO:0051464 positive regulation of cortisol secretion\,http://amigo.geneontology.org/amigo/term/GO:0051464\, GAL,1
0.184411560573148\,1\,4\,45.5354330708661\,GO:0051794 regulation of timing of catagen\,http://amigo.geneontology.org/amigo/term/GO:0051794\, GAL,1
0.184411560573148\,1\,3\,45.5354330708661\,GO:0051795 positive regulation of timing of catagen\,http://amigo.geneontology.org/amigo/term/GO:0051795\, GAL,1
0.184411560573148\,1\,5\,45.5354330708661\,GO:0051884 regulation of timing of anagen\,http://amigo.geneontology.org/amigo/term/GO:0051884\,CTNNB1,1
0.184411560573148\,4\,184\,3.71717820986662\,GO:0051896 regulation of protein kinase B signaling\,http://amigo.geneontology.org/amigo/term/GO:0051896\,IGFBP5  RTN4  DDIT3  RACK1,1
0.184411560573148\,6\,508\,2.84596456692913\,GO:0055074 calcium ion homeostasis\,http://amigo.geneontology.org/amigo/term/GO:0055074\,CALM2  CALM3  TPT1  CALM1  GNG3  DDIT3,1
0.184411560573148\,1\,9\,45.5354330708661\,GO:0060023 soft palate development\,http://amigo.geneontology.org/amigo/term/GO:0060023\,SOX11,1
0.184411560573148\,1\,6\,45.5354330708661\,GO:0060066 oviduct development\,http://amigo.geneontology.org/amigo/term/GO:0060066\,CTNNB1,1
0.184411560573148\,1\,3\,45.5354330708661\,GO:0060423 foregut regionalization\,http://amigo.geneontology.org/amigo/term/GO:0060423\,CTNNB1,1
0.184411560573148\,1\,3\,45.5354330708661\,GO:0060424 lung field specification\,http://amigo.geneontology.org/amigo/term/GO:0060424\,CTNNB1,1
0.184411560573148\,2\,57\,9.10708661417323\,GO:0060425 lung morphogenesis\,http://amigo.geneontology.org/amigo/term/GO:0060425\,CTNNB1  SOX11,1
0.184411560573148\,1\,4\,45.5354330708661\,GO:0060431 primary lung bud formation\,http://amigo.geneontology.org/amigo/term/GO:0060431\,CTNNB1,1
0.184411560573148\,1\,3\,45.5354330708661\,GO:0060492 lung induction\,http://amigo.geneontology.org/amigo/term/GO:0060492\,CTNNB1,1
0.184411560573148\,4\,225\,3.71717820986662\,GO:0060541 respiratory system development\,http://amigo.geneontology.org/amigo/term/GO:0060541\,PTGES3  IGFBP5  CTNNB1  SOX11,1
0.184411560573148\,1\,16\,45.5354330708661\,GO:0060572 morphogenesis of an epithelial bud\,http://amigo.geneontology.org/amigo/term/GO:0060572\,CTNNB1,1
0.184411560573148\,1\,3\,45.5354330708661\,GO:0060769 positive regulation of epithelial cell proliferation involved in prostate gland development\,http://amigo.geneontology.org/amigo/term/GO:0060769\,CTNNB1,1
0.184411560573148\,1\,12\,45.5354330708661\,GO:0061046 regulation of branching involved in lung morphogenesis\,http://amigo.geneontology.org/amigo/term/GO:0061046\,CTNNB1,1
0.184411560573148\,1\,13\,45.5354330708661\,GO:0061303 cornea development in camera-type eye\,http://amigo.geneontology.org/amigo/term/GO:0061303\,SOX11,1
0.184411560573148\,1\,4\,45.5354330708661\,GO:0061325 cell proliferation involved in outflow tract morphogenesis\,http://amigo.geneontology.org/amigo/term/GO:0061325\,CTNNB1,1
0.184411560573148\,1\,8\,45.5354330708661\,GO:0072033 renal vesicle formation\,http://amigo.geneontology.org/amigo/term/GO:0072033\,CTNNB1,1
0.184411560573148\,1\,19\,45.5354330708661\,GO:0072077 renal vesicle morphogenesis\,http://amigo.geneontology.org/amigo/term/GO:0072077\,CTNNB1,1
0.184411560573148\,1\,20\,45.5354330708661\,GO:0072087 renal vesicle development\,http://amigo.geneontology.org/amigo/term/GO:0072087\,CTNNB1,1
0.184411560573148\,1\,15\,45.5354330708661\,GO:0072283 metanephric renal vesicle morphogenesis\,http://amigo.geneontology.org/amigo/term/GO:0072283\,CTNNB1,1
0.184411560573148\,1\,4\,45.5354330708661\,GO:0090425 acinar cell differentiation\,http://amigo.geneontology.org/amigo/term/GO:0090425\,CTNNB1,1
0.184411560573148\,8\,317\,2.44485546689214\,GO:0097193 intrinsic apoptotic signaling pathway\,http://amigo.geneontology.org/amigo/term/GO:0097193\,DDIT3  MLLT11  RPL11  TPT1  RPS3  RPL26  RPS7  RACK1,1
0.184411560573148\,2\,31\,9.10708661417323\,GO:0099068 postsynapse assembly\,http://amigo.geneontology.org/amigo/term/GO:0099068\,PTPRS  GAP43,1
0.184411560573148\,1\,5\,45.5354330708661\,GO:1902730 positive regulation of proteoglycan biosynthetic process\,http://amigo.geneontology.org/amigo/term/GO:1902730\,CTNNB1,1
0.184411560573148\,4\,160\,3.95960287572749\,GO:1904064 positive regulation of cation transmembrane transport\,http://amigo.geneontology.org/amigo/term/GO:1904064\,CALM3  GAL  CALM2  CALM1,1
0.184411560573148\,3\,83\,5.25408843125378\,GO:1904427 positive regulation of calcium ion transmembrane transport\,http://amigo.geneontology.org/amigo/term/GO:1904427\,CALM3  CALM2  CALM1,1
0.184411560573148\,1\,8\,45.5354330708661\,GO:1904587 response to glycoprotein\,http://amigo.geneontology.org/amigo/term/GO:1904587\,RPLP0,1
0.184411560573148\,1\,6\,45.5354330708661\,GO:1904954 canonical Wnt signaling pathway involved in midbrain dopaminergic neuron differentiation\,http://amigo.geneontology.org/amigo/term/GO:1904954\,CTNNB1,1
0.184411560573148\,1\,8\,45.5354330708661\,GO:2000543 positive regulation of gastrulation\,http://amigo.geneontology.org/amigo/term/GO:2000543\,RACK1,1
0.184411560573148\,3\,52\,5.46425196850394\,GO:2000677 regulation of transcription regulatory region DNA binding\,http://amigo.geneontology.org/amigo/term/GO:2000677\,DDIT3  CTNNB1  SOX11,1
0.184411560573148\,1\,4\,45.5354330708661\,GO:2000697 negative regulation of epithelial cell differentiation involved in kidney development\,http://amigo.geneontology.org/amigo/term/GO:2000697\,CTNNB1,1
0.184411560573148\,1\,9\,45.5354330708661\,GO:2000833 positive regulation of steroid hormone secretion\,http://amigo.geneontology.org/amigo/term/GO:2000833\, GAL,1
0.184411560573148\,1\,7\,45.5354330708661\,GO:2000848 positive regulation of corticosteroid hormone secretion\,http://amigo.geneontology.org/amigo/term/GO:2000848\, GAL,1
0.184411560573148\,1\,4\,45.5354330708661\,GO:2000851 positive regulation of glucocorticoid secretion\,http://amigo.geneontology.org/amigo/term/GO:2000851\, GAL,1
0.184411560573148\,1\,3\,45.5354330708661\,GO:2001272 positive regulation of cysteine-type endopeptidase activity involved in execution phase of apoptosis\,http://amigo.geneontology.org/amigo/term/GO:2001272\,RPS3,1
0.188748111440668\,3\,86\,4.87879640044994\,GO:0032410 negative regulation of transporter activity\,http://amigo.geneontology.org/amigo/term/GO:0032410\,CALM2  CALM1  CALM3,1
0.188748111440668\,3\,130\,4.87879640044994\,GO:0045667 regulation of osteoblast differentiation\,http://amigo.geneontology.org/amigo/term/GO:0045667\,IGFBP5  CTNNB1  SOX11,1
0.188748111440668\,3\,99\,4.87879640044994\,GO:0060840 artery development\,http://amigo.geneontology.org/amigo/term/GO:0060840\,SOX4  DDIT3  RTN4,1
0.189580437376329\,2\,43\,8.27916964924839\,GO:0003254 regulation of membrane depolarization\,http://amigo.geneontology.org/amigo/term/GO:0003254\,MLLT11  RACK1,1
0.189580437376329\,2\,41\,8.27916964924839\,GO:0060412 ventricular septum morphogenesis\,http://amigo.geneontology.org/amigo/term/GO:0060412\,SOX4  SOX11,1
0.189580437376329\,2\,41\,8.27916964924839\,GO:0060563 neuroepithelial cell differentiation\,http://amigo.geneontology.org/amigo/term/GO:0060563\,SOX4  SOX11,1
0.189580437376329\,2\,21\,8.27916964924839\,GO:1902992 negative regulation of amyloid precursor protein catabolic process\,http://amigo.geneontology.org/amigo/term/GO:1902992\,RTN4  RTN1,1
0.191787163181385\,4\,158\,3.64283464566929\,GO:0051961 negative regulation of nervous system development\,http://amigo.geneontology.org/amigo/term/GO:0051961\,RTN4  PTPRS  CTNNB1  SOX11,1
0.19570825484421\,20\,2143\,1.58936939165327\,GO:0008283 cell population proliferation\,http://amigo.geneontology.org/amigo/term/GO:0008283\,S100A13  IGFBP5  RPS15A  CTNNB1  GAL  PTGES3  SOX4  RPS6  UCHL1  MARCKSL1  DDIT3  SOX11  NAP1L1  RTN4  RPL23  RPS3  RPS9  RPS4X  NACA  FABP3,1
0.198476421108857\,11\,967\,1.95660063976378\,GO:0019725 cellular homeostasis\,http://amigo.geneontology.org/amigo/term/GO:0019725\,FTL  CALM2  CALM3  TPT1  CALM1  DDIT3  RACK1  RTN4  SOX4  GNG3  TRA2B,1
1.32047276127689E-10\,57\,2254\,2.83211860764933\,GO:0006928 movement of cell or subcellular component\,http://amigo.geneontology.org/amigo/term/GO:0006928\,TMSB10  NRCAM  KLC1  APC  SEMA6D  KIF21A  VAV2  NFASC  GAP43  CNTN2  ROBO2  DCC  SRGAP3  RUFY3  DCX  NDRG4  FNBP1L  GPM6A  L1CAM  CRMP1  DPYSL2  TSPO  DPYSL3  ONECUT2  SLIRP  MAP1B  RERE  GFRA1  CXADR  NRG1  DPYSL5  CFAP298  MAPRE2  EMX2  CDH2  DDIT3  SRCIN1  MEOX2  ANK2  MAP4K4  RBFOX2  HSPB1  PTPRG  BICD1  DST  CACNA2D1  CLASP2  EVL  PRPF40A  NEFL  MAP2  LHX9  NCAM1  ADGRL3  CD24  RAB6A  NRXN1,2
1.40896392969176E-09\,66\,2618\,2.38161106082831\,GO:0007399 nervous system development\,http://amigo.geneontology.org/amigo/term/GO:0007399\,COX6B1  INA  BASP1  RUFY3  MAP4K4  DCX  MAP2  NRCAM  RBFOX2  NDRG4  STMN2  MAP1B  APC  NREP  SEMA6D  LHX9  ADGRL3  GPM6A  GFRA1  NRG1  NFASC  PBX3  EMX2  CDH2  MAP6  GAP43  CNTN2  ROBO2  GPRIN3  PBX1  DCC  SRCIN1  NRXN1  SYT1  CLASP2  YWHAZ  L1CAM  ATP2B1  CRMP1  DPYSL2  TSPO  DPYSL3  SPTBN1  PCDH17  ONECUT2  KIDINS220  TRA2B  TTLL7  RERE  PTPRG  ANK2  CPLX2  DPYSL5  LRRN3  NR2F1  SSTR2  ELAVL3  SLC5A3  NEFL  RTN1  YWHAG  DCTN1  SNW1  NCAM1  ANK3  EVL,2
2.44182658323771E-09\,43\,1169\,3.19984295754705\,GO:0048666 neuron development\,http://amigo.geneontology.org/amigo/term/GO:0048666\,RUFY3  MAP4K4  DCX  MAP2  NRCAM  STMN2  MAP1B  NREP  SEMA6D  GPM6A  NFASC  PBX3  CDH2  MAP6  GAP43  CNTN2  ROBO2  GPRIN3  PBX1  DCC  SRCIN1  NRXN1  SYT1  CLASP2  L1CAM  CRMP1  DPYSL2  TSPO  DPYSL3  ONECUT2  KIDINS220  RERE  PTPRG  GFRA1  DPYSL5  YWHAZ  NR2F1  NEFL  RBFOX2  NDRG4  LHX9  NCAM1  ANK3,2
3.26190961217652E-09\,48\,1992\,2.8868012858525\,GO:0040011 locomotion\,http://amigo.geneontology.org/amigo/term/GO:0040011\,TMSB10  NRCAM  APC  SEMA6D  VAV2  NFASC  GAP43  CNTN2  ROBO2  DCC  SRGAP3  RUFY3  DCX  NDRG4  GPM6A  L1CAM  CRMP1  DPYSL2  TSPO  DPYSL3  ONECUT2  SLIRP  RERE  GFRA1  CXADR  NRG1  DPYSL5  MAPRE2  EMX2  CDH2  DDIT3  SRCIN1  NEFL  MEOX2  MAP4K4  RBFOX2  HSPB1  PTPRG  DST  CLASP2  EVL  PRPF40A  LHX9  NCAM1  ADGRL3  CD24  MAP1B  NRXN1,2
3.85663288451859E-09\,47\,1449\,2.90232543234669\,GO:0030182 neuron differentiation\,http://amigo.geneontology.org/amigo/term/GO:0030182\,RUFY3  MAP4K4  DCX  MAP2  NRCAM  STMN2  MAP1B  NREP  SEMA6D  LHX9  GPM6A  NFASC  PBX3  EMX2  CDH2  MAP6  GAP43  CNTN2  ROBO2  GPRIN3  PBX1  DCC  SRCIN1  NRXN1  SYT1  CLASP2  L1CAM  CRMP1  DPYSL2  TSPO  DPYSL3  ONECUT2  KIDINS220  RERE  PTPRG  GFRA1  NRG1  DPYSL5  YWHAZ  NR2F1  NEFL  RTN1  RBFOX2  YWHAG  NDRG4  NCAM1  ANK3,2
5.25050704055573E-09\,48\,1522\,2.81856780091417\,GO:0048699 generation of neurons\,http://amigo.geneontology.org/amigo/term/GO:0048699\,RUFY3  MAP4K4  DCX  MAP2  NRCAM  STMN2  MAP1B  NREP  SEMA6D  LHX9  GPM6A  NFASC  PBX3  EMX2  CDH2  MAP6  GAP43  CNTN2  ROBO2  GPRIN3  PBX1  DCC  SRCIN1  NRXN1  SYT1  CLASP2  L1CAM  CRMP1  DPYSL2  TSPO  DPYSL3  ONECUT2  KIDINS220  RERE  PTPRG  GFRA1  NRG1  DPYSL5  YWHAZ  NR2F1  NEFL  RTN1  RBFOX2  YWHAG  NDRG4  NCAM1  ADGRL3  ANK3,2
8.90058070247015E-09\,39\,1001\,3.24625640730289\,GO:0031175 neuron projection development\,http://amigo.geneontology.org/amigo/term/GO:0031175\,RUFY3  MAP4K4  MAP2  NRCAM  STMN2  MAP1B  NREP  SEMA6D  GPM6A  NFASC  CDH2  MAP6  GAP43  CNTN2  ROBO2  GPRIN3  DCC  SRCIN1  NRXN1  SYT1  CLASP2  L1CAM  CRMP1  DCX  DPYSL2  TSPO  DPYSL3  KIDINS220  RERE  PTPRG  GFRA1  DPYSL5  NR2F1  NEFL  RBFOX2  NDRG4  LHX9  NCAM1  ANK3,2
2.25268752564413E-08\,82\,4617\,1.91765338856549\,GO:0048731 system development\,http://amigo.geneontology.org/amigo/term/GO:0048731\,COX6B1  INA  BASP1  RUFY3  MAP4K4  DCX  MAP2  NRCAM  RBFOX2  NDRG4  STMN2  MAP1B  APC  NREP  SEMA6D  LHX9  ADGRL3  GPM6A  GFRA1  NRG1  NFASC  PBX3  EMX2  CDH2  MAP6  GAP43  CNTN2  ROBO2  GPRIN3  PBX1  DCC  SRCIN1  NRXN1  SYT1  CLASP2  YWHAZ  PRELID1  L1CAM  GTF2I  THSD7A  ATP2B1  CRMP1  DPYSL2  TSPO  MEOX2  DPYSL3  SPTBN1  PCDH17  ONECUT2  KIDINS220  TRA2B  TTLL7  RERE  PTPRG  ANK2  CPLX2  CXADR  DPYSL5  VAV2  H3-3A  RAB26  LRRN3  DDIT3  NR2F1  SSTR2  ELAVL3  SLC5A3  NEFL  RTN1  POU2F2  HSPB1  CPE  GNG8  YWHAG  DCTN1  CD24  SNW1  NCAM1  ANK3  AKAP6  SORBS2  EVL,2
2.47580825073657E-08\,30\,647\,3.89109510668372\,GO:0048812 neuron projection morphogenesis\,http://amigo.geneontology.org/amigo/term/GO:0048812\,RUFY3  MAP4K4  NRCAM  MAP1B  SEMA6D  NFASC  CDH2  MAP6  GAP43  CNTN2  ROBO2  DCC  SRCIN1  NRXN1  SYT1  CLASP2  L1CAM  CRMP1  DCX  DPYSL2  KIDINS220  RERE  GPM6A  DPYSL5  NEFL  MAP2  RBFOX2  LHX9  NCAM1  ANK3,2
2.92827273764446E-08\,53\,2239\,2.47712407732296\,GO:0048468 cell development\,http://amigo.geneontology.org/amigo/term/GO:0048468\,RUFY3  MAP4K4  DCX  MAP2  NRCAM  STMN2  MAP1B  NREP  SEMA6D  GPM6A  NFASC  PBX3  CDH2  MAP6  GAP43  CNTN2  ROBO2  GPRIN3  PBX1  DCC  SRCIN1  NRXN1  SYT1  CLASP2  L1CAM  CRMP1  DPYSL2  TSPO  DPYSL3  ONECUT2  SLIRP  KIDINS220  RERE  PTPRG  GFRA1  CXADR  NRG1  DPYSL5  H3-3A  YWHAZ  NR2F1  NEFL  POU2F2  RBFOX2  PEF1  SNW1  NDRG4  LHX9  ANK2  NCAM1  ANK3  AKAP6  SORBS2,2
3.12891673996842E-08\,49\,1757\,2.59003008165019\,GO:0022008 neurogenesis\,http://amigo.geneontology.org/amigo/term/GO:0022008\,RUFY3  MAP4K4  DCX  MAP2  NRCAM  STMN2  MAP1B  NREP  SEMA6D  LHX9  GPM6A  NFASC  PBX3  EMX2  CDH2  MAP6  GAP43  CNTN2  ROBO2  GPRIN3  PBX1  DCC  SRCIN1  NRXN1  SYT1  CLASP2  L1CAM  CRMP1  DPYSL2  TSPO  DPYSL3  ONECUT2  KIDINS220  RERE  PTPRG  GFRA1  NRG1  DPYSL5  YWHAZ  NR2F1  NEFL  RTN1  RBFOX2  YWHAG  SNW1  NDRG4  NCAM1  ADGRL3  ANK3,2
3.12891673996842E-08\,31\,686\,3.708069522036\,GO:0032990 cell part morphogenesis\,http://amigo.geneontology.org/amigo/term/GO:0032990\,RUFY3  MAP4K4  NRCAM  SLIRP  MAP1B  SEMA6D  NFASC  CDH2  MAP6  GAP43  CNTN2  ROBO2  DCC  SRCIN1  NRXN1  SYT1  CLASP2  L1CAM  CRMP1  DCX  DPYSL2  KIDINS220  RERE  GPM6A  DPYSL5  NEFL  MAP2  RBFOX2  LHX9  NCAM1  ANK3,2
3.12891673996842E-08\,30\,662\,3.79953992770292\,GO:0120039 plasma membrane bounded cell projection morphogenesis\,http://amigo.geneontology.org/amigo/term/GO:0120039\,RUFY3  MAP4K4  NRCAM  MAP1B  SEMA6D  NFASC  CDH2  MAP6  GAP43  CNTN2  ROBO2  DCC  SRCIN1  NRXN1  SYT1  CLASP2  L1CAM  CRMP1  DCX  DPYSL2  KIDINS220  RERE  GPM6A  DPYSL5  NEFL  MAP2  RBFOX2  LHX9  NCAM1  ANK3,2
3.53584845502085E-08\,30\,667\,3.76997152359629\,GO:0048858 cell projection morphogenesis\,http://amigo.geneontology.org/amigo/term/GO:0048858\,RUFY3  MAP4K4  NRCAM  MAP1B  SEMA6D  NFASC  CDH2  MAP6  GAP43  CNTN2  ROBO2  DCC  SRCIN1  NRXN1  SYT1  CLASP2  L1CAM  CRMP1  DCX  DPYSL2  KIDINS220  RERE  GPM6A  DPYSL5  NEFL  MAP2  RBFOX2  LHX9  NCAM1  ANK3,2
3.9274613712819E-08\,32\,789\,3.53929746690135\,GO:0032989 cellular component morphogenesis\,http://amigo.geneontology.org/amigo/term/GO:0032989\,RUFY3  MAP4K4  NRCAM  SLIRP  MAP1B  SEMA6D  NFASC  CDH2  MAP6  GAP43  CNTN2  ROBO2  DCC  SRCIN1  NRXN1  SYT1  CLASP2  L1CAM  CRMP1  DCX  DPYSL2  KIDINS220  RERE  ANK2  GPM6A  DPYSL5  NEFL  MAP2  RBFOX2  LHX9  NCAM1  ANK3,2
6.2466364426027E-08\,46\,1563\,2.6340782122905\,GO:0120036 plasma membrane bounded cell projection organization\,http://amigo.geneontology.org/amigo/term/GO:0120036\,RUFY3  MAP4K4  DCX  MAP2  NRCAM  STMN2  MAP1B  NREP  SEMA6D  GPM6A  NFASC  CDH2  MAP6  GAP43  CNTN2  ROBO2  GPRIN3  DCC  SRCIN1  NRXN1  SYT1  FNBP1L  CLASP2  L1CAM  CRMP1  DPYSL2  TSPO  DPYSL3  ONECUT2  KIDINS220  RERE  PTPRG  GFRA1  DPYSL5  VAV2  NR2F1  NEFL  RBFOX2  APC  CFAP298  EVL  DCTN1  NDRG4  LHX9  NCAM1  ANK3,2
1.00249687028275E-07\,46\,1606\,2.59270525607652\,GO:0030030 cell projection organization\,http://amigo.geneontology.org/amigo/term/GO:0030030\,RUFY3  MAP4K4  DCX  MAP2  NRCAM  STMN2  MAP1B  NREP  SEMA6D  GPM6A  NFASC  CDH2  MAP6  GAP43  CNTN2  ROBO2  GPRIN3  DCC  SRCIN1  NRXN1  SYT1  FNBP1L  CLASP2  L1CAM  CRMP1  DPYSL2  TSPO  DPYSL3  ONECUT2  KIDINS220  RERE  PTPRG  GFRA1  DPYSL5  VAV2  NR2F1  NEFL  RBFOX2  APC  CFAP298  EVL  DCTN1  NDRG4  LHX9  NCAM1  ANK3,2
1.23251147122271E-07\,28\,739\,3.76787709497207\,GO:0034330 cell junction organization\,http://amigo.geneontology.org/amigo/term/GO:0034330\,NRG1  ADGRL3  DST  CDH2  SNCG  L1CAM  SRCIN1  NRXN1  YWHAZ  NRCAM  PCDH17  MAP1B  ANK2  INA  GPM6A  CXADR  NFASC  MAPRE2  GAP43  LRRN3  NEFL  CLASP2  CNTN2  DCTN1  MAP4K4  ANK3  ROBO2  APC,2
1.28867481039671E-07\,25\,501\,4.16186718884985\,GO:0061564 axon development\,http://amigo.geneontology.org/amigo/term/GO:0061564\,RUFY3  NRCAM  MAP1B  NREP  SEMA6D  NFASC  CDH2  MAP6  GAP43  CNTN2  ROBO2  DCC  CLASP2  L1CAM  CRMP1  DCX  DPYSL2  TSPO  DPYSL5  NEFL  MAP2  LHX9  NCAM1  ANK3  NRXN1,2
1.35658953693473E-07\,27\,585\,3.8583823602116\,GO:0048667 cell morphogenesis involved in neuron differentiation\,http://amigo.geneontology.org/amigo/term/GO:0048667\,RUFY3  NRCAM  MAP1B  SEMA6D  NFASC  CDH2  MAP6  GAP43  CNTN2  ROBO2  DCC  SRCIN1  CLASP2  L1CAM  CRMP1  DCX  DPYSL2  KIDINS220  RERE  DPYSL5  NEFL  MAP2  RBFOX2  LHX9  NCAM1  ANK3  NRXN1,2
3.18769227902656E-07\,23\,452\,4.29369974488972\,GO:0007409 axonogenesis\,http://amigo.geneontology.org/amigo/term/GO:0007409\,RUFY3  NRCAM  MAP1B  SEMA6D  NFASC  CDH2  MAP6  GAP43  CNTN2  ROBO2  DCC  CLASP2  L1CAM  CRMP1  DCX  DPYSL2  DPYSL5  NEFL  MAP2  LHX9  NCAM1  ANK3  NRXN1,2
5.8378193906237E-07\,28\,644\,3.49146912275404\,GO:0120035 regulation of plasma membrane bounded cell projection organization\,http://amigo.geneontology.org/amigo/term/GO:0120035\,RUFY3  SEMA6D  CDH2  MAP6  SRCIN1  NRXN1  STMN2  FNBP1L  GAP43  ROBO2  NRCAM  DPYSL2  DPYSL3  MAP1B  PTPRG  GPM6A  NR2F1  CNTN2  NEFL  CRMP1  APC  DPYSL5  EVL  MAP2  NDRG4  KIDINS220  L1CAM  DCC,2
7.90157431030276E-07\,28\,660\,3.43836693077299\,GO:0031344 regulation of cell projection organization\,http://amigo.geneontology.org/amigo/term/GO:0031344\,RUFY3  SEMA6D  CDH2  MAP6  SRCIN1  NRXN1  STMN2  FNBP1L  GAP43  ROBO2  NRCAM  DPYSL2  DPYSL3  MAP1B  PTPRG  GPM6A  NR2F1  CNTN2  NEFL  CRMP1  APC  DPYSL5  EVL  MAP2  NDRG4  KIDINS220  L1CAM  DCC,2
9.43731378827173E-07\,23\,444\,4.03701117318436\,GO:0010975 regulation of neuron projection development\,http://amigo.geneontology.org/amigo/term/GO:0010975\,RUFY3  SEMA6D  CDH2  MAP6  SRCIN1  NRXN1  STMN2  ROBO2  NRCAM  DPYSL2  DPYSL3  MAP1B  PTPRG  NR2F1  CNTN2  NEFL  CRMP1  DPYSL5  MAP2  NDRG4  KIDINS220  L1CAM  DCC,2
1.3956207361608E-06\,72\,4552\,1.8469566606467\,GO:0030154 cell differentiation\,http://amigo.geneontology.org/amigo/term/GO:0030154\,RSL1D1  RUFY3  MAP4K4  DCX  MAP2  NRCAM  STMN2  MAP1B  APC  NREP  SEMA6D  LHX9  GPM6A  NRG1  NFASC  PBX3  EMX2  CDH2  MAP6  GAP43  NR2F1  CNTN2  ROBO2  GPRIN3  PBX1  DCC  SRCIN1  NRXN1  SYT1  RBFOX2  CLASP2  PRELID1  L1CAM  THSD7A  CRMP1  DPYSL2  TSPO  DPYSL3  ONECUT2  SLIRP  GADD45G  KIDINS220  TTLL7  RERE  PTPRG  CPLX2  INA  GFRA1  CXADR  DPYSL5  H3-3A  YWHAZ  ZHX1  DDIT3  BASP1  ELAVL3  EBF2  PEG10  NEFL  RTN1  POU2F2  PEF1  YWHAG  CD24  SNW1  NDRG4  ANK2  NCAM1  ADGRL3  ANK3  AKAP6  SORBS2,2
1.3956207361608E-06\,21\,454\,4.29251820946185\,GO:0050808 synapse organization\,http://amigo.geneontology.org/amigo/term/GO:0050808\,NRG1  ADGRL3  CDH2  SNCG  L1CAM  SRCIN1  NRXN1  YWHAZ  NRCAM  PCDH17  MAP1B  INA  GPM6A  NFASC  GAP43  LRRN3  NEFL  CNTN2  DCTN1  ANK3  ROBO2,2
2.05202757482618E-06\,72\,4576\,1.82951883222202\,GO:0048869 cellular developmental process\,http://amigo.geneontology.org/amigo/term/GO:0048869\,RSL1D1  RUFY3  MAP4K4  DCX  MAP2  NRCAM  STMN2  SLIRP  MAP1B  APC  NREP  SEMA6D  LHX9  GPM6A  NRG1  NFASC  PBX3  EMX2  CDH2  MAP6  GAP43  NR2F1  CNTN2  ROBO2  GPRIN3  PBX1  DCC  SRCIN1  NRXN1  SYT1  RBFOX2  CLASP2  PRELID1  L1CAM  THSD7A  CRMP1  DPYSL2  TSPO  DPYSL3  ONECUT2  GADD45G  KIDINS220  TTLL7  RERE  PTPRG  ANK2  CPLX2  INA  GFRA1  CXADR  DPYSL5  H3-3A  YWHAZ  ZHX1  DDIT3  BASP1  ELAVL3  EBF2  PEG10  NEFL  RTN1  POU2F2  PEF1  YWHAG  CD24  SNW1  NDRG4  NCAM1  ADGRL3  ANK3  AKAP6  SORBS2,2
3.07014632200069E-06\,14\,245\,6.27979515828678\,GO:0007411 axon guidance\,http://amigo.geneontology.org/amigo/term/GO:0007411\,NRCAM  SEMA6D  NFASC  GAP43  CNTN2  ROBO2  DCC  L1CAM  CRMP1  DPYSL2  DPYSL5  LHX9  NCAM1  NRXN1,2
3.41106728585632E-06\,53\,2867\,2.10799598205686\,GO:0009653 anatomical structure morphogenesis\,http://amigo.geneontology.org/amigo/term/GO:0009653\,RUFY3  MAP4K4  NRCAM  SLIRP  MAP1B  SEMA6D  NFASC  PBX3  CDH2  MAP6  GAP43  CNTN2  ROBO2  PBX1  DCC  SRCIN1  NRXN1  SYT1  NRG1  CLASP2  L1CAM  GTF2I  THSD7A  CRMP1  DCX  DPYSL2  MEOX2  SPTBN1  ONECUT2  WDR74  KIDINS220  RERE  LHX9  ANK2  RPL7L1  GPM6A  DPYSL5  VAV2  YWHAZ  EMX2  NEFL  MAP2  RBFOX2  HSPB1  CPE  PEF1  PRPF40A  NDRG4  NCAM1  ANK3  BASP1  EVL  BICD1,2
3.41106728585632E-06\,36\,1602\,2.66054740932974\,GO:0016477 cell migration\,http://amigo.geneontology.org/amigo/term/GO:0016477\,TMSB10  APC  SEMA6D  VAV2  DCC  SRGAP3  RUFY3  DCX  NDRG4  GPM6A  L1CAM  TSPO  DPYSL3  ONECUT2  RERE  GFRA1  CXADR  NRG1  MAPRE2  EMX2  CDH2  DDIT3  CNTN2  SRCIN1  MEOX2  MAP4K4  RBFOX2  HSPB1  PTPRG  CLASP2  EVL  PRPF40A  ADGRL3  CD24  NRCAM  MAP1B,2
3.41106728585632E-06\,14\,246\,6.19377056707737\,GO:0097485 neuron projection guidance\,http://amigo.geneontology.org/amigo/term/GO:0097485\,NRCAM  SEMA6D  NFASC  GAP43  CNTN2  ROBO2  DCC  L1CAM  CRMP1  DPYSL2  DPYSL5  LHX9  NCAM1  NRXN1,2
3.4898051835339E-06\,38\,1806\,2.55677374301676\,GO:0048870 cell motility\,http://amigo.geneontology.org/amigo/term/GO:0048870\,TMSB10  APC  SEMA6D  VAV2  DCC  SRGAP3  RUFY3  DCX  NDRG4  GPM6A  L1CAM  TSPO  DPYSL3  ONECUT2  SLIRP  RERE  GFRA1  CXADR  NRG1  MAPRE2  EMX2  CDH2  DDIT3  CNTN2  SRCIN1  MEOX2  MAP4K4  RBFOX2  HSPB1  PTPRG  DST  CLASP2  EVL  PRPF40A  ADGRL3  CD24  NRCAM  MAP1B,2
3.4898051835339E-06\,38\,1806\,2.55677374301676\,GO:0051674 localization of cell\,http://amigo.geneontology.org/amigo/term/GO:0051674\,TMSB10  APC  SEMA6D  VAV2  DCC  SRGAP3  RUFY3  DCX  NDRG4  GPM6A  L1CAM  TSPO  DPYSL3  ONECUT2  SLIRP  RERE  GFRA1  CXADR  NRG1  MAPRE2  EMX2  CDH2  DDIT3  CNTN2  SRCIN1  MEOX2  MAP4K4  RBFOX2  HSPB1  PTPRG  DST  CLASP2  EVL  PRPF40A  ADGRL3  CD24  NRCAM  MAP1B,2
4.87703386410616E-06\,32\,1071\,2.82370180419452\,GO:0000902 cell morphogenesis\,http://amigo.geneontology.org/amigo/term/GO:0000902\,RUFY3  MAP4K4  NRCAM  MAP1B  SEMA6D  NFASC  CDH2  MAP6  GAP43  CNTN2  ROBO2  DCC  SRCIN1  NRXN1  SYT1  CLASP2  L1CAM  CRMP1  DCX  DPYSL2  KIDINS220  RERE  GPM6A  NRG1  DPYSL5  NEFL  MAP2  RBFOX2  PRPF40A  LHX9  NCAM1  ANK3,2
4.87703386410616E-06\,27\,753\,3.19411873043158\,GO:0000904 cell morphogenesis involved in differentiation\,http://amigo.geneontology.org/amigo/term/GO:0000904\,RUFY3  NRCAM  MAP1B  SEMA6D  NFASC  CDH2  MAP6  GAP43  CNTN2  ROBO2  DCC  SRCIN1  CLASP2  L1CAM  CRMP1  DCX  DPYSL2  KIDINS220  RERE  DPYSL5  NEFL  MAP2  RBFOX2  LHX9  NCAM1  ANK3  NRXN1,2
7.28899138373624E-05\,17\,672\,4.0075439383436\,GO:0006935 chemotaxis\,http://amigo.geneontology.org/amigo/term/GO:0006935\,NRCAM  SEMA6D  NFASC  GAP43  CNTN2  ROBO2  DCC  L1CAM  CRMP1  DPYSL2  NRG1  DPYSL5  HSPB1  CXADR  LHX9  NCAM1  NRXN1,2
8.21096919969579E-05\,11\,193\,6.23257865333725\,GO:0007416 synapse assembly\,http://amigo.geneontology.org/amigo/term/GO:0007416\,ADGRL3  CDH2  NRXN1  PCDH17  MAP1B  GPM6A  NRG1  GAP43  LRRN3  ROBO2  NRCAM,2
8.49944782591264E-05\,17\,676\,3.94988143563362\,GO:0042330 taxis\,http://amigo.geneontology.org/amigo/term/GO:0042330\,NRCAM  SEMA6D  NFASC  GAP43  CNTN2  ROBO2  DCC  L1CAM  CRMP1  DPYSL2  NRG1  DPYSL5  HSPB1  CXADR  LHX9  NCAM1  NRXN1,2
9.42994285288493E-05\,12\,190\,5.5364724660814\,GO:0031345 negative regulation of cell projection organization\,http://amigo.geneontology.org/amigo/term/GO:0031345\,SEMA6D  STMN2  DPYSL3  PTPRG  NR2F1  CRMP1  DPYSL5  EVL  RUFY3  MAP2  NRXN1  DCC,2
0.000136141595230395\,31\,1123\,2.472046348024\,GO:0007417 central nervous system development\,http://amigo.geneontology.org/amigo/term/GO:0007417\,COX6B1  INA  BASP1  NRCAM  NDRG4  ADGRL3  NFASC  PBX3  EMX2  CDH2  ROBO2  PBX1  SYT1  ATP2B1  DCX  MAP2  DPYSL2  SPTBN1  TRA2B  SEMA6D  RERE  PTPRG  NRG1  GAP43  SSTR2  CNTN2  DCC  NEFL  RBFOX2  DCTN1  NRXN1,2
0.000169361504983386\,16\,457\,3.94456053563052\,GO:0034329 cell junction assembly\,http://amigo.geneontology.org/amigo/term/GO:0034329\,ADGRL3  DST  CDH2  NRXN1  PCDH17  MAP1B  ANK2  GPM6A  NRG1  GAP43  LRRN3  CLASP2  MAP4K4  ROBO2  APC  NRCAM,2
0.000222499042839224\,26\,816\,2.68274224927267\,GO:0007420 brain development\,http://amigo.geneontology.org/amigo/term/GO:0007420\,COX6B1  INA  BASP1  NRCAM  NDRG4  ADGRL3  NFASC  PBX3  EMX2  CDH2  ROBO2  PBX1  SYT1  ATP2B1  DCX  DPYSL2  TRA2B  SEMA6D  RERE  PTPRG  NRG1  SSTR2  CNTN2  NEFL  RBFOX2  NRXN1,2
0.000235734227131262\,11\,158\,5.55089036312849\,GO:0050770 regulation of axonogenesis\,http://amigo.geneontology.org/amigo/term/GO:0050770\,RUFY3  SEMA6D  CDH2  MAP6  ROBO2  MAP1B  CNTN2  NEFL  MAP2  L1CAM  DCC,2
0.000276879369646647\,9\,293\,6.92059058260176\,GO:0098742 cell-cell adhesion via plasma-membrane adhesion molecules\,http://amigo.geneontology.org/amigo/term/GO:0098742\,NRG1  ADGRL3  CDH2  CNTN2  L1CAM  NRXN1  CXADR  ROBO2  PCDH17,2
0.000301033724175682\,14\,327\,4.22565655510886\,GO:0048638 regulation of developmental growth\,http://amigo.geneontology.org/amigo/term/GO:0048638\,SEMA6D  SYT1  NRG1  CLASP2  DPYSL2  MAP1B  CXADR  RUFY3  MAP2  AKAP6  BASP1  L1CAM  NRCAM  DCC,2
0.000302975212934034\,45\,3024\,1.95339250315372\,GO:0051239 regulation of multicellular organismal process\,http://amigo.geneontology.org/amigo/term/GO:0051239\,SEMA6D  MAP6  POU2F2  RBFOX2  NRG1  PRELID1  DDIT3  ROBO2  S100A13  GTF2I  ATP2B1  TSPO  HSPB1  PTGDS  HMGCR  MAP1B  CXADR  MAPRE2  PBX3  LRRN3  NRXN1  SSTR2  PBX1  SLC5A3  EBF2  NEFL  MEOX2  ANK2  SPTBN1  PTPRG  CACNA2D1  DPYSL5  CLASP2  EVL  CD24  RUFY3  MAP4K4  MAP2  SNW1  GADD45G  APC  AKAP6  BASP1  L1CAM  DCC,2
0.000436012888232333\,13\,229\,4.37342877094972\,GO:0048588 developmental cell growth\,http://amigo.geneontology.org/amigo/term/GO:0048588\,SEMA6D  SYT1  CLASP2  DCX  DPYSL2  MAP1B  RUFY3  MAP2  AKAP6  SORBS2  L1CAM  NRCAM  DCC,2
0.000488428753918602\,26\,865\,2.55227454110136\,GO:0060322 head development\,http://amigo.geneontology.org/amigo/term/GO:0060322\,COX6B1  INA  BASP1  NRCAM  NDRG4  ADGRL3  NFASC  PBX3  EMX2  CDH2  ROBO2  PBX1  SYT1  ATP2B1  DCX  DPYSL2  TRA2B  SEMA6D  RERE  PTPRG  NRG1  SSTR2  CNTN2  NEFL  RBFOX2  NRXN1,2
0.000950095727711139\,9\,113\,5.93193478508722\,GO:0061387 regulation of extent of cell growth\,http://amigo.geneontology.org/amigo/term/GO:0061387\,SEMA6D  CLASP2  DPYSL2  MAP1B  RUFY3  MAP2  L1CAM  NRCAM  DCC,2
0.000957222382084987\,17\,522\,3.2487190506099\,GO:0090066 regulation of anatomical structure size\,http://amigo.geneontology.org/amigo/term/GO:0090066\,TMSB10  SEMA6D  EVL  CLASP2  ATP2B1  DPYSL2  SPTBN1  MAP1B  CNTN2  SPTAN1  NEFL  VAV2  RUFY3  MAP2  L1CAM  NRCAM  DCC,2
0.00112504198393206\,16\,383\,3.35543785823115\,GO:0032535 regulation of cellular component size\,http://amigo.geneontology.org/amigo/term/GO:0032535\,TMSB10  SEMA6D  EVL  CLASP2  DPYSL2  SPTBN1  MAP1B  CNTN2  SPTAN1  NEFL  VAV2  RUFY3  MAP2  L1CAM  NRCAM  DCC,2
0.0012568166860149\,9\,140\,5.69930989155439\,GO:0010977 negative regulation of neuron projection development\,http://amigo.geneontology.org/amigo/term/GO:0010977\,SEMA6D  STMN2  DPYSL3  PTPRG  NR2F1  CRMP1  RUFY3  MAP2  DCC,2
0.00241027394351207\,8\,98\,6.00857476939067\,GO:0030516 regulation of axon extension\,http://amigo.geneontology.org/amigo/term/GO:0030516\,SEMA6D  CLASP2  DPYSL2  MAP1B  RUFY3  MAP2  L1CAM  NRCAM,2
0.00258980303444423\,19\,656\,2.77658687024444\,GO:0048589 developmental growth\,http://amigo.geneontology.org/amigo/term/GO:0048589\,SEMA6D  GAP43  SYT1  NRG1  CLASP2  DCX  DPYSL2  MAP1B  CXADR  H3-3A  RUFY3  MAP2  NDRG4  AKAP6  SORBS2  BASP1  L1CAM  NRCAM  DCC,2
0.00299395966211733\,9\,129\,5.09938253454866\,GO:0048675 axon extension\,http://amigo.geneontology.org/amigo/term/GO:0048675\,SEMA6D  CLASP2  DCX  DPYSL2  MAP1B  RUFY3  MAP2  L1CAM  NRCAM,2
0.00446929107036623\,10\,180\,4.36433640344255\,GO:1990138 neuron projection extension\,http://amigo.geneontology.org/amigo/term/GO:1990138\,SEMA6D  SYT1  CLASP2  DCX  DPYSL2  MAP1B  RUFY3  MAP2  L1CAM  NRCAM,2
0.00473602603139057\,5\,49\,10.0925279329609\,GO:0008038 neuron recognition\,http://amigo.geneontology.org/amigo/term/GO:0008038\,GAP43  CNTN2  YWHAZ  ROBO2  NRCAM,2
0.00473602603139057\,6\,81\,7.75106145251397\,GO:0060419 heart growth\,http://amigo.geneontology.org/amigo/term/GO:0060419\,NRG1  CXADR  NDRG4  AKAP6  SORBS2  BASP1,2
0.00512373214943438\,22\,745\,2.4085219202727\,GO:0051129 negative regulation of cellular component organization\,http://amigo.geneontology.org/amigo/term/GO:0051129\,TMSB10  APC  SEMA6D  STMN2  PRELID1  TSPO  DPYSL3  SPTBN1  MAP1B  PTPRG  H3-3A  NR2F1  SPTAN1  CRMP1  DPYSL5  CLASP2  EVL  RUFY3  MAP2  NRXN1  ROBO2  DCC,2
0.005744026253159\,11\,244\,3.8614889482633\,GO:0060560 developmental growth involved in morphogenesis\,http://amigo.geneontology.org/amigo/term/GO:0060560\,SEMA6D  SYT1  CLASP2  DCX  DPYSL2  MAP1B  RUFY3  MAP2  L1CAM  NRCAM  DCC,2
0.00597775847127242\,17\,522\,2.77289656339936\,GO:0016049 cell growth\,http://amigo.geneontology.org/amigo/term/GO:0016049\,SEMA6D  SYT1  NRG1  CLASP2  DCX  DPYSL2  MAP1B  EIF4G2  H3-3A  EXOSC4  RUFY3  MAP2  AKAP6  SORBS2  L1CAM  NRCAM  DCC,2
0.00648879919908229\,14\,470\,3.13989757914339\,GO:0051960 regulation of nervous system development\,http://amigo.geneontology.org/amigo/term/GO:0051960\,SEMA6D  MAP6  ROBO2  TSPO  MAP1B  LRRN3  NRXN1  NEFL  DPYSL5  RUFY3  MAP2  SNW1  L1CAM  DCC,2
0.00696800263629716\,10\,191\,4.08811258043986\,GO:0008361 regulation of cell size\,http://amigo.geneontology.org/amigo/term/GO:0008361\,SEMA6D  CLASP2  DPYSL2  MAP1B  VAV2  RUFY3  MAP2  L1CAM  NRCAM  DCC,2
0.00738698674564504\,9\,180\,4.47176622260421\,GO:0030307 positive regulation of cell growth\,http://amigo.geneontology.org/amigo/term/GO:0030307\,SYT1  NRG1  MAP1B  EIF4G2  H3-3A  EXOSC4  RUFY3  AKAP6  L1CAM,2
0.00740801979337661\,49\,2509\,1.64844622905028\,GO:0051128 regulation of cellular component organization\,http://amigo.geneontology.org/amigo/term/GO:0051128\,RUFY3  TMSB10  STMN2  MAP1B  APC  SEMA6D  BICD1  MAPRE2  CDH2  MAP6  EVL  MLLT11  SRCIN1  NRXN1  SYT1  FNBP1L  NRG1  CLASP2  YWHAZ  PRELID1  GAP43  ROBO2  DCTN1  NRCAM  DPYSL2  TSPO  DPYSL3  SPTBN1  PTPRG  GPM6A  H3-3A  LRRN3  NR2F1  CNTN2  SPTAN1  NEFL  CRMP1  EIF4G2  DPYSL5  EXOSC4  MAP4K4  MAP2  NDRG4  KIDINS220  AKAP6  RAB31  L1CAM  DOC2B  DCC,2
0.00800456111424417\,15\,453\,2.91832133001279\,GO:0001558 regulation of cell growth\,http://amigo.geneontology.org/amigo/term/GO:0001558\,SEMA6D  SYT1  NRG1  CLASP2  DPYSL2  MAP1B  EIF4G2  H3-3A  EXOSC4  RUFY3  MAP2  AKAP6  L1CAM  NRCAM  DCC,2
0.00945788566071694\,23\,1729\,2.23737968634314\,GO:0007155 cell adhesion\,http://amigo.geneontology.org/amigo/term/GO:0007155\,NRG1  HSPB1  NRCAM  PCDH17  ADGRL3  CXADR  NFASC  CDH2  CNTN2  ROBO2  DCC  L1CAM  NRXN1  CD24  ONECUT2  NCAM1  DST  RGMB  SRCIN1  CLASP2  MAP4K4  ANK3  APC,2
0.0097923658281869\,10\,274\,3.89109510668372\,GO:0045927 positive regulation of growth\,http://amigo.geneontology.org/amigo/term/GO:0045927\,SYT1  NRG1  MAP1B  EIF4G2  H3-3A  EXOSC4  RUFY3  AKAP6  BASP1  L1CAM,2
0.0102209461127824\,14\,357\,2.97463981182005\,GO:0031346 positive regulation of cell projection organization\,http://amigo.geneontology.org/amigo/term/GO:0031346\,MAP6  NRXN1  STMN2  FNBP1L  ROBO2  DPYSL3  MAP1B  GPM6A  NEFL  APC  RUFY3  NDRG4  KIDINS220  L1CAM,2
0.0102209461127824\,25\,1483\,2.13034890405507\,GO:2000026 regulation of multicellular organismal development\,http://amigo.geneontology.org/amigo/term/GO:2000026\,SEMA6D  MAP6  RBFOX2  NRG1  PRELID1  ROBO2  GTF2I  ATP2B1  TSPO  MAP1B  CXADR  LRRN3  NRXN1  NEFL  HSPB1  DPYSL5  CLASP2  CD24  RUFY3  MAP2  SNW1  AKAP6  BASP1  L1CAM  DCC,2
0.011781359529378\,3\,8\,19.3776536312849\,GO:0014012 peripheral nervous system axon regeneration\,http://amigo.geneontology.org/amigo/term/GO:0014012\,TSPO  MAP1B  NEFL,2
0.011781359529378\,3\,22\,19.3776536312849\,GO:0086012 membrane depolarization during cardiac muscle cell action potential\,http://amigo.geneontology.org/amigo/term/GO:0086012\,CACNA2D1  ANK3  ANK2,2
0.011781359529378\,3\,10\,19.3776536312849\,GO:1904181 positive regulation of membrane depolarization\,http://amigo.geneontology.org/amigo/term/GO:1904181\,MLLT11  TSPO  ANK3,2
0.0131334589717049\,18\,702\,2.47374301675978\,GO:0040008 regulation of growth\,http://amigo.geneontology.org/amigo/term/GO:0040008\,SEMA6D  SYT1  NRG1  CLASP2  DPYSL2  MAP1B  CXADR  GAP43  EIF4G2  H3-3A  EXOSC4  RUFY3  MAP2  AKAP6  BASP1  L1CAM  NRCAM  DCC,2
0.0139313536029842\,9\,226\,4.03701117318436\,GO:0050807 regulation of synapse organization\,http://amigo.geneontology.org/amigo/term/GO:0050807\,SRCIN1  YWHAZ  NRCAM  GPM6A  CDH2  LRRN3  NRXN1  DCTN1  ROBO2,2
0.014308808367132\,7\,170\,5.13801422041645\,GO:0035637 multicellular organismal signaling\,http://amigo.geneontology.org/amigo/term/GO:0035637\,NRCAM  CXADR  NFASC  ANK2  CACNA2D1  ANK3  ATP2B1,2
0.0153982324315803\,10\,292\,3.6287740882556\,GO:0051962 positive regulation of nervous system development\,http://amigo.geneontology.org/amigo/term/GO:0051962\,MAP6  ROBO2  TSPO  MAP1B  LRRN3  NRXN1  NEFL  RUFY3  SNW1  L1CAM,2
0.0164942333948412\,9\,179\,3.92790276309829\,GO:0001764 neuron migration\,http://amigo.geneontology.org/amigo/term/GO:0001764\,DCC  DCX  GPM6A  NRG1  EMX2  CNTN2  ADGRL3  NRCAM  MAP1B,2
0.0174580784517507\,6\,83\,5.87201625190452\,GO:0048678 response to axon injury\,http://amigo.geneontology.org/amigo/term/GO:0048678\,NREP  GAP43  TSPO  DPYSL3  MAP1B  NEFL,2
0.0193967415478698\,10\,315\,3.51044449842118\,GO:0021700 developmental maturation\,http://amigo.geneontology.org/amigo/term/GO:0021700\,NRXN1  NRCAM  YWHAZ  MAP1B  RERE  H3-3A  DDIT3  CNTN2  NEFL  POU2F2,2
0.0194355168253785\,4\,24\,9.9372582724538\,GO:0006123 mitochondrial electron transport cytochrome c to oxygen\,http://amigo.geneontology.org/amigo/term/GO:0006123\,COX7A2  COX6B1  COX6C  NDUFA4,2
0.020157362239299\,31\,1594\,1.83702526779765\,GO:0007010 cytoskeleton organization\,http://amigo.geneontology.org/amigo/term/GO:0007010\,THSD7A  TMSB10  DCX  MAP2  STMN2  NEFM  ARFGEF3  DPYSL3  SPTBN1  MAP1B  APC  TTLL7  INA  BICD1  DST  CLASP2  MAPRE2  MAP6  EVL  SPTAN1  DCTN1  NEFL  CXADR  CRMP1  DPYSL2  ANK2  ANK3  SORBS2  CNTN2  PRPF40A  RUFY3,2
0.020157362239299\,5\,172\,7.02088899684236\,GO:0007156 homophilic cell adhesion via plasma membrane adhesion molecules\,http://amigo.geneontology.org/amigo/term/GO:0007156\,CDH2  CNTN2  L1CAM  ROBO2  PCDH17,2
0.020157362239299\,5\,52\,7.02088899684236\,GO:0031103 axon regeneration\,http://amigo.geneontology.org/amigo/term/GO:0031103\,NREP  GAP43  TSPO  MAP1B  NEFL,2
0.020157362239299\,12\,386\,3.02775837988827\,GO:0050767 regulation of neurogenesis\,http://amigo.geneontology.org/amigo/term/GO:0050767\,SEMA6D  MAP6  ROBO2  TSPO  MAP1B  NEFL  DPYSL5  RUFY3  MAP2  SNW1  L1CAM  DCC,2
0.020157362239299\,9\,232\,3.77486759051005\,GO:0050803 regulation of synapse structure or activity\,http://amigo.geneontology.org/amigo/term/GO:0050803\,SRCIN1  YWHAZ  NRCAM  GPM6A  CDH2  LRRN3  NRXN1  DCTN1  ROBO2,2
0.020157362239299\,5\,83\,7.02088899684236\,GO:0051899 membrane depolarization\,http://amigo.geneontology.org/amigo/term/GO:0051899\,MLLT11  TSPO  CACNA2D1  ANK3  ANK2,2
0.020157362239299\,5\,72\,7.02088899684236\,GO:0055017 cardiac muscle tissue growth\,http://amigo.geneontology.org/amigo/term/GO:0055017\,NRG1  CXADR  NDRG4  AKAP6  SORBS2,2
0.0215728540128469\,6\,81\,5.5364724660814\,GO:0050772 positive regulation of axonogenesis\,http://amigo.geneontology.org/amigo/term/GO:0050772\,MAP6  ROBO2  MAP1B  NEFL  RUFY3  L1CAM,2
0.0225389939183594\,56\,4821\,1.49222855246418\,GO:0042221 response to chemical\,http://amigo.geneontology.org/amigo/term/GO:0042221\,SYT1  NRCAM  KIDINS220  NREP  SEMA6D  NFASC  GAP43  RGMB  SSTR2  CNTN2  ROBO2  DCC  RBFOX2  SNW1  STMN2  AKAP6  DDIT3  NRXN1  LCOR  L1CAM  PEG10  ATP2B1  CRMP1  DPYSL2  TSPO  HSPB1  PTGDS  CPEB4  ONECUT2  MAP1B  ANK2  INA  GFRA1  NRG1  DPYSL5  NSG1  YWHAG  EMX2  CYC1  NEFL  CD24  CACNA2D1  APC  TRA2B  ST18  CXADR  UBXN1  GNG8  RAB31  PEF1  DPYSL3  LHX9  NCAM1  ANK3  GNG2  VAV2,2
0.0235130227801518\,7\,168\,4.61372705506784\,GO:0048639 positive regulation of developmental growth\,http://amigo.geneontology.org/amigo/term/GO:0048639\,SYT1  NRG1  MAP1B  RUFY3  AKAP6  BASP1  L1CAM,2
0.0237503731642181\,5\,59\,6.72835195530726\,GO:0031102 neuron projection regeneration\,http://amigo.geneontology.org/amigo/term/GO:0031102\,NREP  GAP43  TSPO  MAP1B  NEFL,2
0.0238891652744339\,8\,146\,4.03701117318436\,GO:0048813 dendrite morphogenesis\,http://amigo.geneontology.org/amigo/term/GO:0048813\,MAP6  SRCIN1  DCX  KIDINS220  RERE  MAP2  RBFOX2  DPYSL5,2
0.0238891652744339\,6\,79\,5.38268156424581\,GO:1901880 negative regulation of protein depolymerization\,http://amigo.geneontology.org/amigo/term/GO:1901880\,APC  STMN2  SPTBN1  MAP1B  SPTAN1  CLASP2,2
0.0252503161748628\,49\,3774\,1.54240582835114\,GO:0048513 animal organ development\,http://amigo.geneontology.org/amigo/term/GO:0048513\,COX6B1  INA  BASP1  DCX  NRCAM  NDRG4  SEMA6D  ADGRL3  NRG1  NFASC  PBX3  EMX2  CDH2  ROBO2  PBX1  RBFOX2  PRELID1  SYT1  ATP2B1  DPYSL2  TSPO  MEOX2  ONECUT2  TRA2B  RERE  LHX9  PTPRG  GPM6A  GFRA1  CXADR  H3-3A  YWHAZ  SSTR2  CNTN2  DCC  EBF2  NEFL  POU2F2  CPE  ANK2  PEF1  CLASP2  GNG8  DCTN1  CD24  AKAP6  SORBS2  NRXN1  EVL,2
0.0252503161748628\,7\,158\,4.52145251396648\,GO:0051961 negative regulation of nervous system development\,http://amigo.geneontology.org/amigo/term/GO:0051961\,SEMA6D  TSPO  DPYSL5  RUFY3  MAP2  ROBO2  DCC,2
0.0274835492501161\,2\,4\,32.2960893854749\,GO:0021942 radial glia guided migration of Purkinje cell\,http://amigo.geneontology.org/amigo/term/GO:0021942\,RERE  RBFOX2,2
0.0274835492501161\,2\,5\,32.2960893854749\,GO:0031133 regulation of axon diameter\,http://amigo.geneontology.org/amigo/term/GO:0031133\,CNTN2  NEFL,2
0.0274835492501161\,2\,8\,32.2960893854749\,GO:0033564 anterior/posterior axon guidance\,http://amigo.geneontology.org/amigo/term/GO:0033564\,DCC  LHX9,2
0.0274835492501161\,26\,1118\,1.90840528186897\,GO:0051130 positive regulation of cellular component organization\,http://amigo.geneontology.org/amigo/term/GO:0051130\,BICD1  MAP6  EVL  MLLT11  NRXN1  STMN2  FNBP1L  NRG1  ROBO2  DCTN1  SYT1  DPYSL3  MAP1B  GPM6A  MAPRE2  LRRN3  NEFL  APC  CLASP2  RUFY3  MAP4K4  NDRG4  KIDINS220  RAB31  L1CAM  DOC2B,2
0.0274835492501161\,3\,32\,13.8411811652035\,GO:0060421 positive regulation of heart growth\,http://amigo.geneontology.org/amigo/term/GO:0060421\,NRG1  AKAP6  BASP1,2
0.0274835492501161\,2\,22\,32.2960893854749\,GO:0061318 renal filtration cell differentiation\,http://amigo.geneontology.org/amigo/term/GO:0061318\,BASP1  CD24,2
0.0274835492501161\,2\,26\,32.2960893854749\,GO:0072010 glomerular epithelium development\,http://amigo.geneontology.org/amigo/term/GO:0072010\,BASP1  CD24,2
0.0274835492501161\,2\,22\,32.2960893854749\,GO:0072112 glomerular visceral epithelial cell differentiation\,http://amigo.geneontology.org/amigo/term/GO:0072112\,BASP1  CD24,2
0.0274835492501161\,2\,23\,32.2960893854749\,GO:0072311 glomerular epithelial cell differentiation\,http://amigo.geneontology.org/amigo/term/GO:0072311\,BASP1  CD24,2
0.0274835492501161\,3\,37\,13.8411811652035\,GO:0086019 cell-cell signaling involved in cardiac conduction\,http://amigo.geneontology.org/amigo/term/GO:0086019\,CXADR  ANK2  CACNA2D1,2
0.0274835492501161\,3\,19\,13.8411811652035\,GO:0098814 spontaneous synaptic transmission\,http://amigo.geneontology.org/amigo/term/GO:0098814\,SYT1  NSG1  DOC2B,2
0.0279959792591045\,6\,95\,5.09938253454866\,GO:0043242 negative regulation of protein-containing complex disassembly\,http://amigo.geneontology.org/amigo/term/GO:0043242\,APC  STMN2  SPTBN1  MAP1B  SPTAN1  CLASP2,2
0.0287747798742513\,15\,1104\,2.47163949378634\,GO:0098609 cell-cell adhesion\,http://amigo.geneontology.org/amigo/term/GO:0098609\,NRG1  HSPB1  NRCAM  ADGRL3  CXADR  NFASC  CDH2  CNTN2  ROBO2  DCC  L1CAM  NRXN1  CD24  PCDH17  ANK3,2
0.0295577001509545\,10\,252\,3.19763261242325\,GO:0016358 dendrite development\,http://amigo.geneontology.org/amigo/term/GO:0016358\,MAP1B  MAP6  SRCIN1  DCX  KIDINS220  RERE  MAP2  RBFOX2  DPYSL5  DCC,2
0.0302312955988914\,44\,2945\,1.57019661100651\,GO:0032879 regulation of localization\,http://amigo.geneontology.org/amigo/term/GO:0032879\,UBL5  TMSB10  SYT1  SEMA6D  CPLX2  BICD1  SRGAP3  AKAP6  RUFY3  NDRG4  CACNA2D1  NRG1  PRELID1  ATP2B1  TSPO  HMGCR  DPYSL3  PCDH17  ONECUT2  MAP1B  CFAP298  MAPRE2  RAB26  CDH2  SNCG  DDIT3  NRXN1  SLC5A3  DOC2B  SRCIN1  MEOX2  SPTBN1  ANK2  MAP4K4  HSPB1  APC  PTPRG  CLASP2  RSL1D1  NDUFA4  EVL  MAP2  ANK3  RAB31,2
0.0304180082814783\,19\,587\,2.16828868665732\,GO:0051640 organelle localization\,http://amigo.geneontology.org/amigo/term/GO:0051640\,PEF1  CLASP2  DCTN1  FNBP1L  SYT1  NDRG4  PTGDS  PCDH17  MAP1B  CPLX2  CDH2  BICD1  YWHAZ  MAP6  NEFL  MAP2  NRXN1  S100A13  RAB6A,2
0.0308218493805262\,6\,146\,4.9686291362269\,GO:0001508 action potential\,http://amigo.geneontology.org/amigo/term/GO:0001508\,AKAP6  NRCAM  CXADR  ANK2  CACNA2D1  ANK3,2
0.0333720793161846\,20\,1109\,2.09714866139447\,GO:0051270 regulation of cellular component movement\,http://amigo.geneontology.org/amigo/term/GO:0051270\,TMSB10  SEMA6D  SRGAP3  RUFY3  NDRG4  DPYSL3  ONECUT2  NRG1  CFAP298  MAPRE2  SRCIN1  MEOX2  ANK2  MAP4K4  HSPB1  APC  PTPRG  CLASP2  EVL  MAP2,2
0.0334705921234297\,5\,50\,5.98075729360646\,GO:0051489 regulation of filopodium assembly\,http://amigo.geneontology.org/amigo/term/GO:0051489\,FNBP1L  GAP43  DPYSL3  GPM6A  NRXN1,2
0.0387497675268903\,3\,77\,12.1110335195531\,GO:0045109 intermediate filament organization\,http://amigo.geneontology.org/amigo/term/GO:0045109\, NEFM  INA  NEFL,2
0.0390589028625289\,5\,43\,5.7671588188348\,GO:0031111 negative regulation of microtubule polymerization or depolymerization\,http://amigo.geneontology.org/amigo/term/GO:0031111\,APC  STMN2  MAP1B  MAP2  CLASP2,2
0.0408041941652646\,7\,100\,4.03701117318436\,GO:0031110 regulation of microtubule polymerization or depolymerization\,http://amigo.geneontology.org/amigo/term/GO:0031110\,STMN2  MAP1B  APC  MAPRE2  CLASP2  DCTN1  MAP2,2
0.0408830912113988\,12\,619\,2.6913407821229\,GO:0009611 response to wounding\,http://amigo.geneontology.org/amigo/term/GO:0009611\,HSPB1  NREP  DST  GAP43  NRG1  TSPO  DPYSL3  MAP1B  DDIT3  NEFL  CLASP2  VAV2,2
0.0408872317268594\,8\,169\,3.58845437616387\,GO:0051494 negative regulation of cytoskeleton organization\,http://amigo.geneontology.org/amigo/term/GO:0051494\,TMSB10  APC  STMN2  SPTBN1  MAP1B  SPTAN1  CLASP2  MAP2,2
0.041410433961642\,21\,1006\,2.00656176655317\,GO:0040007 growth\,http://amigo.geneontology.org/amigo/term/GO:0040007\,SEMA6D  GAP43  SYT1  NRG1  CLASP2  DCX  DPYSL2  MAP1B  CXADR  H3-3A  EIF4G2  EXOSC4  RUFY3  MAP2  NDRG4  AKAP6  SORBS2  BASP1  L1CAM  NRCAM  DCC,2
0.0477813148961219\,10\,369\,2.96294398031879\,GO:0040013 negative regulation of locomotion\,http://amigo.geneontology.org/amigo/term/GO:0040013\,SEMA6D  SRGAP3  NDRG4  ROBO2  DPYSL3  NRG1  MEOX2  PTPRG  CLASP2  EVL,2
0.0481227944852351\,4\,30\,7.17690875232775\,GO:0007026 negative regulation of microtubule depolymerization\,http://amigo.geneontology.org/amigo/term/GO:0007026\,APC  STMN2  MAP1B  CLASP2,2
0.0481227944852351\,4\,62\,7.17690875232775\,GO:0060420 regulation of heart growth\,http://amigo.geneontology.org/amigo/term/GO:0060420\,NRG1  CXADR  AKAP6  BASP1,2
0.0483970371176644\,3\,56\,10.7653631284916\,GO:0002279 mast cell activation involved in immune response\,http://amigo.geneontology.org/amigo/term/GO:0002279\,PTGDS  CPLX2  S100A13,2
0.0483970371176644\,14\,659\,2.39230291744258\,GO:0007610 behavior\,http://amigo.geneontology.org/amigo/term/GO:0007610\,ASIC4  TSPO  NDRG4  PTGDS  HMGCR  PCDH17  NRG1  CSTB  PBX3  SNCG  NRXN1  CNTN2  GNG8  DCTN1,2
0.0483970371176644\,3\,21\,10.7653631284916\,GO:0032011 ARF protein signal transduction\,http://amigo.geneontology.org/amigo/term/GO:0032011\,ARFGEF3  MAPRE2  MAP4K4,2
0.0483970371176644\,3\,21\,10.7653631284916\,GO:0032012 regulation of ARF protein signal transduction\,http://amigo.geneontology.org/amigo/term/GO:0032012\,ARFGEF3  MAPRE2  MAP4K4,2
0.0483970371176644\,6\,160\,4.40401218892839\,GO:0035265 organ growth\,http://amigo.geneontology.org/amigo/term/GO:0035265\,NRG1  CXADR  NDRG4  AKAP6  SORBS2  BASP1,2
0.0483970371176644\,3\,54\,10.7653631284916\,GO:0043303 mast cell degranulation\,http://amigo.geneontology.org/amigo/term/GO:0043303\,PTGDS  CPLX2  S100A13,2
0.0483970371176644\,3\,43\,10.7653631284916\,GO:0046622 positive regulation of organ growth\,http://amigo.geneontology.org/amigo/term/GO:0046622\,NRG1  AKAP6  BASP1,2
0.0483970371176644\,5\,68\,5.38268156424581\,GO:0046847 filopodium assembly\,http://amigo.geneontology.org/amigo/term/GO:0046847\,FNBP1L  GAP43  DPYSL3  GPM6A  NRXN1,2
0.0483970371176644\,38\,2680\,1.5938329826598\,GO:0050793 regulation of developmental process\,http://amigo.geneontology.org/amigo/term/GO:0050793\,RUFY3  APC  NREP  SEMA6D  CDH2  MAP6  SRCIN1  SYT1  RBFOX2  NRG1  CLASP2  YWHAZ  PRELID1  ROBO2  GTF2I  ATP2B1  DPYSL2  TSPO  MAP1B  CXADR  LRRN3  DDIT3  NRXN1  CNTN2  PBX1  NEFL  HSPB1  DPYSL5  YWHAG  PRPF40A  CD24  MAP2  SNW1  AKAP6  BASP1  L1CAM  NRCAM  DCC,2
0.0483970371176644\,17\,1130\,2.17009296266037\,GO:0051241 negative regulation of multicellular organismal process\,http://amigo.geneontology.org/amigo/term/GO:0051241\,SEMA6D  DDIT3  GTF2I  ATP2B1  TSPO  PTGDS  HMGCR  CXADR  MEOX2  PTPRG  DPYSL5  EVL  CD24  RUFY3  MAP2  ROBO2  DCC,2
0.0483970371176644\,3\,15\,10.7653631284916\,GO:0097091 synaptic vesicle clustering\,http://amigo.geneontology.org/amigo/term/GO:0097091\,PCDH17  CDH2  NRXN1,2
0.0483970371176644\,3\,28\,10.7653631284916\,GO:0099560 synaptic membrane adhesion\,http://amigo.geneontology.org/amigo/term/GO:0099560\,NRG1  PCDH17  NRXN1,2
0.0483970371176644\,6\,95\,4.40401218892839\,GO:1901879 regulation of protein depolymerization\,http://amigo.geneontology.org/amigo/term/GO:1901879\,MAP1B  APC  STMN2  SPTBN1  SPTAN1  CLASP2,2
0.049020956310138\,9\,178\,3.12542800504595\,GO:0070507 regulation of microtubule cytoskeleton organization\,http://amigo.geneontology.org/amigo/term/GO:0070507\,STMN2  MAP1B  APC  BICD1  MAPRE2  MAP6  CLASP2  DCTN1  MAP2,2
0.0500010684351112\,19\,1150\,2.03862358247184\,GO:0072359 circulatory system development\,http://amigo.geneontology.org/amigo/term/GO:0072359\,CDH2  NRG1  GTF2I  THSD7A  NDRG4  MEOX2  CXADR  VAV2  YWHAZ  DDIT3  NRXN1  NRCAM  HSPB1  CPE  ANK2  AKAP6  SORBS2  BASP1  ROBO2,2
0.0500010684351112\,8\,174\,3.39958835636577\,GO:1902904 negative regulation of supramolecular fiber organization\,http://amigo.geneontology.org/amigo/term/GO:1902904\,TMSB10  APC  STMN2  SPTBN1  MAP1B  SPTAN1  CLASP2  MAP2,2
0.0512571370424621\,7\,377\,3.76787709497207\,GO:0051480 regulation of cytosolic calcium ion concentration\,http://amigo.geneontology.org/amigo/term/GO:0051480\,ATP2B1  AKAP6  CD24  GNG3  DDIT3  ANK2  CACNA2D1,2
0.0515923435621323\,4\,88\,6.79917671273155\,GO:0033273 response to vitamin\,http://amigo.geneontology.org/amigo/term/GO:0033273\,SNW1  ATP2B1  TSPO  MAP1B,2
0.0515923435621323\,4\,99\,6.79917671273155\,GO:0045104 intermediate filament cytoskeleton organization\,http://amigo.geneontology.org/amigo/term/GO:0045104\, NEFM  INA  DST  NEFL,2
0.0568557931051119\,2\,7\,21.5307262569832\,GO:0021796 cerebral cortex regionalization\,http://amigo.geneontology.org/amigo/term/GO:0021796\,TRA2B  EMX2,2
0.0568557931051119\,9\,314\,3.02775837988827\,GO:0030336 negative regulation of cell migration\,http://amigo.geneontology.org/amigo/term/GO:0030336\,SRGAP3  NDRG4  DPYSL3  SEMA6D  NRG1  MEOX2  PTPRG  CLASP2  EVL,2
0.0568557931051119\,2\,3\,21.5307262569832\,GO:0033693 neurofilament bundle assembly\,http://amigo.geneontology.org/amigo/term/GO:0033693\, NEFM  NEFL,2
0.0568557931051119\,2\,7\,21.5307262569832\,GO:0045110 intermediate filament bundle assembly\,http://amigo.geneontology.org/amigo/term/GO:0045110\, NEFM  NEFL,2
0.0568557931051119\,2\,7\,21.5307262569832\,GO:0061669 spontaneous neurotransmitter secretion\,http://amigo.geneontology.org/amigo/term/GO:0061669\,SYT1  DOC2B,2
0.0568557931051119\,2\,5\,21.5307262569832\,GO:0072385 minus-end-directed organelle transport along microtubule\,http://amigo.geneontology.org/amigo/term/GO:0072385\,BICD1  RAB6A,2
0.0568557931051119\,2\,3\,21.5307262569832\,GO:0097118 neuroligin clustering involved in postsynaptic membrane assembly\,http://amigo.geneontology.org/amigo/term/GO:0097118\,CDH2  NRXN1,2
0.0568557931051119\,2\,3\,21.5307262569832\,GO:0099185 postsynaptic intermediate filament cytoskeleton organization\,http://amigo.geneontology.org/amigo/term/GO:0099185\, INA  NEFL,2
0.0568557931051119\,2\,4\,21.5307262569832\,GO:1904071 presynaptic active zone assembly\,http://amigo.geneontology.org/amigo/term/GO:1904071\,PCDH17  NRXN1,2
0.0571455113536881\,3\,57\,9.68882681564246\,GO:0002448 mast cell mediated immunity\,http://amigo.geneontology.org/amigo/term/GO:0002448\,PTGDS  CPLX2  S100A13,2
0.0571455113536881\,3\,58\,9.68882681564246\,GO:0007157 heterophilic cell-cell adhesion via plasma membrane cell adhesion molecules\,http://amigo.geneontology.org/amigo/term/GO:0007157\,CXADR  CDH2  NRXN1,2
0.0571455113536881\,3\,117\,9.68882681564246\,GO:0007218 neuropeptide signaling pathway\,http://amigo.geneontology.org/amigo/term/GO:0007218\,SSTR2  PTH2  CPE,2
0.0571455113536881\,8\,299\,3.27049006435188\,GO:0043270 positive regulation of ion transport\,http://amigo.geneontology.org/amigo/term/GO:0043270\,AKAP6  SYT1  ATP2B1  TSPO  NDUFA4  ANK2  ANK3  CACNA2D1,2
0.0571455113536881\,4\,100\,6.45921787709497\,GO:0045103 intermediate filament-based process\,http://amigo.geneontology.org/amigo/term/GO:0045103\, NEFM  INA  DST  NEFL,2
0.0571455113536881\,3\,69\,9.68882681564246\,GO:0045576 mast cell activation\,http://amigo.geneontology.org/amigo/term/GO:0045576\,PTGDS  CPLX2  S100A13,2
0.0571455113536881\,12\,474\,2.50034240403676\,GO:0050804 modulation of chemical synaptic transmission\,http://amigo.geneontology.org/amigo/term/GO:0050804\,CPLX2  CDH2  NRXN1  RAB26  SYT1  PCDH17  MAP1B  NSG1  SNCG  CNTN2  DCC  YWHAG,2
0.0571455113536881\,3\,36\,9.68882681564246\,GO:0086010 membrane depolarization during action potential\,http://amigo.geneontology.org/amigo/term/GO:0086010\,CACNA2D1  ANK3  ANK2,2
0.0571455113536881\,3\,31\,9.68882681564246\,GO:0099068 postsynapse assembly\,http://amigo.geneontology.org/amigo/term/GO:0099068\,CDH2  GAP43  NRXN1,2
0.0590033581771609\,12\,475\,2.48431456811345\,GO:0099177 regulation of trans-synaptic signaling\,http://amigo.geneontology.org/amigo/term/GO:0099177\,CPLX2  CDH2  NRXN1  RAB26  SYT1  PCDH17  MAP1B  NSG1  SNCG  CNTN2  DCC  YWHAG,2
0.0594233016691476\,17\,977\,2.07967242254952\,GO:0030334 regulation of cell migration\,http://amigo.geneontology.org/amigo/term/GO:0030334\,TMSB10  SEMA6D  SRGAP3  RUFY3  NDRG4  DPYSL3  ONECUT2  NRG1  MAPRE2  SRCIN1  MEOX2  MAP4K4  HSPB1  APC  PTPRG  CLASP2  EVL,2
0.0611957937950662\,27\,1660\,1.72672161070856\,GO:0009719 response to endogenous stimulus\,http://amigo.geneontology.org/amigo/term/GO:0009719\,KIDINS220  NREP  RGMB  SSTR2  RBFOX2  SNW1  STMN2  AKAP6  NRXN1  PEG10  ATP2B1  TSPO  PTGDS  CPEB4  ONECUT2  MAP1B  NSG1  YWHAG  DDIT3  CYC1  NEFL  ROBO2  CD24  CACNA2D1  APC  RAB31  GNG2,2
0.0627275082744132\,6\,153\,4.03701117318436\,GO:0050768 negative regulation of neurogenesis\,http://amigo.geneontology.org/amigo/term/GO:0050768\,SEMA6D  TSPO  DPYSL5  RUFY3  MAP2  DCC,2
0.0627275082744132\,8\,239\,3.18973722325678\,GO:0050769 positive regulation of neurogenesis\,http://amigo.geneontology.org/amigo/term/GO:0050769\,MAP6  ROBO2  TSPO  MAP1B  NEFL  RUFY3  SNW1  L1CAM,2
0.0627961199811915\,10\,491\,2.73695672758262\,GO:0007389 pattern specification process\,http://amigo.geneontology.org/amigo/term/GO:0007389\,APC  DDIT3  MEOX2  TRA2B  EMX2  PBX1  NDRG4  BASP1  ROBO2  PBX3,2
0.0633450077846587\,4\,89\,6.15163607342378\,GO:0014031 mesenchymal cell development\,http://amigo.geneontology.org/amigo/term/GO:0014031\,SEMA6D  CDH2  PEF1  NRG1,2
0.0633450077846587\,4\,84\,6.15163607342378\,GO:0014032 neural crest cell development\,http://amigo.geneontology.org/amigo/term/GO:0014032\,SEMA6D  CDH2  PEF1  NRG1,2
0.0633450077846587\,4\,34\,6.15163607342378\,GO:0031114 regulation of microtubule depolymerization\,http://amigo.geneontology.org/amigo/term/GO:0031114\,MAP1B  APC  STMN2  CLASP2,2
0.0633450077846587\,9\,221\,2.90664804469274\,GO:0032271 regulation of protein polymerization\,http://amigo.geneontology.org/amigo/term/GO:0032271\,TMSB10  EVL  STMN2  CLASP2  DCTN1  SPTBN1  MAP1B  SPTAN1  MAP2,2
0.0633450077846587\,10\,442\,2.71395709121637\,GO:0042391 regulation of membrane potential\,http://amigo.geneontology.org/amigo/term/GO:0042391\,MLLT11  AKAP6  PRELID1  NRCAM  TSPO  CXADR  NRXN1  ANK2  CACNA2D1  ANK3,2
0.0633450077846587\,26\,1700\,1.73850584683716\,GO:0045595 regulation of cell differentiation\,http://amigo.geneontology.org/amigo/term/GO:0045595\,APC  NREP  SEMA6D  MAP6  RBFOX2  PRELID1  ROBO2  DPYSL2  TSPO  MAP1B  NRG1  DDIT3  CNTN2  PBX1  NEFL  DPYSL5  CLASP2  YWHAG  CD24  RUFY3  MAP2  SNW1  AKAP6  L1CAM  NRCAM  DCC,2
0.0633450077846587\,4\,66\,6.15163607342378\,GO:0050771 negative regulation of axonogenesis\,http://amigo.geneontology.org/amigo/term/GO:0050771\,SEMA6D  RUFY3  MAP2  DCC,2
0.0633450077846587\,5\,143\,4.74942490962866\,GO:0051928 positive regulation of calcium ion transport\,http://amigo.geneontology.org/amigo/term/GO:0051928\,ATP2B1  TSPO  ANK2  AKAP6  CACNA2D1,2
0.0633450077846587\,5\,66\,4.74942490962866\,GO:0061951 establishment of protein localization to plasma membrane\,http://amigo.geneontology.org/amigo/term/GO:0061951\,RAB31  NSG1  SPTBN1  ANK3  RAB26,2
0.0664183112363553\,18\,975\,1.99085482513201\,GO:0022603 regulation of anatomical structure morphogenesis\,http://amigo.geneontology.org/amigo/term/GO:0022603\,RUFY3  SEMA6D  CDH2  MAP6  SRCIN1  SYT1  ROBO2  GTF2I  MAP1B  CNTN2  NEFL  HSPB1  DPYSL5  CLASP2  PRPF40A  MAP2  L1CAM  DCC,2
0.0664183112363553\,10\,219\,2.6913407821229\,GO:0030705 cytoskeleton-dependent intracellular transport\,http://amigo.geneontology.org/amigo/term/GO:0030705\,KLC1  MAP6  FNBP1L  MAP1B  HSPB1  BICD1  NEFL  MAP2  DST  RAB6A,2
0.0664183112363553\,9\,331\,2.87786935118093\,GO:2000146 negative regulation of cell motility\,http://amigo.geneontology.org/amigo/term/GO:2000146\,SRGAP3  NDRG4  DPYSL3  SEMA6D  NRG1  MEOX2  PTPRG  CLASP2  EVL,2
0.0671984324509538\,3\,43\,8.80802437785678\,GO:0003254 regulation of membrane depolarization\,http://amigo.geneontology.org/amigo/term/GO:0003254\,MLLT11  TSPO  ANK3,2
0.0671984324509538\,3\,50\,8.80802437785678\,GO:0050919 negative chemotaxis\,http://amigo.geneontology.org/amigo/term/GO:0050919\,SEMA6D  ROBO2  NRG1,2
0.0671984324509538\,3\,29\,8.80802437785678\,GO:0060074 synapse maturation\,http://amigo.geneontology.org/amigo/term/GO:0060074\,NRXN1  YWHAZ  NEFL,2
0.0671984324509538\,3\,34\,8.80802437785678\,GO:0060306 regulation of membrane repolarization\,http://amigo.geneontology.org/amigo/term/GO:0060306\,AKAP6  ANK2  CACNA2D1,2
0.0671984324509538\,3\,64\,8.80802437785678\,GO:0061098 positive regulation of protein tyrosine kinase activity\,http://amigo.geneontology.org/amigo/term/GO:0061098\,SRCIN1  NRG1  CD24,2
0.0676947122306494\,22\,1687\,1.82651405264896\,GO:0051240 positive regulation of multicellular organismal process\,http://amigo.geneontology.org/amigo/term/GO:0051240\,MAP6  POU2F2  NRG1  ROBO2  S100A13  ATP2B1  TSPO  HSPB1  MAP1B  LRRN3  NRXN1  EBF2  NEFL  SPTBN1  DDIT3  RUFY3  SNW1  GADD45G  APC  AKAP6  BASP1  L1CAM,2
0.0676947122306494\,10\,303\,2.66909829632024\,GO:0072659 protein localization to plasma membrane\,http://amigo.geneontology.org/amigo/term/GO:0072659\,SPTBN1  RAB31  NFASC  NSG1  CDH2  ANK2  ANK3  CLASP2  RAB26  NRXN1,2
0.0679131012942123\,9\,220\,2.84965494577719\,GO:0099003 vesicle-mediated transport in synapse\,http://amigo.geneontology.org/amigo/term/GO:0099003\,SYT1  CPLX2  SNCG  NRG1  PCDH17  NSG1  CDH2  NRXN1  DOC2B,2
0.0688837824119347\,4\,81\,5.87201625190452\,GO:2001259 positive regulation of cation channel activity\,http://amigo.geneontology.org/amigo/term/GO:2001259\,AKAP6  ANK2  ANK3  CACNA2D1,2
0.0707606941456292\,35\,2990\,1.55912155654017\,GO:0007166 cell surface receptor signaling pathway\,http://amigo.geneontology.org/amigo/term/GO:0007166\,KIDINS220  APC  NREP  SEMA6D  SORBS2  NRG1  RGMB  CD24  SNW1  NDRG4  CPE  GRIA2  CLASP2  NRXN1  MLLT11  PEG10  SPTBN1  ONECUT2  ADGRL3  GFRA1  BEX3  CDH2  DDIT3  CNTN2  DCC  HSPB1  ST18  CPEB4  NCAM1  ROBO2  DST  EVL  MAPK10  PTPRG  VAV2,2
0.0707606941456292\,18\,1085\,1.96395138154915\,GO:0040012 regulation of locomotion\,http://amigo.geneontology.org/amigo/term/GO:0040012\,TMSB10  SEMA6D  SRGAP3  RUFY3  NDRG4  ROBO2  DPYSL3  ONECUT2  NRG1  MAPRE2  SRCIN1  MEOX2  MAP4K4  HSPB1  APC  PTPRG  CLASP2  EVL,2
0.0707606941456292\,7\,200\,3.37421829400484\,GO:0045664 regulation of neuron differentiation\,http://amigo.geneontology.org/amigo/term/GO:0045664\,NREP  DPYSL2  MAP1B  CNTN2  PBX1  YWHAG  NRCAM,2
0.0707606941456292\,9\,334\,2.82198839290557\,GO:0051271 negative regulation of cellular component movement\,http://amigo.geneontology.org/amigo/term/GO:0051271\,SRGAP3  NDRG4  DPYSL3  SEMA6D  NRG1  MEOX2  PTPRG  CLASP2  EVL,2
0.0725610191033989\,8\,377\,3.03963194216234\,GO:0003002 regionalization\,http://amigo.geneontology.org/amigo/term/GO:0003002\,DDIT3  MEOX2  TRA2B  EMX2  PBX1  BASP1  ROBO2  PBX3,2
0.0725610191033989\,6\,229\,3.79953992770292\,GO:0009952 anterior/posterior pattern specification\,http://amigo.geneontology.org/amigo/term/GO:0009952\,MEOX2  EMX2  DDIT3  PBX1  BASP1  PBX3,2
0.0725610191033989\,6\,150\,3.79953992770292\,GO:0030534 adult behavior\,http://amigo.geneontology.org/amigo/term/GO:0030534\,PCDH17  CSTB  PBX3  SNCG  NRXN1  CNTN2,2
0.0732341739042384\,5\,74\,4.48556797020484\,GO:0044091 membrane biogenesis\,http://amigo.geneontology.org/amigo/term/GO:0044091\,CDH2  NRXN1  SPTBN1  ANK3  SERINC1,2
0.0759994946302423\,10\,282\,2.6045233375383\,GO:0032886 regulation of microtubule-based process\,http://amigo.geneontology.org/amigo/term/GO:0032886\,STMN2  MAP1B  APC  BICD1  MAPRE2  MAP6  CLASP2  DCTN1  CFAP298  MAP2,2
0.0768997840891226\,4\,44\,5.61671119747389\,GO:0043001 Golgi to plasma membrane protein transport\,http://amigo.geneontology.org/amigo/term/GO:0043001\,RAB31  SPTBN1  ANK3  RAB26,2
0.0768997840891226\,4\,91\,5.61671119747389\,GO:0048864 stem cell development\,http://amigo.geneontology.org/amigo/term/GO:0048864\,SEMA6D  CDH2  PEF1  NRG1,2
0.0780281761672665\,18\,1274\,1.92493247992897\,GO:0006812 cation transport\,http://amigo.geneontology.org/amigo/term/GO:0006812\,SYT1  ASIC4  AKAP6  ATP2B1  CACNA2D1  TSPO  COX6B1  GPM6A  TMEM163  UQCRFS1  SNCG  DDIT3  CYC1  SLC5A3  ANK2  NDUFA4  ANK3  NRXN1,2
0.0780281761672665\,10\,1482\,2.56318169725991\,GO:0007186 G protein-coupled receptor signaling pathway\,http://amigo.geneontology.org/amigo/term/GO:0007186\,ADGRL3  GNG3  GNG8  SSTR2  GNG2  PTH2  CNTN2  BICD1  CPE  GAP43,2
0.0780281761672665\,5\,178\,4.36433640344255\,GO:0008037 cell recognition\,http://amigo.geneontology.org/amigo/term/GO:0008037\,GAP43  CNTN2  YWHAZ  ROBO2  NRCAM,2
0.0780281761672665\,2\,44\,16.1480446927374\,GO:0016339 calcium-dependent cell-cell adhesion via plasma membrane cell adhesion molecules\,http://amigo.geneontology.org/amigo/term/GO:0016339\,NRXN1  CDH2,2
0.0780281761672665\,2\,10\,16.1480446927374\,GO:0021826 substrate-independent telencephalic tangential migration\,http://amigo.geneontology.org/amigo/term/GO:0021826\,NRG1  CNTN2,2
0.0780281761672665\,2\,10\,16.1480446927374\,GO:0021830 interneuron migration from the subpallium to the cortex\,http://amigo.geneontology.org/amigo/term/GO:0021830\,NRG1  CNTN2,2
0.0780281761672665\,2\,10\,16.1480446927374\,GO:0021843 substrate-independent telencephalic tangential interneuron migration\,http://amigo.geneontology.org/amigo/term/GO:0021843\,NRG1  CNTN2,2
0.0780281761672665\,2\,13\,16.1480446927374\,GO:0021978 telencephalon regionalization\,http://amigo.geneontology.org/amigo/term/GO:0021978\,TRA2B  EMX2,2
0.0780281761672665\,5\,65\,4.36433640344255\,GO:0031113 regulation of microtubule polymerization\,http://amigo.geneontology.org/amigo/term/GO:0031113\,STMN2  CLASP2  DCTN1  MAP1B  MAP2,2
0.0780281761672665\,2\,9\,16.1480446927374\,GO:0031915 positive regulation of synaptic plasticity\,http://amigo.geneontology.org/amigo/term/GO:0031915\,MAP1B  CPLX2,2
0.0780281761672665\,2\,13\,16.1480446927374\,GO:0032536 regulation of cell projection size\,http://amigo.geneontology.org/amigo/term/GO:0032536\,CNTN2  NEFL,2
0.0780281761672665\,2\,25\,16.1480446927374\,GO:0035235 ionotropic glutamate receptor signaling pathway\,http://amigo.geneontology.org/amigo/term/GO:0035235\,GRIA2  CPEB4,2
0.0780281761672665\,2\,17\,16.1480446927374\,GO:0051412 response to corticosterone\,http://amigo.geneontology.org/amigo/term/GO:0051412\,ATP2B1  NEFL,2
0.0780281761672665\,2\,8\,16.1480446927374\,GO:0051901 positive regulation of mitochondrial depolarization\,http://amigo.geneontology.org/amigo/term/GO:0051901\,MLLT11  TSPO,2
0.0780281761672665\,3\,48\,8.07402234636872\,GO:0060038 cardiac muscle cell proliferation\,http://amigo.geneontology.org/amigo/term/GO:0060038\,NRG1  CXADR  NDRG4,2
0.0780281761672665\,2\,14\,16.1480446927374\,GO:0097090 presynaptic membrane organization\,http://amigo.geneontology.org/amigo/term/GO:0097090\,CNTN2  NRXN1,2
0.0780281761672665\,2\,10\,16.1480446927374\,GO:0099612 protein localization to axon\,http://amigo.geneontology.org/amigo/term/GO:0099612\,CNTN2  ANK3,2
0.0780281761672665\,2\,25\,16.1480446927374\,GO:1990806 ligand-gated ion channel signaling pathway\,http://amigo.geneontology.org/amigo/term/GO:1990806\,GRIA2  CPEB4,2
0.0792978455005897\,11\,434\,2.4167141717022\,GO:0007018 microtubule-based movement\,http://amigo.geneontology.org/amigo/term/GO:0007018\,KLC1  KIF21A  SLIRP  MAP1B  CFAP298  HSPB1  BICD1  NEFL  MAP2  DST  RAB6A,2
0.0792978455005897\,7\,108\,3.22960893854749\,GO:0019646 aerobic electron transport chain\,http://amigo.geneontology.org/amigo/term/GO:0019646\,UQCRFS1  CYC1  COX7A2  COX6B1  COX6C  NDUFA4  NDUFB5,2
0.0814848253375494\,4\,89\,5.38268156424581\,GO:0046620 regulation of organ growth\,http://amigo.geneontology.org/amigo/term/GO:0046620\,NRG1  CXADR  AKAP6  BASP1,2
0.0821200099896587\,15\,810\,2.06145251396648\,GO:0099536 synaptic signaling\,http://amigo.geneontology.org/amigo/term/GO:0099536\,SYT1  CPLX2  CDH2  SNCG  NRXN1  RAB26  PCDH17  MAP1B  NRG1  NSG1  CNTN2  DCC  DOC2B  YWHAG  GRIA2,2
0.0821200099896587\,17\,1038\,1.95385594147001\,GO:2000145 regulation of cell motility\,http://amigo.geneontology.org/amigo/term/GO:2000145\,TMSB10  SEMA6D  SRGAP3  RUFY3  NDRG4  DPYSL3  ONECUT2  NRG1  MAPRE2  SRCIN1  MEOX2  MAP4K4  HSPB1  APC  PTPRG  CLASP2  EVL,2
0.0839528022936688\,7\,176\,3.18412148870879\,GO:0099173 postsynapse organization\,http://amigo.geneontology.org/amigo/term/GO:0099173\,SRCIN1  NRCAM  INA  CDH2  GAP43  NRXN1  NEFL,2
0.0893042679369365\,12\,530\,2.26639223757718\,GO:0060284 regulation of cell development\,http://amigo.geneontology.org/amigo/term/GO:0060284\,SEMA6D  MAP6  ROBO2  TSPO  MAP1B  NEFL  DPYSL5  RUFY3  MAP2  SNW1  L1CAM  DCC,2
0.0906000538635643\,3\,104\,7.45294370434035\,GO:0002275 myeloid cell activation involved in immune response\,http://amigo.geneontology.org/amigo/term/GO:0002275\,PTGDS  CPLX2  S100A13,2
0.0906000538635643\,3\,89\,7.45294370434035\,GO:0043299 leukocyte degranulation\,http://amigo.geneontology.org/amigo/term/GO:0043299\,PTGDS  CPLX2  S100A13,2
0.0917793916840388\,4\,77\,5.16737430167598\,GO:0086001 cardiac muscle cell action potential\,http://amigo.geneontology.org/amigo/term/GO:0086001\,CXADR  ANK2  CACNA2D1  ANK3,2
0.0927084621852965\,63\,4823\,1.3177808492778\,GO:0006810 transport\,http://amigo.geneontology.org/amigo/term/GO:0006810\,UBL5  SYT1  ASIC4  TIMM44  TIMM50  KLC1  TIMM17A  CPLX2  BICD1  PEF1  RAB31  NSG1  PRELID1  MAP6  SNCG  YIF1A  RAB6A  SLC5A3  DCTN1  AKAP6  ATP2B1  FNBP1L  CACNA2D1  NRG1  CD24  TSPO  NDRG4  PTGDS  CPE  HMGCR  PCDH17  GRIA2  COX6B1  MAP1B  ANK2  GPM6A  TMEM163  AGAP1  YWHAZ  RAB26  UQCRFS1  YWHAG  CDH2  DDIT3  CYC1  NRXN1  CNTN2  S100A13  DOC2B  SRCIN1  DPYSL2  HSPB1  SPTBN1  ANK3  CXADR  CLASP2  NDUFA4  NEFL  RUFY3  MAP2  DST  PEG10  VAV2,2
0.098185758153632\,21\,986\,1.76619238826816\,GO:0007017 microtubule-based process\,http://amigo.geneontology.org/amigo/term/GO:0007017\,DCX  MAP2  STMN2  KLC1  MAP1B  APC  TTLL7  KIF21A  BICD1  DST  CLASP2  MAPRE2  MAP6  DCTN1  CRMP1  SLIRP  CFAP298  CNTN2  NEFL  HSPB1  RAB6A,2
0.098185758153632\,5\,84\,4.03701117318436\,GO:0032272 negative regulation of protein polymerization\,http://amigo.geneontology.org/amigo/term/GO:0032272\,TMSB10  STMN2  SPTBN1  SPTAN1  MAP2,2
0.098185758153632\,5\,117\,4.03701117318436\,GO:0032414 positive regulation of ion transmembrane transporter activity\,http://amigo.geneontology.org/amigo/term/GO:0032414\,AKAP6  NDUFA4  ANK2  ANK3  CACNA2D1,2
0.103608552199624\,4\,151\,4.9686291362269\,GO:0072073 kidney epithelium development\,http://amigo.geneontology.org/amigo/term/GO:0072073\,BASP1  PBX1  ROBO2  CD24,2
0.104660244871513\,10\,312\,2.42827739740412\,GO:0051258 protein polymerization\,http://amigo.geneontology.org/amigo/term/GO:0051258\,TMSB10  EVL  STMN2  CLASP2  DCTN1  SPTBN1  MAP1B  SPTAN1  NEFL  MAP2,2
0.105962114167672\,17\,883\,1.89321903294163\,GO:0097435 supramolecular fiber organization\,http://amigo.geneontology.org/amigo/term/GO:0097435\,TMSB10  STMN2  NEFM  DPYSL3  MAP1B  APC  INA  DST  EVL  DCTN1  NEFL  CLASP2  SPTBN1  SORBS2  SPTAN1  RUFY3  MAP2,2
0.106298571723952\,51\,4103\,1.36916089664108\,GO:0065008 regulation of biological quality\,http://amigo.geneontology.org/amigo/term/GO:0065008\,HSPB1  TMSB10  SYT1  ATP2B1  SEMA6D  CPLX2  EVL  MLLT11  SRCIN1  ANK2  AKAP6  RBFOX2  NRG1  CLASP2  YWHAZ  PRELID1  DDIT3  CD24  NRCAM  DPYSL2  TSPO  CPE  SPTBN1  MAP1B  GPM6A  CXADR  GNG3  NSG1  CDH2  LRRN3  SNCG  NRXN1  CNTN2  SPTAN1  EBF2  DOC2B  NEFL  VAV2  TRA2B  CACNA2D1  YWHAG  PRPF40A  DCTN1  RUFY3  MAP2  GADD45G  APC  ANK3  ROBO2  L1CAM  DCC,2
0.106612123725179\,14\,764\,2.04590611491696\,GO:0007268 chemical synaptic transmission\,http://amigo.geneontology.org/amigo/term/GO:0007268\,SYT1  CPLX2  CDH2  SNCG  NRXN1  RAB26  PCDH17  MAP1B  NSG1  CNTN2  DCC  DOC2B  YWHAG  GRIA2,2
0.106612123725179\,3\,21\,6.92059058260176\,GO:0030150 protein import into mitochondrial matrix\,http://amigo.geneontology.org/amigo/term/GO:0030150\,TIMM44  TIMM50  TIMM17A,2
0.106612123725179\,7\,140\,3.01430167597765\,GO:0031109 microtubule polymerization or depolymerization\,http://amigo.geneontology.org/amigo/term/GO:0031109\,STMN2  MAP1B  APC  MAPRE2  CLASP2  DCTN1  MAP2,2
0.106612123725179\,14\,764\,2.04590611491696\,GO:0098916 anterograde trans-synaptic signaling\,http://amigo.geneontology.org/amigo/term/GO:0098916\,SYT1  CPLX2  CDH2  SNCG  NRXN1  RAB26  PCDH17  MAP1B  NSG1  CNTN2  DCC  DOC2B  YWHAG  GRIA2,2
0.107995433138275\,6\,342\,3.34097476401464\,GO:0007204 positive regulation of cytosolic calcium ion concentration\,http://amigo.geneontology.org/amigo/term/GO:0007204\,AKAP6  CD24  GNG3  DDIT3  ANK2  CACNA2D1,2
0.107995433138275\,2\,7\,12.9184357541899\,GO:0016198 axon choice point recognition\,http://amigo.geneontology.org/amigo/term/GO:0016198\,GAP43  ROBO2,2
0.107995433138275\,2\,25\,12.9184357541899\,GO:0021871 forebrain regionalization\,http://amigo.geneontology.org/amigo/term/GO:0021871\,TRA2B  EMX2,2
0.107995433138275\,2\,9\,12.9184357541899\,GO:0021932 hindbrain radial glia guided cell migration\,http://amigo.geneontology.org/amigo/term/GO:0021932\,RERE  RBFOX2,2
0.107995433138275\,2\,9\,12.9184357541899\,GO:0031340 positive regulation of vesicle fusion\,http://amigo.geneontology.org/amigo/term/GO:0031340\,SYT1  DOC2B,2
0.107995433138275\,7\,116\,2.97463981182005\,GO:0042773 ATP synthesis coupled electron transport\,http://amigo.geneontology.org/amigo/term/GO:0042773\,UQCRFS1  CYC1  COX7A2  COX6B1  COX6C  NDUFA4  NDUFB5,2
0.107995433138275\,7\,116\,2.97463981182005\,GO:0042775 mitochondrial ATP synthesis coupled electron transport\,http://amigo.geneontology.org/amigo/term/GO:0042775\,UQCRFS1  CYC1  COX7A2  COX6B1  COX6C  NDUFA4  NDUFB5,2
0.107995433138275\,2\,13\,12.9184357541899\,GO:0045161 neuronal ion channel clustering\,http://amigo.geneontology.org/amigo/term/GO:0045161\,NRCAM  CNTN2,2
0.107995433138275\,2\,20\,12.9184357541899\,GO:0051546 keratinocyte migration\,http://amigo.geneontology.org/amigo/term/GO:0051546\,MAPRE2  MAP4K4,2
0.107995433138275\,2\,14\,12.9184357541899\,GO:0051547 regulation of keratinocyte migration\,http://amigo.geneontology.org/amigo/term/GO:0051547\,MAPRE2  MAP4K4,2
0.107995433138275\,2\,12\,12.9184357541899\,GO:0051549 positive regulation of keratinocyte migration\,http://amigo.geneontology.org/amigo/term/GO:0051549\,MAPRE2  MAP4K4,2
0.107995433138275\,2\,18\,12.9184357541899\,GO:0051900 regulation of mitochondrial depolarization\,http://amigo.geneontology.org/amigo/term/GO:0051900\,MLLT11  TSPO,2
0.107995433138275\,2\,12\,12.9184357541899\,GO:0097104 postsynaptic membrane assembly\,http://amigo.geneontology.org/amigo/term/GO:0097104\,CDH2  NRXN1,2
0.107995433138275\,2\,9\,12.9184357541899\,GO:0097119 postsynaptic density protein 95 clustering\,http://amigo.geneontology.org/amigo/term/GO:0097119\,CDH2  NRXN1,2
0.107995433138275\,2\,13\,12.9184357541899\,GO:0099150 regulation of postsynaptic specialization assembly\,http://amigo.geneontology.org/amigo/term/GO:0099150\,GAP43  NRXN1,2
0.107995433138275\,2\,20\,12.9184357541899\,GO:1902259 regulation of delayed rectifier potassium channel activity\,http://amigo.geneontology.org/amigo/term/GO:1902259\,AKAP6  ANK3,2
0.107995433138275\,2\,7\,12.9184357541899\,GO:2000807 regulation of synaptic vesicle clustering\,http://amigo.geneontology.org/amigo/term/GO:2000807\,PCDH17  CDH2,2
0.111087600341075\,14\,773\,2.01850558659218\,GO:0099537 trans-synaptic signaling\,http://amigo.geneontology.org/amigo/term/GO:0099537\,SYT1  CPLX2  CDH2  SNCG  NRXN1  RAB26  PCDH17  MAP1B  NSG1  CNTN2  DCC  DOC2B  YWHAG  GRIA2,2
0.111544276364022\,6\,196\,3.28434807309914\,GO:0010721 negative regulation of cell development\,http://amigo.geneontology.org/amigo/term/GO:0010721\,SEMA6D  TSPO  DPYSL5  RUFY3  MAP2  DCC,2
0.111544276364022\,6\,79\,3.28434807309914\,GO:0042273 ribosomal large subunit biogenesis\,http://amigo.geneontology.org/amigo/term/GO:0042273\,BRIX1  RPF1  WDR74  RPL7L1  RSL1D1  RPL23A,2
0.114681909672966\,22\,2507\,1.69573739016813\,GO:0003008 system process\,http://amigo.geneontology.org/amigo/term/GO:0003008\,ATP2B1  NRCAM  TSPO  NDRG4  HMGCR  CXADR  NFASC  YWHAZ  PBX3  DDIT3  NRXN1  SSTR2  CNTN2  NEFL  RBFOX2  ANK2  CACNA2D1  DCTN1  ANK3  AKAP6  SORBS2  SLC5A3,2
0.117081575346328\,4\,49\,4.61372705506784\,GO:0007019 microtubule depolymerization\,http://amigo.geneontology.org/amigo/term/GO:0007019\,STMN2  MAP1B  APC  CLASP2,2
0.117081575346328\,4\,98\,4.61372705506784\,GO:0014033 neural crest cell differentiation\,http://amigo.geneontology.org/amigo/term/GO:0014033\,SEMA6D  CDH2  PEF1  NRG1,2
0.117081575346328\,3\,77\,6.45921787709497\,GO:0019226 transmission of nerve impulse\,http://amigo.geneontology.org/amigo/term/GO:0019226\,NRCAM  NFASC  ANK3,2
0.117081575346328\,5\,128\,3.75535923086917\,GO:0032411 positive regulation of transporter activity\,http://amigo.geneontology.org/amigo/term/GO:0032411\,AKAP6  NDUFA4  ANK2  ANK3  CACNA2D1,2
0.117081575346328\,6\,125\,3.22960893854749\,GO:0051261 protein depolymerization\,http://amigo.geneontology.org/amigo/term/GO:0051261\,STMN2  MAP1B  APC  SPTBN1  SPTAN1  CLASP2,2
0.117081575346328\,3\,29\,6.45921787709497\,GO:0051491 positive regulation of filopodium assembly\,http://amigo.geneontology.org/amigo/term/GO:0051491\,FNBP1L  DPYSL3  GPM6A,2
0.117081575346328\,3\,48\,6.45921787709497\,GO:0086009 membrane repolarization\,http://amigo.geneontology.org/amigo/term/GO:0086009\,AKAP6  ANK2  CACNA2D1,2
0.117081575346328\,3\,39\,6.45921787709497\,GO:0099084 postsynaptic specialization organization\,http://amigo.geneontology.org/amigo/term/GO:0099084\,CDH2  GAP43  NRXN1,2
0.123440088334128\,7\,313\,2.8616788063079\,GO:0060485 mesenchyme development\,http://amigo.geneontology.org/amigo/term/GO:0060485\,SEMA6D  CDH2  PEF1  CLASP2  BASP1  ROBO2  NRG1,2
0.125345616258653\,6\,140\,3.17666452971884\,GO:0043244 regulation of protein-containing complex disassembly\,http://amigo.geneontology.org/amigo/term/GO:0043244\,MAP1B  APC  STMN2  SPTBN1  SPTAN1  CLASP2,2
0.126444092880719\,13\,840\,2.03810272820958\,GO:0098662 inorganic cation transmembrane transport\,http://amigo.geneontology.org/amigo/term/GO:0098662\,ASIC4  AKAP6  ATP2B1  COX6B1  GPM6A  TMEM163  CACNA2D1  UQCRFS1  DDIT3  CYC1  ANK2  NDUFA4  ANK3,2
0.128846665426963\,4\,86\,4.45463301868619\,GO:0007422 peripheral nervous system development\,http://amigo.geneontology.org/amigo/term/GO:0007422\,ONECUT2  NRG1  NFASC  SLC5A3,2
0.128846665426963\,7\,241\,2.82590782122905\,GO:0010632 regulation of epithelial cell migration\,http://amigo.geneontology.org/amigo/term/GO:0010632\,MAPRE2  MEOX2  HSPB1  PTPRG  CLASP2  EVL  MAP4K4,2
0.128846665426963\,4\,108\,4.45463301868619\,GO:0035249 synaptic transmission glutamatergic\,http://amigo.geneontology.org/amigo/term/GO:0035249\,CDH2  NRXN1  SYT1  GRIA2,2
0.128846665426963\,7\,254\,2.82590782122905\,GO:0045055 regulated exocytosis\,http://amigo.geneontology.org/amigo/term/GO:0045055\,SYT1  CPLX2  PTGDS  DOC2B  RAB26  RAB31  S100A13,2
0.128846665426963\,14\,972\,1.96584891911586\,GO:0098655 cation transmembrane transport\,http://amigo.geneontology.org/amigo/term/GO:0098655\,ASIC4  AKAP6  ATP2B1  COX6B1  GPM6A  TMEM163  CACNA2D1  UQCRFS1  DDIT3  CYC1  ANK2  NDUFA4  ANK3  NRXN1,2
0.132129990436904\,29\,1695\,1.53538785603077\,GO:0016192 vesicle-mediated transport\,http://amigo.geneontology.org/amigo/term/GO:0016192\,SYT1  CPLX2  BICD1  PEF1  RAB31  NSG1  SNCG  YIF1A  RAB6A  FNBP1L  NRG1  NDRG4  PTGDS  PCDH17  ANK2  RAB26  CDH2  NRXN1  CNTN2  DOC2B  SRCIN1  DPYSL2  SPTBN1  ANK3  CLASP2  DCTN1  PEG10  S100A13  VAV2,2
0.134708653504311\,3\,65\,6.05551675977654\,GO:0014855 striated muscle cell proliferation\,http://amigo.geneontology.org/amigo/term/GO:0014855\,NRG1  CXADR  NDRG4,2
0.138668255587674\,8\,172\,2.5581060899386\,GO:0010970 transport along microtubule\,http://amigo.geneontology.org/amigo/term/GO:0010970\,KLC1  MAP1B  HSPB1  BICD1  NEFL  MAP2  DST  RAB6A,2
0.138668255587674\,2\,68\,10.7653631284916\,GO:0032835 glomerulus development\,http://amigo.geneontology.org/amigo/term/GO:0032835\,BASP1  CD24,2
0.138668255587674\,2\,50\,10.7653631284916\,GO:0035850 epithelial cell differentiation involved in kidney development\,http://amigo.geneontology.org/amigo/term/GO:0035850\,BASP1  CD24,2
0.138668255587674\,2\,28\,10.7653631284916\,GO:0055023 positive regulation of cardiac muscle tissue growth\,http://amigo.geneontology.org/amigo/term/GO:0055023\,NRG1  AKAP6,2
0.138668255587674\,7\,208\,2.75698324022346\,GO:0060491 regulation of cell projection assembly\,http://amigo.geneontology.org/amigo/term/GO:0060491\,FNBP1L  GAP43  DPYSL3  GPM6A  APC  EVL  NRXN1,2
0.138668255587674\,2\,31\,10.7653631284916\,GO:0071295 cellular response to vitamin\,http://amigo.geneontology.org/amigo/term/GO:0071295\,SNW1  ATP2B1,2
0.138668255587674\,2\,21\,10.7653631284916\,GO:0071305 cellular response to vitamin D\,http://amigo.geneontology.org/amigo/term/GO:0071305\,SNW1  ATP2B1,2
0.138668255587674\,2\,15\,10.7653631284916\,GO:0090128 regulation of synapse maturation\,http://amigo.geneontology.org/amigo/term/GO:0090128\,YWHAZ  NRXN1,2
0.138668255587674\,7\,206\,2.75698324022346\,GO:0120032 regulation of plasma membrane bounded cell projection assembly\,http://amigo.geneontology.org/amigo/term/GO:0120032\,FNBP1L  GAP43  DPYSL3  GPM6A  APC  EVL  NRXN1,2
0.138668255587674\,2\,7\,10.7653631284916\,GO:0120180 cell-substrate junction disassembly\,http://amigo.geneontology.org/amigo/term/GO:0120180\,MAPRE2  MAP4K4,2
0.138668255587674\,2\,7\,10.7653631284916\,GO:0120181 focal adhesion disassembly\,http://amigo.geneontology.org/amigo/term/GO:0120181\,MAPRE2  MAP4K4,2
0.138668255587674\,2\,6\,10.7653631284916\,GO:0120182 regulation of focal adhesion disassembly\,http://amigo.geneontology.org/amigo/term/GO:0120182\,MAPRE2  MAP4K4,2
0.138668255587674\,2\,6\,10.7653631284916\,GO:0120183 positive regulation of focal adhesion disassembly\,http://amigo.geneontology.org/amigo/term/GO:0120183\,MAPRE2  MAP4K4,2
0.138668255587674\,2\,7\,10.7653631284916\,GO:1904781 positive regulation of protein localization to centrosome\,http://amigo.geneontology.org/amigo/term/GO:1904781\,BICD1  APC,2
0.138668255587674\,2\,18\,10.7653631284916\,GO:1905874 regulation of postsynaptic density organization\,http://amigo.geneontology.org/amigo/term/GO:1905874\,CDH2  NRXN1,2
0.145969998790336\,7\,137\,2.7237665746786\,GO:0022904 respiratory electron transport chain\,http://amigo.geneontology.org/amigo/term/GO:0022904\,UQCRFS1  CYC1  COX7A2  COX6B1  COX6C  NDUFA4  NDUFB5,2
0.146988424768078\,8\,316\,2.50843412702717\,GO:0010720 positive regulation of cell development\,http://amigo.geneontology.org/amigo/term/GO:0010720\,MAP6  ROBO2  TSPO  MAP1B  NEFL  RUFY3  SNW1  L1CAM,2
0.148116807633392\,3\,101\,5.69930989155439\,GO:0001657 ureteric bud development\,http://amigo.geneontology.org/amigo/term/GO:0001657\,PBX1  ROBO2  BASP1,2
0.148116807633392\,4\,89\,4.16723734006127\,GO:0032418 lysosome localization\,http://amigo.geneontology.org/amigo/term/GO:0032418\,PTGDS  CPLX2  MAP6  S100A13,2
0.148116807633392\,3\,29\,5.69930989155439\,GO:0034453 microtubule anchoring\,http://amigo.geneontology.org/amigo/term/GO:0034453\,BICD1  CLASP2  DCTN1,2
0.148116807633392\,5\,63\,3.43575418994413\,GO:0042255 ribosome assembly\,http://amigo.geneontology.org/amigo/term/GO:0042255\,MRPL22  BRIX1  RPS27L  RPL23A  MRPS2,2
0.148116807633392\,3\,71\,5.69930989155439\,GO:0046579 positive regulation of Ras protein signal transduction\,http://amigo.geneontology.org/amigo/term/GO:0046579\,NRG1  MAPRE2  MAP4K4,2
0.148116807633392\,3\,55\,5.69930989155439\,GO:0055021 regulation of cardiac muscle tissue growth\,http://amigo.geneontology.org/amigo/term/GO:0055021\,NRG1  CXADR  AKAP6,2
0.148116807633392\,4\,100\,4.16723734006127\,GO:0061337 cardiac conduction\,http://amigo.geneontology.org/amigo/term/GO:0061337\,CXADR  ANK2  CACNA2D1  ATP2B1,2
0.148116807633392\,4\,89\,4.16723734006127\,GO:1990849 vacuolar localization\,http://amigo.geneontology.org/amigo/term/GO:1990849\,PTGDS  CPLX2  MAP6  S100A13,2
0.149166316049449\,10\,357\,2.21206091681335\,GO:1990778 protein localization to cell periphery\,http://amigo.geneontology.org/amigo/term/GO:1990778\,SPTBN1  RAB31  NFASC  NSG1  CDH2  ANK2  ANK3  CLASP2  RAB26  NRXN1,2
0.154986086231567\,23\,1777\,1.60434137336052\,GO:0007267 cell-cell signaling\,http://amigo.geneontology.org/amigo/term/GO:0007267\,SYT1  APC  CPLX2  CDH2  SNCG  NRXN1  CPE  RAB26  TSPO  PCDH17  MAP1B  CXADR  NRG1  NSG1  DDIT3  CNTN2  DCC  DOC2B  ANK2  CACNA2D1  YWHAG  CD24  GRIA2,2
0.157764933520109\,8\,558\,2.46065442936951\,GO:0072507 divalent inorganic cation homeostasis\,http://amigo.geneontology.org/amigo/term/GO:0072507\,ATP2B1  AKAP6  CD24  GNG3  DDIT3  ANK2  ANK3  CACNA2D1,2
0.158975986768014\,6\,331\,2.93600812595226\,GO:0072001 renal system development\,http://amigo.geneontology.org/amigo/term/GO:0072001\,GFRA1  EMX2  BASP1  PBX1  ROBO2  CD24,2
0.160514278700058\,4\,102\,4.03701117318436\,GO:0021510 spinal cord development\,http://amigo.geneontology.org/amigo/term/GO:0021510\,PBX3  DCC  NEFL  DCTN1,2
0.160514278700058\,4\,109\,4.03701117318436\,GO:0048640 negative regulation of developmental growth\,http://amigo.geneontology.org/amigo/term/GO:0048640\,SEMA6D  CXADR  MAP2  DCC,2
0.160514278700058\,4\,209\,4.03701117318436\,GO:0050731 positive regulation of peptidyl-tyrosine phosphorylation\,http://amigo.geneontology.org/amigo/term/GO:0050731\,NRG1  SRCIN1  GFRA1  CD24,2
0.160514278700058\,4\,150\,4.03701117318436\,GO:0051384 response to glucocorticoid\,http://amigo.geneontology.org/amigo/term/GO:0051384\,SSTR2  ATP2B1  PTGDS  NEFL,2
0.160514278700058\,4\,69\,4.03701117318436\,GO:0071709 membrane assembly\,http://amigo.geneontology.org/amigo/term/GO:0071709\,CDH2  NRXN1  SPTBN1  ANK3,2
0.162036369302485\,30\,3073\,1.48374070683652\,GO:0009605 response to external stimulus\,http://amigo.geneontology.org/amigo/term/GO:0009605\,NRCAM  SEMA6D  NFASC  GAP43  CNTN2  ROBO2  DCC  SNW1  CXADR  L1CAM  ATP2B1  CRMP1  DPYSL2  TSPO  MAP1B  GPM6A  NRG1  DPYSL5  DDIT3  NRXN1  SSTR2  HSPB1  POU2F2  CLASP2  EXOSC4  CPEB4  LHX9  NCAM1  CD24  CDH2,2
0.162036369302485\,8\,276\,2.43744070833773\,GO:0021537 telencephalon development\,http://amigo.geneontology.org/amigo/term/GO:0021537\,DCX  TRA2B  NRG1  EMX2  CDH2  CNTN2  NEFL  ROBO2,2
0.162321947578243\,11\,734\,2.07752621777908\,GO:0001568 blood vessel development\,http://amigo.geneontology.org/amigo/term/GO:0001568\,CDH2  GTF2I  THSD7A  MEOX2  VAV2  YWHAZ  DDIT3  NRXN1  NRCAM  HSPB1  ROBO2,2
0.163346529500125\,3\,106\,5.38268156424581\,GO:0001823 mesonephros development\,http://amigo.geneontology.org/amigo/term/GO:0001823\,PBX1  ROBO2  BASP1,2
0.163346529500125\,6\,261\,2.892187109147\,GO:0071695 anatomical structure maturation\,http://amigo.geneontology.org/amigo/term/GO:0071695\,NRCAM  RERE  H3-3A  DDIT3  CNTN2  POU2F2,2
0.163346529500125\,3\,102\,5.38268156424581\,GO:0072163 mesonephric epithelium development\,http://amigo.geneontology.org/amigo/term/GO:0072163\,PBX1  ROBO2  BASP1,2
0.163346529500125\,3\,102\,5.38268156424581\,GO:0072164 mesonephric tubule development\,http://amigo.geneontology.org/amigo/term/GO:0072164\,PBX1  ROBO2  BASP1,2
0.163346529500125\,3\,46\,5.38268156424581\,GO:1901021 positive regulation of calcium ion transmembrane transporter activity\,http://amigo.geneontology.org/amigo/term/GO:1901021\,ANK2  AKAP6  CACNA2D1,2
0.164587929164636\,63\,4987\,1.26533186025181\,GO:0051234 establishment of localization\,http://amigo.geneontology.org/amigo/term/GO:0051234\,UBL5  SYT1  ASIC4  TIMM44  TIMM50  KLC1  TIMM17A  CPLX2  BICD1  PEF1  CLASP2  RAB31  NSG1  PRELID1  MAP6  SNCG  YIF1A  RAB6A  SLC5A3  DCTN1  AKAP6  ATP2B1  FNBP1L  CACNA2D1  NRG1  CD24  TSPO  NDRG4  PTGDS  CPE  HMGCR  PCDH17  GRIA2  COX6B1  MAP1B  ANK2  GPM6A  TMEM163  AGAP1  YWHAZ  RAB26  UQCRFS1  YWHAG  CDH2  DDIT3  CYC1  NRXN1  CNTN2  S100A13  DOC2B  SRCIN1  DPYSL2  HSPB1  SPTBN1  ANK3  CXADR  NDUFA4  NEFL  RUFY3  MAP2  DST  PEG10  VAV2,2
0.16488715102117\,4\,67\,3.91467750126968\,GO:0006893 Golgi to plasma membrane transport\,http://amigo.geneontology.org/amigo/term/GO:0006893\,RAB31  SPTBN1  ANK3  RAB26,2
0.16488715102117\,11\,384\,2.05350857364291\,GO:0010639 negative regulation of organelle organization\,http://amigo.geneontology.org/amigo/term/GO:0010639\,TMSB10  APC  STMN2  PRELID1  TSPO  SPTBN1  MAP1B  H3-3A  SPTAN1  CLASP2  MAP2,2
0.16488715102117\,4\,76\,3.91467750126968\,GO:0021885 forebrain cell migration\,http://amigo.geneontology.org/amigo/term/GO:0021885\,DCX  NRG1  EMX2  CNTN2,2
0.16488715102117\,2\,22\,9.22745411013567\,GO:0031290 retinal ganglion cell axon guidance\,http://amigo.geneontology.org/amigo/term/GO:0031290\,NRCAM  ROBO2,2
0.16488715102117\,2\,36\,9.22745411013567\,GO:0033280 response to vitamin D\,http://amigo.geneontology.org/amigo/term/GO:0033280\,SNW1  ATP2B1,2
0.16488715102117\,2\,26\,9.22745411013567\,GO:0043576 regulation of respiratory gaseous exchange\,http://amigo.geneontology.org/amigo/term/GO:0043576\,PBX3  SLC5A3,2
0.16488715102117\,13\,454\,1.91711946123823\,GO:0051656 establishment of organelle localization\,http://amigo.geneontology.org/amigo/term/GO:0051656\,PEF1  CLASP2  DCTN1  FNBP1L  PTGDS  MAP1B  CPLX2  BICD1  YWHAZ  NEFL  MAP2  S100A13  RAB6A,2
0.16488715102117\,2\,21\,9.22745411013567\,GO:0051882 mitochondrial depolarization\,http://amigo.geneontology.org/amigo/term/GO:0051882\,MLLT11  TSPO,2
0.16488715102117\,2\,14\,9.22745411013567\,GO:0060019 radial glial cell differentiation\,http://amigo.geneontology.org/amigo/term/GO:0060019\,CDH2  GAP43,2
0.16488715102117\,2\,9\,9.22745411013567\,GO:0060052 neurofilament cytoskeleton organization\,http://amigo.geneontology.org/amigo/term/GO:0060052\, INA  NEFL,2
0.16488715102117\,2\,21\,9.22745411013567\,GO:0060307 regulation of ventricular cardiac muscle cell membrane repolarization\,http://amigo.geneontology.org/amigo/term/GO:0060307\,ANK2  CACNA2D1,2
0.16488715102117\,2\,60\,9.22745411013567\,GO:0061005 cell differentiation involved in kidney development\,http://amigo.geneontology.org/amigo/term/GO:0061005\,BASP1  CD24,2
0.16488715102117\,4\,54\,3.91467750126968\,GO:0097479 synaptic vesicle localization\,http://amigo.geneontology.org/amigo/term/GO:0097479\,PCDH17  CDH2  MAP2  NRXN1,2
0.16488715102117\,2\,25\,9.22745411013567\,GO:0099623 regulation of cardiac muscle cell membrane repolarization\,http://amigo.geneontology.org/amigo/term/GO:0099623\,ANK2  CACNA2D1,2
0.16488715102117\,2\,26\,9.22745411013567\,GO:0099625 ventricular cardiac muscle cell membrane repolarization\,http://amigo.geneontology.org/amigo/term/GO:0099625\,ANK2  CACNA2D1,2
0.16488715102117\,2\,26\,9.22745411013567\,GO:1903779 regulation of cardiac conduction\,http://amigo.geneontology.org/amigo/term/GO:1903779\,ANK2  ATP2B1,2
0.16488715102117\,2\,9\,9.22745411013567\,GO:1990709 presynaptic active zone organization\,http://amigo.geneontology.org/amigo/term/GO:1990709\,PCDH17  NRXN1,2
0.167448638428932\,13\,942\,1.90840528186897\,GO:0098660 inorganic ion transmembrane transport\,http://amigo.geneontology.org/amigo/term/GO:0098660\,ASIC4  AKAP6  ATP2B1  COX6B1  GPM6A  TMEM163  CACNA2D1  UQCRFS1  DDIT3  CYC1  ANK2  NDUFA4  ANK3,2
0.169775287993591\,7\,199\,2.56900711020823\,GO:0099504 synaptic vesicle cycle\,http://amigo.geneontology.org/amigo/term/GO:0099504\,SYT1  CPLX2  SNCG  PCDH17  CDH2  NRXN1  DOC2B,2
0.171995245507469\,15\,915\,1.80089717762871\,GO:0140352 export from cell\,http://amigo.geneontology.org/amigo/term/GO:0140352\,SYT1  CPLX2  ATP2B1  TSPO  PTGDS  CPE  HMGCR  RAB26  SNCG  NRXN1  DOC2B  SRCIN1  CLASP2  RAB31  S100A13,2
0.17338556197296\,8\,213\,2.37035518425504\,GO:0099111 microtubule-based transport\,http://amigo.geneontology.org/amigo/term/GO:0099111\,KLC1  MAP1B  HSPB1  BICD1  NEFL  MAP2  DST  RAB6A,2
0.173918844677192\,42\,2388\,1.35915406231457\,GO:0051649 establishment of localization in cell\,http://amigo.geneontology.org/amigo/term/GO:0051649\,UBL5  SYT1  TIMM44  TIMM50  KLC1  TIMM17A  CPLX2  PEF1  CLASP2  RAB31  NSG1  MAP6  SNCG  YIF1A  RAB6A  DCTN1  AKAP6  FNBP1L  NRG1  CD24  NDRG4  PTGDS  PCDH17  MAP1B  YWHAZ  YWHAG  CDH2  DDIT3  NRXN1  CNTN2  DOC2B  ANK2  HSPB1  BICD1  NEFL  RUFY3  MAP2  ANK3  DST  CACNA2D1  S100A13  TSPO,2
0.174993178814125\,3\,40\,5.09938253454866\,GO:0045773 positive regulation of axon extension\,http://amigo.geneontology.org/amigo/term/GO:0045773\,MAP1B  RUFY3  L1CAM,2
0.174993178814125\,3\,79\,5.09938253454866\,GO:0051057 positive regulation of small GTPase mediated signal transduction\,http://amigo.geneontology.org/amigo/term/GO:0051057\,NRG1  MAPRE2  MAP4K4,2
0.174993178814125\,3\,59\,5.09938253454866\,GO:0098900 regulation of action potential\,http://amigo.geneontology.org/amigo/term/GO:0098900\,CXADR  ANK2  CACNA2D1,2
0.17698296657888\,17\,973\,1.71572974860335\,GO:0051050 positive regulation of transport\,http://amigo.geneontology.org/amigo/term/GO:0051050\,UBL5  BICD1  AKAP6  PRELID1  SYT1  ATP2B1  TSPO  CDH2  DOC2B  CLASP2  NDUFA4  RUFY3  MAP2  ANK2  ANK3  CACNA2D1  RAB31,2
0.177263702917695\,5\,193\,3.16628327308577\,GO:2001257 regulation of cation channel activity\,http://amigo.geneontology.org/amigo/term/GO:2001257\,AKAP6  ANK2  ANK3  CACNA2D1  NRXN1,2
0.183379142526715\,15\,1218\,1.78103434111075\,GO:0034220 ion transmembrane transport\,http://amigo.geneontology.org/amigo/term/GO:0034220\,ASIC4  AKAP6  ATP2B1  GRIA2  COX6B1  GPM6A  TMEM163  CACNA2D1  UQCRFS1  DDIT3  CYC1  ANK2  NDUFA4  ANK3  NRXN1,2
0.183379142526715\,20\,1025\,1.62291906459673\,GO:0044087 regulation of cellular component biogenesis\,http://amigo.geneontology.org/amigo/term/GO:0044087\,TMSB10  EVL  STMN2  FNBP1L  NRG1  CLASP2  GAP43  DCTN1  DPYSL3  SPTBN1  MAP1B  GPM6A  H3-3A  LRRN3  NRXN1  SPTAN1  APC  MAP4K4  MAP2  ROBO2,2
0.186095464546412\,19\,1653\,1.64510911078826\,GO:0055085 transmembrane transport\,http://amigo.geneontology.org/amigo/term/GO:0055085\,ASIC4  TIMM44  TIMM50  TIMM17A  AKAP6  ATP2B1  GRIA2  COX6B1  GPM6A  TMEM163  CACNA2D1  UQCRFS1  DDIT3  CYC1  SLC5A3  ANK2  NDUFA4  ANK3  NRXN1,2
0.187888267971489\,12\,539\,1.92812473943133\,GO:0044089 positive regulation of cellular component biogenesis\,http://amigo.geneontology.org/amigo/term/GO:0044089\,EVL  FNBP1L  NRG1  DCTN1  DPYSL3  MAP1B  GPM6A  LRRN3  NRXN1  APC  CLASP2  MAP4K4,2
0.187888267971489\,12\,594\,1.92812473943133\,GO:0120031 plasma membrane bounded cell projection assembly\,http://amigo.geneontology.org/amigo/term/GO:0120031\,DCX  FNBP1L  GAP43  DPYSL3  ONECUT2  GPM6A  VAV2  APC  CFAP298  EVL  DCTN1  NRXN1,2
0.191767971334177\,15\,689\,1.7680340904457\,GO:0000226 microtubule cytoskeleton organization\,http://amigo.geneontology.org/amigo/term/GO:0000226\,DCX  MAP2  STMN2  MAP1B  APC  TTLL7  BICD1  DST  CLASP2  MAPRE2  MAP6  DCTN1  CRMP1  CNTN2  NEFL,2
0.191767971334177\,15\,1025\,1.7680340904457\,GO:0007167 enzyme linked receptor protein signaling pathway\,http://amigo.geneontology.org/amigo/term/GO:0007167\,NREP  NRG1  RGMB  SNW1  NDRG4  CLASP2  NRXN1  PEG10  SPTBN1  ONECUT2  GFRA1  HSPB1  APC  PTPRG  VAV2,2
0.194536224624343\,3\,104\,4.84441340782123\,GO:0034109 homotypic cell-cell adhesion\,http://amigo.geneontology.org/amigo/term/GO:0034109\,HSPB1  CXADR  ANK3,2
0.194536224624343\,3\,84\,4.84441340782123\,GO:0051966 regulation of synaptic transmission glutamatergic\,http://amigo.geneontology.org/amigo/term/GO:0051966\,CDH2  NRXN1  SYT1,2
0.194536224624343\,3\,121\,4.84441340782123\,GO:0072009 nephron epithelium development\,http://amigo.geneontology.org/amigo/term/GO:0072009\,BASP1  PBX1  CD24,2
0.194851467578588\,32\,2609\,1.42548256597958\,GO:0071310 cellular response to organic substance\,http://amigo.geneontology.org/amigo/term/GO:0071310\,KIDINS220  NREP  RGMB  SSTR2  RBFOX2  SNW1  STMN2  AKAP6  NRXN1  LCOR  PEG10  ATP2B1  TSPO  CPEB4  ONECUT2  MAP1B  INA  GFRA1  NSG1  YWHAG  DDIT3  ROBO2  CACNA2D1  HSPB1  APC  TRA2B  ST18  GNG8  RAB31  DPYSL3  GNG2  CD24,2
0.196915202240859\,9\,446\,2.15307262569832\,GO:0001667 ameboidal-type cell migration\,http://amigo.geneontology.org/amigo/term/GO:0001667\,SEMA6D  MAPRE2  CDH2  MEOX2  HSPB1  PTPRG  CLASP2  EVL  MAP4K4,2
0.196915202240859\,19\,1677\,1.62765437221226\,GO:0006811 ion transport\,http://amigo.geneontology.org/amigo/term/GO:0006811\,SYT1  ASIC4  AKAP6  ATP2B1  CACNA2D1  TSPO  GRIA2  COX6B1  GPM6A  TMEM163  UQCRFS1  SNCG  DDIT3  CYC1  SLC5A3  ANK2  NDUFA4  ANK3  NRXN1,2
0.196915202240859\,9\,388\,2.15307262569832\,GO:0006887 exocytosis\,http://amigo.geneontology.org/amigo/term/GO:0006887\,SYT1  CPLX2  PTGDS  RAB26  DOC2B  SRCIN1  CLASP2  RAB31  S100A13,2
0.196915202240859\,2\,22\,8.07402234636872\,GO:0010738 regulation of protein kinase A signaling\,http://amigo.geneontology.org/amigo/term/GO:0010738\,NRXN1  AKAP6,2
0.196915202240859\,12\,609\,1.90912843657979\,GO:0030031 cell projection assembly\,http://amigo.geneontology.org/amigo/term/GO:0030031\,DCX  FNBP1L  GAP43  DPYSL3  ONECUT2  GPM6A  VAV2  APC  CFAP298  EVL  DCTN1  NRXN1,2
0.196915202240859\,9\,584\,2.15307262569832\,GO:0044057 regulation of system process\,http://amigo.geneontology.org/amigo/term/GO:0044057\,ATP2B1  TSPO  CXADR  PBX3  NRXN1  SSTR2  ANK2  CACNA2D1  AKAP6,2
0.196915202240859\,51\,3120\,1.29387318040787\,GO:0051641 cellular localization\,http://amigo.geneontology.org/amigo/term/GO:0051641\,UBL5  TMSB10  SYT1  TIMM44  TIMM50  SPTBN1  KLC1  TIMM17A  CPLX2  BICD1  PEF1  CLASP2  MAPRE2  RAB31  NSG1  MAP6  SNCG  YIF1A  RAB6A  DCTN1  AKAP6  CPE  FNBP1L  NRG1  CD24  TSPO  NDRG4  PTGDS  PCDH17  MAP1B  H3-3A  NFASC  YWHAZ  YWHAG  CDH2  DDIT3  NRXN1  CNTN2  SLC5A3  DOC2B  ANK2  ANK3  HSPB1  APC  RAB26  NEFL  RUFY3  MAP2  DST  CACNA2D1  S100A13,2
0.196915202240859\,5\,211\,3.04680088542216\,GO:0060401 cytosolic calcium ion transport\,http://amigo.geneontology.org/amigo/term/GO:0060401\,AKAP6  ATP2B1  DDIT3  ANK2  CACNA2D1,2
0.196915202240859\,2\,14\,8.07402234636872\,GO:0072393 microtubule anchoring at microtubule organizing center\,http://amigo.geneontology.org/amigo/term/GO:0072393\,BICD1  DCTN1,2
0.196915202240859\,2\,22\,8.07402234636872\,GO:0098698 postsynaptic specialization assembly\,http://amigo.geneontology.org/amigo/term/GO:0098698\,GAP43  NRXN1,2
0.196915202240859\,2\,11\,8.07402234636872\,GO:1904779 regulation of protein localization to centrosome\,http://amigo.geneontology.org/amigo/term/GO:1904779\,BICD1  APC,2
0.199107401197552\,11\,765\,1.96274576375814\,GO:0001944 vasculature development\,http://amigo.geneontology.org/amigo/term/GO:0001944\,CDH2  GTF2I  THSD7A  MEOX2  VAV2  YWHAZ  DDIT3  NRXN1  NRCAM  HSPB1  ROBO2,2
0.199107401197552\,4\,85\,3.58845437616387\,GO:0021954 central nervous system neuron development\,http://amigo.geneontology.org/amigo/term/GO:0021954\,DCX  MAP2  CNTN2  DCC,2
0.199107401197552\,4\,173\,3.58845437616387\,GO:0031960 response to corticosteroid\,http://amigo.geneontology.org/amigo/term/GO:0031960\,SSTR2  ATP2B1  PTGDS  NEFL,2
0.199107401197552\,4\,143\,3.58845437616387\,GO:0035270 endocrine system development\,http://amigo.geneontology.org/amigo/term/GO:0035270\,TSPO  ONECUT2  CDH2  PBX1,2
0.199107401197552\,4\,178\,3.58845437616387\,GO:0051048 negative regulation of secretion\,http://amigo.geneontology.org/amigo/term/GO:0051048\,NRG1  TSPO  HMGCR  SRCIN1,2
0.000142312303398864\,15\,1482\,5.3359173126615\,GO:0007186 G protein-coupled receptor signaling pathway\,http://amigo.geneontology.org/amigo/term/GO:0007186\,GAL  PREX1  GRM4  GNG5  SSTR2  APLP1  AGT  SNCA  PCSK1N  PTH2  GPRC5C  EZR  CALM2  CALM3  CALM1,3
0.000142312303398864\,58\,4617\,1.88244671595125\,GO:0048731 system development\,http://amigo.geneontology.org/amigo/term/GO:0048731\,ACTB  CALM2  CALM3  CKB  CALM1  MAP2  APLP1  EFNB3  MDGA1  CALD1  SERPINF1  MXRA8  NEUROD1  PBX1  PDLIM7  AGT  ITM2C  MYCBP2  ARID4A  CAMK2B  NGFR  PHGDH  MFNG  CELF4  NR3C1  DPYSL3  IGFBP5  GADD45A  WLS  PREX1  BTN2A2  ATP5IF1  NOVA1  CRABP2  FEZ1  CMTM7  ELAVL4  ALCAM  GNG5  NR2F1  BAIAP2  SSTR2  MAB21L1  MAB21L2  DNER  ELAVL3  GPX1  NEFL  SAT1  SNCA  ATP5F1B  PPIB  PCP4  ACTG1  IQSEC1  PPP1R17  GSTP1  NHLH1,3
0.000926569532635966\,26\,2507\,2.7812991434016\,GO:0003008 system process\,http://amigo.geneontology.org/amigo/term/GO:0003008\,SCN9A  CALM2  CALM3  CALM1  GAL  AGT  MYL1  MYCBP2  JPH4  EZR  CELF4  SOBP  IGFBP5  CALD1  SERPINF1  ATP1B1  SNCA  ELAVL4  NEUROD1  BAIAP2  SSTR2  SELENOM  GPX1  NEFL  CAMK2B  MYL6,3
0.000926569532635966\,37\,3024\,2.22903642577311\,GO:0051239 regulation of multicellular organismal process\,http://amigo.geneontology.org/amigo/term/GO:0051239\,BTN2A2  SERPINF1  ARID4A  ACTB  BCL7A  CALM2  CALM3  CALM1  GAL  GSTP1  AGT  TMSB4X  HLA-A  NGFR  JPH4  EZR  CELF4  PTGDS  EFNB3  IGFBP5  GADD45A  NOVA1  ATP1B1  CRABP2  SPON2  NEUROD1  BAIAP2  SSTR2  PBX1  NEFL  ATP5F1B  RPS3  PPIB  AGPAT2  CAMK2B  MAP2  IQSEC1,3
0.00381474081055058\,24\,1123\,2.65610106230261\,GO:0007417 central nervous system development\,http://amigo.geneontology.org/amigo/term/GO:0007417\,ACTB  CALM2  CALM3  CKB  CALM1  APLP1  MXRA8  PBX1  MYCBP2  NGFR  MAP2  PHGDH  MDGA1  WLS  FEZ1  ELAVL4  NEUROD1  BAIAP2  SSTR2  NEFL  DNER  PPP1R17  GSTP1  NHLH1,3
0.00381474081055058\,8\,160\,7.79507920458375\,GO:1904064 positive regulation of cation transmembrane transport\,http://amigo.geneontology.org/amigo/term/GO:1904064\,CALM3  GAL  ATP1B1  CALM2  SNCA  CALM1  TMSB4X  AGT,3
0.00623682087962285\,39\,2618\,1.95312459399766\,GO:0007399 nervous system development\,http://amigo.geneontology.org/amigo/term/GO:0007399\,ACTB  CALM2  CALM3  CKB  CALM1  MAP2  APLP1  EFNB3  MDGA1  MXRA8  NEUROD1  PBX1  SERPINF1  ITM2C  MYCBP2  CAMK2B  NGFR  PHGDH  DPYSL3  WLS  AGT  NOVA1  CRABP2  FEZ1  ELAVL4  ALCAM  NR2F1  BAIAP2  SSTR2  DNER  ELAVL3  NEFL  SNCA  PCP4  IQSEC1  PPP1R17  GSTP1  NHLH1  MAB21L2,3
0.00675454669952096\,11\,440\,4.28729356252106\,GO:0003012 muscle system process\,http://amigo.geneontology.org/amigo/term/GO:0003012\,CALM2  CALM3  CALM1  MYL1  IGFBP5  CALD1  AGT  ATP1B1  SSTR2  CAMK2B  MYL6,3
0.00675454669952096\,4\,117\,17.9286821705426\,GO:0007218 neuropeptide signaling pathway\,http://amigo.geneontology.org/amigo/term/GO:0007218\,GAL  SSTR2  PCSK1N  PTH2,3
0.00675454669952096\,36\,2867\,1.98716920609463\,GO:0009653 anatomical structure morphogenesis\,http://amigo.geneontology.org/amigo/term/GO:0009653\,ACTB  EZR  APLP1  EFNB3  SOBP  SMAD9  CALD1  SERPINF1  CDC42EP3  PBX1  AGT  MYCBP2  NGFR  MFNG  NR3C1  IGFBP5  GADD45A  WLS  PREX1  CRABP2  FEZ1  ELAVL4  NEUROD1  ALCAM  GNG5  BAIAP2  MAB21L2  ACTG1  GPX1  NEFL  MAP2  SAT1  ATP5F1B  CAMK2B  ATP5IF1  MAB21L1,3
0.00675454669952096\,11\,427\,4.40213178294574\,GO:0010959 regulation of metal ion transport\,http://amigo.geneontology.org/amigo/term/GO:0010959\,NKAIN4  CALM2  CALM3  CALM1  GAL  CD63  ATP1B1  SNCA  JPH4  AGT  CAMK2B,3
0.00675454669952096\,3\,23\,33.6162790697674\,GO:0015874 norepinephrine transport\,http://amigo.geneontology.org/amigo/term/GO:0015874\, SNCA  AGT  ACTB,3
0.00675454669952096\,6\,117\,9.6046511627907\,GO:0033559 unsaturated fatty acid metabolic process\,http://amigo.geneontology.org/amigo/term/GO:0033559\,EPHX1  SCD5  GSTP1  PTGDS  GPX1,3
0.00675454669952096\,13\,596\,3.80838019962507\,GO:0034762 regulation of transmembrane transport\,http://amigo.geneontology.org/amigo/term/GO:0034762\,CALM2  CALM3  CALM1  GAL  CD63  ATP1B1  SNCA  TMSB4X  OAZ1  AGT  SCN9A  ACTB  JPH4,3
0.00675454669952096\,8\,176\,6.64025265575653\,GO:0034767 positive regulation of ion transmembrane transport\,http://amigo.geneontology.org/amigo/term/GO:0034767\,CALM3  GAL  ATP1B1  CALM2  SNCA  CALM1  TMSB4X  AGT,3
0.00675454669952096\,14\,745\,3.69119927040584\,GO:0043269 regulation of ion transport\,http://amigo.geneontology.org/amigo/term/GO:0043269\,NKAIN4  CALM2  CALM3  CALM1  GAL  CD63  ATP1B1  SNCA  TMSB4X  JPH4  AGT  SCN9A  FXYD7  CAMK2B,3
0.00675454669952096\,12\,584\,3.98415159345392\,GO:0044057 regulation of system process\,http://amigo.geneontology.org/amigo/term/GO:0044057\,CALM2  CALM3  CALM1  GAL  CELF4  IGFBP5  AGT  ATP1B1  NEUROD1  BAIAP2  SSTR2  CAMK2B,3
0.00675454669952096\,3\,5\,33.6162790697674\,GO:0051343 positive regulation of cyclic-nucleotide phosphodiesterase activity\,http://amigo.geneontology.org/amigo/term/GO:0051343\,CALM2  CALM3  CALM1,3
0.00675454669952096\,3\,5\,33.6162790697674\,GO:1905912 regulation of calcium ion export across plasma membrane\,http://amigo.geneontology.org/amigo/term/GO:1905912\,CALM2  CALM3  CALM1,3
0.00675454669952096\,3\,5\,33.6162790697674\,GO:1905913 negative regulation of calcium ion export across plasma membrane\,http://amigo.geneontology.org/amigo/term/GO:1905913\,CALM2  CALM3  CALM1,3
0.00881764795022392\,30\,2254\,2.06869409660107\,GO:0006928 movement of cell or subcellular component\,http://amigo.geneontology.org/amigo/term/GO:0006928\,ACTB  EFNB3  KIF19  TMSB4X  ARID4A  IGFBP5  AGT  PPIB  MYCBP2  NGFR  ATP5F1B  MDGA1  DPYSL3  GADD45A  PREX1  SERPINF1  FEZ1  CFAP298  ALCAM  GPX1  TCP10L  CAMK2B  CD63  ACTG1  NEFL  MAP2  IQSEC1  MYL1  DNER  MYL6,3
0.00881764795022392\,41\,3774\,1.79112078214485\,GO:0048513 animal organ development\,http://amigo.geneontology.org/amigo/term/GO:0048513\,ACTB  CALM2  CALM3  CKB  CALM1  SOBP  PBX1  PDLIM7  GAL  AGT  ARID4A  NGFR  PHGDH  MFNG  CELF4  APLP1  MDGA1  NR3C1  IGFBP5  WLS  PREX1  BTN2A2  TNFRSF19  ATP5IF1  SERPINF1  FEZ1  CMTM7  ELAVL4  NEUROD1  GNG5  BAIAP2  SSTR2  MAB21L1  MAB21L2  DNER  SELENOM  GPX1  NEFL  PPIB  ZBTB18  MYL6,3
0.00881764795022392\,6\,150\,8.40406976744186\,GO:0051384 response to glucocorticoid\,http://amigo.geneontology.org/amigo/term/GO:0051384\,SSTR2  NR3C1  PTGDS  SERPINF1  CALM3  NEFL,3
0.0088832666019575\,11\,511\,4.07470049330514\,GO:0034765 regulation of ion transmembrane transport\,http://amigo.geneontology.org/amigo/term/GO:0034765\,CALM2  CALM3  CALM1  GAL  CD63  ATP1B1  SNCA  TMSB4X  AGT  SCN9A  JPH4,3
0.00943004953954824\,5\,129\,10.671834625323\,GO:0006690 icosanoid metabolic process\,http://amigo.geneontology.org/amigo/term/GO:0006690\,EPHX1  GSTP1  PTGDS  GPX1,3
0.0096047477050011\,9\,354\,4.80232558139535\,GO:0006936 muscle contraction\,http://amigo.geneontology.org/amigo/term/GO:0006936\,CALM2  CALM3  CALM1  MYL1  CALD1  AGT  ATP1B1  SSTR2  MYL6,3
0.0096047477050011\,47\,4552\,1.67324873315231\,GO:0030154 cell differentiation\,http://amigo.geneontology.org/amigo/term/GO:0030154\,ATP5F1B  ACTB  MAP2  APLP1  EFNB3  SMAD9  MXRA8  NEUROD1  NR2F1  PBX1  BCL7A  SERPINF1  AGT  ITM2C  MYCBP2  ARID4A  RAI14  CAMK2B  NGFR  PHGDH  MFNG  MDGA1  DPYSL3  IGFBP5  PREX1  BTN2A2  ATP5IF1  CD63  CRABP2  RPS3A  FEZ1  CMTM7  ELAVL4  ALCAM  NHLH1  BAIAP2  ACTG1  DNER  ELAVL3  PDLIM7  GPX1  PEG10  NEFL  EZR  PCP4  IQSEC1  CELF4,3
0.0096047477050011\,3\,25\,26.893023255814\,GO:0035929 steroid hormone secretion\,http://amigo.geneontology.org/amigo/term/GO:0035929\, GAL  AGT  SELENOM,3
0.0096047477050011\,3\,20\,26.893023255814\,GO:0035930 corticosteroid hormone secretion\,http://amigo.geneontology.org/amigo/term/GO:0035930\, GAL  AGT  SELENOM,3
0.0096047477050011\,26\,1992\,2.17013843777518\,GO:0040011 locomotion\,http://amigo.geneontology.org/amigo/term/GO:0040011\,ACTB  EFNB3  TMSB4X  ARID4A  IGFBP5  AGT  PPIB  MYCBP2  NGFR  ATP5F1B  MDGA1  DPYSL3  GADD45A  PREX1  SERPINF1  SNCA  CMTM7  ALCAM  GPX1  NEFL  CAMK2B  CD63  ACTG1  IQSEC1  DNER  FEZ1,3
0.0096047477050011\,10\,375\,4.2687338501292\,GO:1904062 regulation of cation transmembrane transport\,http://amigo.geneontology.org/amigo/term/GO:1904062\,CALM2  CALM3  CALM1  GAL  CD63  ATP1B1  SNCA  TMSB4X  AGT  JPH4,3
0.0096047477050011\,3\,10\,26.893023255814\,GO:1990034 calcium ion export across plasma membrane\,http://amigo.geneontology.org/amigo/term/GO:1990034\,CALM2  CALM3  CALM1,3
0.0096047477050011\,5\,81\,10.1867512332629\,GO:2001259 positive regulation of cation channel activity\,http://amigo.geneontology.org/amigo/term/GO:2001259\,CALM3  GAL  CALM2  CALM1  TMSB4X,3
0.00974619659338654\,47\,4576\,1.65745094810288\,GO:0048869 cellular developmental process\,http://amigo.geneontology.org/amigo/term/GO:0048869\,ATP5F1B  ACTB  MAP2  APLP1  EFNB3  SMAD9  MXRA8  NEUROD1  NR2F1  PBX1  BCL7A  SERPINF1  AGT  ITM2C  MYCBP2  ARID4A  RAI14  CAMK2B  NGFR  PHGDH  MFNG  MDGA1  DPYSL3  IGFBP5  PREX1  BTN2A2  ATP5IF1  CD63  CRABP2  RPS3A  FEZ1  CMTM7  ELAVL4  ALCAM  NHLH1  BAIAP2  ACTG1  DNER  ELAVL3  PDLIM7  GPX1  PEG10  NEFL  EZR  PCP4  IQSEC1  CELF4,3
0.010231709776479\,8\,286\,5.27314181486548\,GO:0051924 regulation of calcium ion transport\,http://amigo.geneontology.org/amigo/term/GO:0051924\,CALM2  CALM3  CALM1  SNCA  JPH4  AGT  ATP1B1  CAMK2B,3
0.0103465715335743\,6\,173\,7.4702842377261\,GO:0031960 response to corticosteroid\,http://amigo.geneontology.org/amigo/term/GO:0031960\,SSTR2  NR3C1  PTGDS  SERPINF1  CALM3  NEFL,3
0.010894855538353\,9\,283\,4.58403805496829\,GO:0022898 regulation of transmembrane transporter activity\,http://amigo.geneontology.org/amigo/term/GO:0022898\,CALM2  CALM3  GAL  ATP1B1  CALM1  TMSB4X  ACTB  SNCA  JPH4,3
0.0111943349533847\,4\,28\,13.7912939773405\,GO:0010882 regulation of cardiac muscle contraction by calcium ion signaling\,http://amigo.geneontology.org/amigo/term/GO:0010882\,CALM2  CALM3  CALM1  ATP1B1,3
0.0111943349533847\,4\,28\,13.7912939773405\,GO:0086064 cell communication by electrical coupling involved in cardiac conduction\,http://amigo.geneontology.org/amigo/term/GO:0086064\,CALM2  CALM3  CALM1  ATP1B1,3
0.0114894824299274\,45\,4821\,1.66417223117661\,GO:0042221 response to chemical\,http://amigo.geneontology.org/amigo/term/GO:0042221\,EFNB3  NR3C1  SMAD9  CD63  SSTR2  SVIP  GPX1  ARID4A  GSTP1  SNCA  AGPAT2  NGFR  APLP1  IGFBP5  AGT  CALM2  RPS3  CALM3  PPIB  CALM1  TMSB4X  PEG10  MYCBP2  GAL  TLE4  PTGDS  ATP5F1B  PREX1  TNFRSF19  SERPINF1  EPHX1  FEZ1  CMTM7  SPON2  ELAVL4  NEUROD1  SCN9A  ALCAM  BAIAP2  ACTG1  SELENOM  NEFL  ACTB  EZR  DPYSL3,3
0.011809708237717\,13\,444\,3.16675092686215\,GO:0010975 regulation of neuron projection development\,http://amigo.geneontology.org/amigo/term/GO:0010975\,ITM2C  EFNB3  DPYSL3  SERPINF1  AGT  CRABP2  FEZ1  ELAVL4  NR2F1  BAIAP2  NEFL  CAMK2B  MAP2,3
0.011809708237717\,9\,300\,4.29143988124691\,GO:0032409 regulation of transporter activity\,http://amigo.geneontology.org/amigo/term/GO:0032409\,CALM2  CALM3  GAL  ATP1B1  SNCA  CALM1  TMSB4X  ACTB  JPH4,3
0.011809708237717\,6\,117\,6.72325581395349\,GO:0032414 positive regulation of ion transmembrane transporter activity\,http://amigo.geneontology.org/amigo/term/GO:0032414\,CALM3  GAL  ATP1B1  CALM2  CALM1  TMSB4X,3
0.011809708237717\,8\,226\,4.91196771795689\,GO:0034764 positive regulation of transmembrane transport\,http://amigo.geneontology.org/amigo/term/GO:0034764\,CALM3  GAL  ATP1B1  CALM2  SNCA  CALM1  TMSB4X  AGT,3
0.011809708237717\,30\,2239\,1.94594958435702\,GO:0048468 cell development\,http://amigo.geneontology.org/amigo/term/GO:0048468\,ACTB  MAP2  APLP1  EFNB3  MXRA8  PBX1  SERPINF1  ITM2C  MYCBP2  ARID4A  NGFR  PHGDH  DPYSL3  PREX1  AGT  CRABP2  FEZ1  ELAVL4  NEUROD1  ALCAM  NR2F1  BAIAP2  ACTG1  DNER  GPX1  NEFL  EZR  CAMK2B  IQSEC1  CELF4,3
0.011809708237717\,22\,1169\,2.27206801700425\,GO:0048666 neuron development\,http://amigo.geneontology.org/amigo/term/GO:0048666\,ACTB  MAP2  APLP1  EFNB3  PBX1  ITM2C  MYCBP2  NGFR  PHGDH  DPYSL3  SERPINF1  AGT  CRABP2  FEZ1  ELAVL4  NEUROD1  ALCAM  NR2F1  BAIAP2  NEFL  CAMK2B  IQSEC1,3
0.011809708237717\,5\,86\,8.6195587358378\,GO:0051279 regulation of release of sequestered calcium ion into cytosol\,http://amigo.geneontology.org/amigo/term/GO:0051279\,CALM2  CALM3  CALM1  SNCA  JPH4,3
0.011809708237717\,3\,13\,22.4108527131783\,GO:0051280 negative regulation of release of sequestered calcium ion into cytosol\,http://amigo.geneontology.org/amigo/term/GO:0051280\,CALM2  CALM1  CALM3,3
0.011809708237717\,4\,43\,12.8062015503876\,GO:0051281 positive regulation of release of sequestered calcium ion into cytosol\,http://amigo.geneontology.org/amigo/term/GO:0051281\,CALM3  CALM2  SNCA  CALM1,3
0.011809708237717\,3\,10\,22.4108527131783\,GO:0051342 regulation of cyclic-nucleotide phosphodiesterase activity\,http://amigo.geneontology.org/amigo/term/GO:0051342\,CALM2  CALM3  CALM1,3
0.011809708237717\,14\,867\,2.98811369509044\,GO:0055082 cellular chemical homeostasis\,http://amigo.geneontology.org/amigo/term/GO:0055082\,ATP1B1  CALM2  CALM3  ATP6V0B  CALM1  SNCA  NGFR  SERPINF1  AGT  NEUROD1  CKB  GPX1  ATP5F1B  JPH4,3
0.011809708237717\,4\,28\,12.8062015503876\,GO:0060314 regulation of ryanodine-sensitive calcium-release channel activity\,http://amigo.geneontology.org/amigo/term/GO:0060314\,CALM2  CALM3  CALM1  JPH4,3
0.011809708237717\,3\,11\,22.4108527131783\,GO:0060315 negative regulation of ryanodine-sensitive calcium-release channel activity\,http://amigo.geneontology.org/amigo/term/GO:0060315\,CALM2  CALM1  CALM3,3
0.011809708237717\,3\,9\,22.4108527131783\,GO:0060316 positive regulation of ryanodine-sensitive calcium-release channel activity\,http://amigo.geneontology.org/amigo/term/GO:0060316\,CALM3  CALM2  CALM1,3
0.011809708237717\,4\,47\,12.8062015503876\,GO:0070839 metal ion export\,http://amigo.geneontology.org/amigo/term/GO:0070839\,ATP1B1  CALM2  CALM3  CALM1,3
0.011809708237717\,8\,239\,4.9801894918174\,GO:0090257 regulation of muscle system process\,http://amigo.geneontology.org/amigo/term/GO:0090257\,CALM2  CALM3  CALM1  IGFBP5  AGT  ATP1B1  SSTR2  CAMK2B,3
0.011809708237717\,17\,883\,2.62747928361401\,GO:0097435 supramolecular fiber organization\,http://amigo.geneontology.org/amigo/term/GO:0097435\,NEFM  DPYSL3  CALD1  PRPH  CDC42EP3  BAIAP2  TMSB4X  NEFL  EZR  SNCA  MID1  ACTG1  KIF19  RPS3  MAP2  GPX1  PREX1,3
0.011809708237717\,3\,12\,22.4108527131783\,GO:1901844 regulation of cell communication by electrical coupling involved in cardiac conduction\,http://amigo.geneontology.org/amigo/term/GO:1901844\,CALM2  CALM3  CALM1,3
0.011809708237717\,5\,83\,8.6195587358378\,GO:1904427 positive regulation of calcium ion transmembrane transport\,http://amigo.geneontology.org/amigo/term/GO:1904427\,CALM3  CALM2  SNCA  CALM1  ATP1B1,3
0.0130263770442252\,20\,1222\,2.34668614797679\,GO:0044092 negative regulation of molecular function\,http://amigo.geneontology.org/amigo/term/GO:0044092\,ATP5IF1  SERPINF1  AGT  GSTP1  CALM2  SNCA  PBX1  CALM1  TMSB4X  ACTB  PCSK1N  OAZ1  PPP1R17  GADD45A  PPP1R1C  CALM3  PPP1R14A  PPP1R27  GPX1  MAP2,3
0.0130263770442252\,4\,61\,11.9524547803618\,GO:0060632 regulation of microtubule-based movement\,http://amigo.geneontology.org/amigo/term/GO:0060632\,FEZ1  CFAP298  TCP10L  MAP2,3
0.0130263770442252\,4\,66\,11.9524547803618\,GO:0140115 export across plasma membrane\,http://amigo.geneontology.org/amigo/term/GO:0140115\,ATP1B1  CALM2  CALM3  CALM1,3
0.013739973802441\,20\,1424\,2.33446382428941\,GO:0051094 positive regulation of developmental process\,http://amigo.geneontology.org/amigo/term/GO:0051094\,ARID4A  ACTB  BCL7A  GAL  SERPINF1  AGT  NGFR  EZR  PREX1  BTN2A2  CRABP2  FEZ1  ELAVL4  NEUROD1  BAIAP2  PDLIM7  NEFL  PPIB  PCP4  CAMK2B,3
0.0154265512526595\,4\,65\,11.2054263565891\,GO:0010524 positive regulation of calcium ion transport into cytosol\,http://amigo.geneontology.org/amigo/term/GO:0010524\,CALM3  CALM2  SNCA  CALM1,3
0.0154265512526595\,4\,36\,11.2054263565891\,GO:0010644 cell communication by electrical coupling\,http://amigo.geneontology.org/amigo/term/GO:0010644\,CALM2  CALM3  CALM1  ATP1B1,3
0.0154265512526595\,20\,1001\,2.3103971869256\,GO:0031175 neuron projection development\,http://amigo.geneontology.org/amigo/term/GO:0031175\,ACTB  MAP2  APLP1  EFNB3  ITM2C  MYCBP2  NGFR  PHGDH  DPYSL3  SERPINF1  AGT  CRABP2  FEZ1  ELAVL4  ALCAM  NR2F1  BAIAP2  NEFL  CAMK2B  IQSEC1,3
0.0154265512526595\,6\,128\,6.25419145484045\,GO:0032411 positive regulation of transporter activity\,http://amigo.geneontology.org/amigo/term/GO:0032411\,CALM3  GAL  ATP1B1  CALM2  CALM1  TMSB4X,3
0.0154265512526595\,8\,299\,4.53890687861839\,GO:0043270 positive regulation of ion transport\,http://amigo.geneontology.org/amigo/term/GO:0043270\,CALM3  GAL  ATP1B1  CALM2  SNCA  CALM1  TMSB4X  AGT,3
0.0154265512526595\,14\,942\,2.8522903453136\,GO:0098660 inorganic ion transmembrane transport\,http://amigo.geneontology.org/amigo/term/GO:0098660\,ATP1B1  CALM2  CALM3  SCN9A  ATP6V0B  CALM1  GAL  CD63  SNCA  TMSB4X  ATP5F1B  TTYH2  ATP5MG  JPH4,3
0.0158035591124106\,18\,1729\,2.43009246287476\,GO:0007155 cell adhesion\,http://amigo.geneontology.org/amigo/term/GO:0007155\,ACTB  ACTG1  SPON2  ALCAM  MDGA1  HLA-A  APLP1  EFNB3  ATP5F1B  PREX1  BTN2A2  ATP1B1  MXRA8  BAIAP2  EZR  CD63  RPS3  FEZ1,3
0.0164009792650071\,6\,170\,6.11205073995772\,GO:0035637 multicellular organismal signaling\,http://amigo.geneontology.org/amigo/term/GO:0035637\,SCN9A  CALM2  CALM3  CALM1  AGT  ATP1B1,3
0.0164009792650071\,25\,1522\,2.03735024665257\,GO:0048699 generation of neurons\,http://amigo.geneontology.org/amigo/term/GO:0048699\,ACTB  MAP2  APLP1  EFNB3  NEUROD1  PBX1  ITM2C  MYCBP2  NGFR  PHGDH  MDGA1  DPYSL3  SERPINF1  AGT  CRABP2  FEZ1  ELAVL4  ALCAM  NR2F1  BAIAP2  NEFL  CAMK2B  PCP4  IQSEC1  DNER,3
0.0179303348028624\,6\,102\,5.97622739018088\,GO:0030901 midbrain development\,http://amigo.geneontology.org/amigo/term/GO:0030901\,ACTB  CALM2  CALM3  CKB  CALM1  WLS,3
0.0179303348028624\,17\,1109\,2.47392529950669\,GO:0051270 regulation of cellular component movement\,http://amigo.geneontology.org/amigo/term/GO:0051270\,TMSB4X  ARID4A  IGFBP5  AGT  MYCBP2  DPYSL3  GADD45A  SERPINF1  FEZ1  CFAP298  TCP10L  ATP5F1B  CAMK2B  NGFR  ACTG1  MAP2  IQSEC1,3
0.0182502329127242\,10\,555\,3.557278208441\,GO:0001525 angiogenesis\,http://amigo.geneontology.org/amigo/term/GO:0001525\,CALD1  SERPINF1  GADD45A  AGT  GPX1  SAT1  NGFR  ATP5F1B  ACTG1  ATP5IF1,3
0.0182502329127242\,5\,115\,7.4702842377261\,GO:0010522 regulation of calcium ion transport into cytosol\,http://amigo.geneontology.org/amigo/term/GO:0010522\,CALM2  CALM3  CALM1  SNCA  JPH4,3
0.0182502329127242\,24\,1449\,2.05682778247143\,GO:0030182 neuron differentiation\,http://amigo.geneontology.org/amigo/term/GO:0030182\,ACTB  MAP2  APLP1  EFNB3  NEUROD1  PBX1  ITM2C  MYCBP2  NGFR  PHGDH  DPYSL3  SERPINF1  AGT  CRABP2  FEZ1  ELAVL4  ALCAM  NR2F1  BAIAP2  NEFL  PCP4  CAMK2B  MDGA1  IQSEC1,3
0.0184057212219519\,2\,65\,44.8217054263566\,GO:0007187 G protein-coupled receptor signaling pathway coupled to cyclic nucleotide second messenger\,http://amigo.geneontology.org/amigo/term/GO:0007187\,SSTR2  AGT,3
0.0184057212219519\,2\,9\,44.8217054263566\,GO:0051620 norepinephrine uptake\,http://amigo.geneontology.org/amigo/term/GO:0051620\, SNCA  ACTB,3
0.0184057212219519\,2\,4\,44.8217054263566\,GO:0150111 regulation of transepithelial transport\,http://amigo.geneontology.org/amigo/term/GO:0150111\,ACTB  ACTG1,3
0.0184057212219519\,2\,5\,44.8217054263566\,GO:1901842 negative regulation of high voltage-gated calcium channel activity\,http://amigo.geneontology.org/amigo/term/GO:1901842\,CALM3  CALM1,3
0.0187627987880291\,3\,14\,16.8081395348837\,GO:0005513 detection of calcium ion\,http://amigo.geneontology.org/amigo/term/GO:0005513\,CALM2  CALM3  CALM1,3
0.0187627987880291\,3\,17\,16.8081395348837\,GO:0010649 regulation of cell communication by electrical coupling\,http://amigo.geneontology.org/amigo/term/GO:0010649\,CALM2  CALM3  CALM1,3
0.0187627987880291\,3\,19\,16.8081395348837\,GO:0010801 negative regulation of peptidyl-threonine phosphorylation\,http://amigo.geneontology.org/amigo/term/GO:0010801\,CALM2  CALM3  CALM1,3
0.0187627987880291\,3\,29\,16.8081395348837\,GO:0031954 positive regulation of protein autophosphorylation\,http://amigo.geneontology.org/amigo/term/GO:0031954\,CALM2  CALM3  CALM1,3
0.0187627987880291\,35\,2945\,1.7334361214613\,GO:0032879 regulation of localization\,http://amigo.geneontology.org/amigo/term/GO:0032879\,EZR  NKAIN4  CALM2  CALM3  SVIP  TMSB4X  ARID4A  NEUROD1  CALM1  NGFR  GAL  IGFBP5  CD63  AGT  ATP1B1  SNCA  MYCBP2  JPH4  OAZ1  DPYSL3  GADD45A  ATP5IF1  SERPINF1  FEZ1  CFAP298  SCN9A  FXYD7  TCP10L  ACTB  ATP5F1B  CAMK2B  WLS  ACTG1  MAP2  IQSEC1,3
0.0187627987880291\,3\,77\,16.8081395348837\,GO:0045109 intermediate filament organization\,http://amigo.geneontology.org/amigo/term/GO:0045109\, NEFM  PRPH  NEFL,3
0.0187627987880291\,3\,15\,16.8081395348837\,GO:0051284 positive regulation of sequestering of calcium ion\,http://amigo.geneontology.org/amigo/term/GO:0051284\,CALM2  CALM1  CALM3,3
0.0187627987880291\,5\,100\,7.22930732683171\,GO:0061337 cardiac conduction\,http://amigo.geneontology.org/amigo/term/GO:0061337\,CALM2  CALM3  CALM1  AGT  ATP1B1,3
0.0187627987880291\,14\,972\,2.72827772160431\,GO:0098655 cation transmembrane transport\,http://amigo.geneontology.org/amigo/term/GO:0098655\,ATP1B1  CALM2  CALM3  SCN9A  ATP6V0B  CALM1  GAL  CD63  SNCA  TMSB4X  ATP5F1B  AGT  ATP5MG  JPH4,3
0.0187627987880291\,25\,1563\,1.98677772279949\,GO:0120036 plasma membrane bounded cell projection organization\,http://amigo.geneontology.org/amigo/term/GO:0120036\,ACTB  MAP2  APLP1  EFNB3  CDC42EP3  ITM2C  EMP3  MYCBP2  NGFR  PHGDH  EZR  DPYSL3  SERPINF1  AGT  CRABP2  FEZ1  ELAVL4  ALCAM  NR2F1  BAIAP2  KIF19  NEFL  CFAP298  CAMK2B  IQSEC1,3
0.0187627987880291\,4\,46\,9.9603789836348\,GO:1901021 positive regulation of calcium ion transmembrane transporter activity\,http://amigo.geneontology.org/amigo/term/GO:1901021\,CALM3  CALM2  CALM1  ATP1B1,3
0.0191888793401328\,15\,644\,2.59585166561911\,GO:0120035 regulation of plasma membrane bounded cell projection organization\,http://amigo.geneontology.org/amigo/term/GO:0120035\,CDC42EP3  ITM2C  EZR  EFNB3  DPYSL3  SERPINF1  AGT  CRABP2  FEZ1  ELAVL4  NR2F1  BAIAP2  NEFL  CAMK2B  MAP2,3
0.0198849439466444\,13\,840\,2.82855422593512\,GO:0098662 inorganic cation transmembrane transport\,http://amigo.geneontology.org/amigo/term/GO:0098662\,ATP1B1  CALM2  CALM3  SCN9A  ATP6V0B  CALM1  GAL  CD63  SNCA  TMSB4X  ATP5F1B  ATP5MG  JPH4,3
0.0198849439466444\,6\,169\,5.60271317829457\,GO:1903169 regulation of calcium ion transmembrane transport\,http://amigo.geneontology.org/amigo/term/GO:1903169\,CALM2  CALM3  CALM1  SNCA  ATP1B1  JPH4,3
0.01995938131728\,5\,51\,7.00339147286822\,GO:0021762 substantia nigra development\,http://amigo.geneontology.org/amigo/term/GO:0021762\,ACTB  CALM2  CALM3  CKB  CALM1,3
0.0207876295490151\,7\,152\,4.68286474603726\,GO:0010976 positive regulation of neuron projection development\,http://amigo.geneontology.org/amigo/term/GO:0010976\,DPYSL3  SERPINF1  AGT  FEZ1  ELAVL4  BAIAP2  CAMK2B,3
0.0213767295715887\,15\,660\,2.55637103192148\,GO:0031344 regulation of cell projection organization\,http://amigo.geneontology.org/amigo/term/GO:0031344\,CDC42EP3  ITM2C  EZR  EFNB3  DPYSL3  SERPINF1  AGT  CRABP2  FEZ1  ELAVL4  NR2F1  BAIAP2  NEFL  CAMK2B  MAP2,3
0.0219634361205229\,25\,1606\,1.95557178998065\,GO:0030030 cell projection organization\,http://amigo.geneontology.org/amigo/term/GO:0030030\,ACTB  MAP2  APLP1  EFNB3  CDC42EP3  ITM2C  EMP3  MYCBP2  NGFR  PHGDH  EZR  DPYSL3  SERPINF1  AGT  CRABP2  FEZ1  ELAVL4  ALCAM  NR2F1  BAIAP2  KIF19  NEFL  CFAP298  CAMK2B  IQSEC1,3
0.0219634361205229\,5\,133\,6.79116748884191\,GO:0051209 release of sequestered calcium ion into cytosol\,http://amigo.geneontology.org/amigo/term/GO:0051209\,CALM2  CALM3  CALM1  SNCA  JPH4,3
0.0219634361205229\,5\,97\,6.79116748884191\,GO:1901019 regulation of calcium ion transmembrane transporter activity\,http://amigo.geneontology.org/amigo/term/GO:1901019\,CALM2  CALM3  CALM1  ATP1B1  JPH4,3
0.0235196264789661\,3\,639\,14.9405684754522\,GO:0009593 detection of chemical stimulus\,http://amigo.geneontology.org/amigo/term/GO:0009593\,CALM2  CALM3  CALM1,3
0.0235196264789661\,3\,23\,14.9405684754522\,GO:0010523 negative regulation of calcium ion transport into cytosol\,http://amigo.geneontology.org/amigo/term/GO:0010523\,CALM2  CALM1  CALM3,3
0.0235196264789661\,3\,60\,14.9405684754522\,GO:0019369 arachidonic acid metabolic process\,http://amigo.geneontology.org/amigo/term/GO:0019369\,EPHX1  GPX1  PTGDS,3
0.0235196264789661\,26\,1757\,1.90730661388751\,GO:0022008 neurogenesis\,http://amigo.geneontology.org/amigo/term/GO:0022008\,ACTB  MAP2  APLP1  EFNB3  MXRA8  NEUROD1  PBX1  SERPINF1  ITM2C  MYCBP2  NGFR  PHGDH  MDGA1  DPYSL3  AGT  CRABP2  FEZ1  ELAVL4  ALCAM  NR2F1  BAIAP2  DNER  NEFL  CAMK2B  PCP4  IQSEC1,3
0.0235196264789661\,3\,55\,14.9405684754522\,GO:0060986 endocrine hormone secretion\,http://amigo.geneontology.org/amigo/term/GO:0060986\, GAL  AGT  SELENOM,3
0.0236553683566696\,5\,134\,6.59142726858185\,GO:0051283 negative regulation of sequestering of calcium ion\,http://amigo.geneontology.org/amigo/term/GO:0051283\,CALM2  CALM3  CALM1  SNCA  JPH4,3
0.0236553683566696\,5\,143\,6.59142726858185\,GO:0051928 positive regulation of calcium ion transport\,http://amigo.geneontology.org/amigo/term/GO:0051928\,CALM3  CALM2  SNCA  CALM1  ATP1B1,3
0.0240337361150787\,6\,193\,5.27314181486548\,GO:2001257 regulation of cation channel activity\,http://amigo.geneontology.org/amigo/term/GO:2001257\,CALM2  CALM3  GAL  CALM1  TMSB4X  JPH4,3
0.0249935288157256\,15\,915\,2.4900947459087\,GO:0140352 export from cell\,http://amigo.geneontology.org/amigo/term/GO:0140352\,WLS  ATP1B1  NEUROD1  GAL  SNCA  PTGDS  AGT  CALM2  CALM3  CALM1  SELENOM    EZR  NECAB3  GRM4,3
0.0267156639744951\,15\,1218\,2.47178522571819\,GO:0034220 ion transmembrane transport\,http://amigo.geneontology.org/amigo/term/GO:0034220\,ATP1B1  CALM2  CALM3  SCN9A  ATP6V0B  CALM1  GAL  CD63  SNCA  TMSB4X  ATP5F1B  AGT  TTYH2  ATP5MG  JPH4,3
0.0274677003595523\,16\,1274\,2.3746598901381\,GO:0006812 cation transport\,http://amigo.geneontology.org/amigo/term/GO:0006812\,NKAIN4  ATP1B1  CALM2  CALM3  SCN9A  ATP6V0B  CALM1  GAL  CD63  SNCA  TMSB4X  JPH4  ATP5F1B  AGT  ATP5MG  CAMK2B,3
0.027472207225102\,16\,1241\,2.36682272878451\,GO:0048878 chemical homeostasis\,http://amigo.geneontology.org/amigo/term/GO:0048878\,ATP1B1  CALM2  CALM3  ATP6V0B  CALM1  SNCA  NGFR  IGFBP5  SERPINF1  AGT  NEUROD1  CKB  GPX1  ATP5F1B  GSTP1  JPH4,3
0.027472207225102\,29\,2609\,1.79286821705426\,GO:0071310 cellular response to organic substance\,http://amigo.geneontology.org/amigo/term/GO:0071310\,NR3C1  SMAD9  CD63  SSTR2  ARID4A  GSTP1  AGPAT2  NGFR  APLP1  IGFBP5  AGT  PEG10  TLE4  ATP5F1B  TNFRSF19  SERPINF1  FEZ1  SPON2  ELAVL4  NEUROD1  BAIAP2  ACTG1  GPX1  ACTB  EZR  RPS3  TMSB4X  DPYSL3  SNCA,3
0.027472207225102\,7\,235\,4.35766580534022\,GO:0072593 reactive oxygen species metabolic process\,http://amigo.geneontology.org/amigo/term/GO:0072593\,GPX1  SNCA  PREX1  ATP5IF1  AGT  GADD45A  GSTP1,3
0.027472207225102\,4\,63\,8.5374677002584\,GO:0086065 cell communication involved in cardiac conduction\,http://amigo.geneontology.org/amigo/term/GO:0086065\,CALM2  CALM3  CALM1  ATP1B1,3
0.0280676672957377\,5\,72\,6.22523686477175\,GO:0048857 neural nucleus development\,http://amigo.geneontology.org/amigo/term/GO:0048857\,ACTB  CALM2  CALM3  CKB  CALM1,3
0.0280676672957377\,5\,136\,6.22523686477175\,GO:0051282 regulation of sequestering of calcium ion\,http://amigo.geneontology.org/amigo/term/GO:0051282\,CALM2  CALM3  CALM1  SNCA  JPH4,3
0.0280676672957377\,5\,807\,6.22523686477175\,GO:0051606 detection of stimulus\,http://amigo.geneontology.org/amigo/term/GO:0051606\,NGFR  CALM2  CALM3  CALM1  HLA-A,3
0.0282552203522267\,35\,3269\,1.663583976588\,GO:0010033 response to organic substance\,http://amigo.geneontology.org/amigo/term/GO:0010033\,NR3C1  SMAD9  CD63  SSTR2  SVIP  ARID4A  GSTP1  AGPAT2  NGFR  APLP1  IGFBP5  AGT  SNCA  PEG10  GAL  TLE4  PTGDS  ATP5F1B  TNFRSF19  SERPINF1  EPHX1  FEZ1  SPON2  CALM3  ELAVL4  NEUROD1  BAIAP2  ACTG1  GPX1  NEFL  ACTB  EZR  RPS3  TMSB4X  DPYSL3,3
0.0282552203522267\,3\,29\,13.446511627907\,GO:0010800 positive regulation of peptidyl-threonine phosphorylation\,http://amigo.geneontology.org/amigo/term/GO:0010800\,CALM2  CALM3  CALM1,3
0.0282552203522267\,3\,23\,13.446511627907\,GO:0032516 positive regulation of phosphoprotein phosphatase activity\,http://amigo.geneontology.org/amigo/term/GO:0032516\,CALM2  CALM3  CALM1,3
0.0282552203522267\,3\,12\,13.446511627907\,GO:0099188 postsynaptic cytoskeleton organization\,http://amigo.geneontology.org/amigo/term/GO:0099188\,ACTB  ACTG1  NEFL,3
0.0282552203522267\,3\,50\,13.446511627907\,GO:0140353 lipid export from cell\,http://amigo.geneontology.org/amigo/term/GO:0140353\, GAL  AGT  SELENOM,3
0.0285180085489526\,15\,958\,2.42716816388213\,GO:0014070 response to organic cyclic compound\,http://amigo.geneontology.org/amigo/term/GO:0014070\,NR3C1  SSTR2  APLP1  IGFBP5  PTGDS  SERPINF1  AGT  EPHX1  CALM3  ELAVL4  GPX1  NEFL  ACTB  EZR  SNCA,3
0.0285180085489526\,9\,401\,3.41860465116279\,GO:0071900 regulation of protein serine/threonine kinase activity\,http://amigo.geneontology.org/amigo/term/GO:0071900\,GSTP1  SNCA  GADD45A  AGT  RPS3  ACTB  CALM2  CALM3  CALM1,3
0.0312678514849486\,7\,342\,4.18335917312662\,GO:0019932 second-messenger-mediated signaling\,http://amigo.geneontology.org/amigo/term/GO:0019932\,CALM2  CALM3  CALM1  GAL  NEUROD1  ATP1B1  AGT,3
0.0326925149688749\,10\,647\,3.09115209836942\,GO:0048514 blood vessel morphogenesis\,http://amigo.geneontology.org/amigo/term/GO:0048514\,CALD1  SERPINF1  GADD45A  AGT  GPX1  SAT1  NGFR  ATP5F1B  ACTG1  ATP5IF1,3
0.0328609037011628\,4\,95\,7.79507920458375\,GO:0001942 hair follicle development\,http://amigo.geneontology.org/amigo/term/GO:0001942\,GAL  NGFR  IGFBP5  TNFRSF19,3
0.0328609037011628\,3\,57\,12.2241014799154\,GO:0002448 mast cell mediated immunity\,http://amigo.geneontology.org/amigo/term/GO:0002448\,PTGDS  SPON2,3
0.0328609037011628\,11\,452\,2.84993502710938\,GO:0007409 axonogenesis\,http://amigo.geneontology.org/amigo/term/GO:0007409\,ACTB  APLP1  EFNB3  MYCBP2  NGFR  CRABP2  ALCAM  NEFL  MAP2  FEZ1  BAIAP2,3
0.0328609037011628\,16\,816\,2.29120538920673\,GO:0007420 brain development\,http://amigo.geneontology.org/amigo/term/GO:0007420\,ACTB  CALM2  CALM3  CKB  CALM1  PBX1  APLP1  MDGA1  WLS  FEZ1  ELAVL4  NEUROD1  BAIAP2  SSTR2  NEFL  PHGDH,3
0.0328609037011628\,3\,23\,12.2241014799154\,GO:0010881 regulation of cardiac muscle contraction by regulation of the release of sequestered calcium ion\,http://amigo.geneontology.org/amigo/term/GO:0010881\,CALM2  CALM3  CALM1,3
0.0328609037011628\,14\,967\,2.45118701550388\,GO:0019725 cellular homeostasis\,http://amigo.geneontology.org/amigo/term/GO:0019725\,ATP1B1  CALM2  CALM3  ATP6V0B  CALM1  SNCA  GPX1  NGFR  SERPINF1  AGT  NEUROD1  CKB  ATP5F1B  JPH4,3
0.0328609037011628\,4\,98\,7.79507920458375\,GO:0022404 molting cycle process\,http://amigo.geneontology.org/amigo/term/GO:0022404\,GAL  NGFR  IGFBP5  TNFRSF19,3
0.0328609037011628\,4\,98\,7.79507920458375\,GO:0022405 hair cycle process\,http://amigo.geneontology.org/amigo/term/GO:0022405\,GAL  NGFR  IGFBP5  TNFRSF19,3
0.0328609037011628\,3\,45\,12.2241014799154\,GO:0031952 regulation of protein autophosphorylation\,http://amigo.geneontology.org/amigo/term/GO:0031952\,CALM2  CALM3  CALM1,3
0.0328609037011628\,2\,3\,29.8811369509044\,GO:0033693 neurofilament bundle assembly\,http://amigo.geneontology.org/amigo/term/GO:0033693\, NEFM  NEFL,3
0.0328609037011628\,2\,7\,29.8811369509044\,GO:0045110 intermediate filament bundle assembly\,http://amigo.geneontology.org/amigo/term/GO:0045110\, NEFM  NEFL,3
0.0328609037011628\,13\,585\,2.57823969266653\,GO:0048667 cell morphogenesis involved in neuron differentiation\,http://amigo.geneontology.org/amigo/term/GO:0048667\,ACTB  APLP1  EFNB3  MYCBP2  NGFR  CRABP2  ELAVL4  ALCAM  BAIAP2  NEFL  MAP2  CAMK2B  FEZ1,3
0.0328609037011628\,3\,46\,12.2241014799154\,GO:0050856 regulation of T cell receptor signaling pathway\,http://amigo.geneontology.org/amigo/term/GO:0050856\,BTN2A2  EZR  RPS3,3
0.0328609037011628\,14\,1130\,2.48025247418574\,GO:0051241 negative regulation of multicellular organismal process\,http://amigo.geneontology.org/amigo/term/GO:0051241\,SERPINF1  ARID4A  GSTP1  TMSB4X  NGFR  PTGDS  EFNB3  IGFBP5  GADD45A  BTN2A2  AGT  NOVA1  EZR  MAP2,3
0.0328609037011628\,3\,33\,12.2241014799154\,GO:0051481 negative regulation of cytosolic calcium ion concentration\,http://amigo.geneontology.org/amigo/term/GO:0051481\,CALM2  CALM1  CALM3,3
0.0328609037011628\,4\,100\,7.79507920458375\,GO:0098773 skin epidermis development\,http://amigo.geneontology.org/amigo/term/GO:0098773\,GAL  NGFR  IGFBP5  TNFRSF19,3
0.0328609037011628\,4\,71\,7.79507920458375\,GO:2000379 positive regulation of reactive oxygen species metabolic process\,http://amigo.geneontology.org/amigo/term/GO:2000379\,SNCA  AGT  GADD45A  GSTP1,3
0.0331209059917936\,5\,140\,5.74637249055854\,GO:0051208 sequestering of calcium ion\,http://amigo.geneontology.org/amigo/term/GO:0051208\,CALM2  CALM3  CALM1  SNCA  JPH4,3
0.0334271692276983\,18\,1677\,2.14002837579421\,GO:0006811 ion transport\,http://amigo.geneontology.org/amigo/term/GO:0006811\,NKAIN4  ATP1B1  CALM2  CALM3  SCN9A  ATP6V0B  CALM1  GAL  CD63  SNCA  TMSB4X  JPH4  ATP5F1B  AGT  TTYH2  ATP5MG  FXYD7  CAMK2B,3
0.03502863588465\,6\,342\,4.63672814755413\,GO:0007204 positive regulation of cytosolic calcium ion concentration\,http://amigo.geneontology.org/amigo/term/GO:0007204\,CALM2  CALM3  CALM1  SNCA  AGT  JPH4,3
0.0357170375674536\,5\,266\,5.60271317829457\,GO:0042445 hormone metabolic process\,http://amigo.geneontology.org/amigo/term/GO:0042445\,GAL  PCSK1N  NR3C1  CRABP2  SELENOM,3
0.0357170375674536\,24\,1874\,1.86757105943152\,GO:0051049 regulation of transport\,http://amigo.geneontology.org/amigo/term/GO:0051049\,EZR  NKAIN4  CALM2  CALM3  SVIP  NEUROD1  CALM1  GAL  CD63  ATP1B1  SNCA  TMSB4X  JPH4  OAZ1  ATP5IF1  AGT  FEZ1  SCN9A  FXYD7  ACTB  WLS  ACTG1  MAP2  CAMK2B,3
0.0357170375674536\,4\,78\,7.4702842377261\,GO:0055117 regulation of cardiac muscle contraction\,http://amigo.geneontology.org/amigo/term/GO:0055117\,CALM2  CALM3  CALM1  ATP1B1,3
0.0357170375674536\,5\,173\,5.60271317829457\,GO:0097553 calcium ion transmembrane import into cytosol\,http://amigo.geneontology.org/amigo/term/GO:0097553\,CALM2  CALM3  CALM1  SNCA  JPH4,3
0.0366712207761718\,12\,949\,2.63657090743274\,GO:0030001 metal ion transport\,http://amigo.geneontology.org/amigo/term/GO:0030001\,NKAIN4  ATP1B1  CALM2  CALM3  SCN9A  CALM1  GAL  CD63  SNCA  JPH4  AGT  CAMK2B,3
0.0366712207761718\,16\,973\,2.24108527131783\,GO:0051050 positive regulation of transport\,http://amigo.geneontology.org/amigo/term/GO:0051050\,EZR  CALM3  GAL  ATP1B1  CALM2  SNCA  CALM1  TMSB4X  OAZ1  ATP5IF1  AGT  FEZ1  WLS  CD63  MAP2  ACTB,3
0.0369119835326392\,14\,1280\,2.40422940984288\,GO:0001775 cell activation\,http://amigo.geneontology.org/amigo/term/GO:0001775\,ACTB  ACTG1  HLA-A  GAL  MFNG  PTGDS  EFNB3  PREX1  BTN2A2  SNCA  CMTM7  PBX1    RPS3,3
0.0382473813682349\,10\,357\,2.94879640962872\,GO:0031346 positive regulation of cell projection organization\,http://amigo.geneontology.org/amigo/term/GO:0031346\,CDC42EP3  DPYSL3  SERPINF1  AGT  CRABP2  FEZ1  ELAVL4  BAIAP2  NEFL  CAMK2B,3
0.0385026758029175\,4\,115\,7.17147286821705\,GO:0001676 long-chain fatty acid metabolic process\,http://amigo.geneontology.org/amigo/term/GO:0001676\,EPHX1  GSTP1  GPX1  PTGDS,3
0.0385026758029175\,10\,922\,2.92952323048082\,GO:0001817 regulation of cytokine production\,http://amigo.geneontology.org/amigo/term/GO:0001817\,BTN2A2  GSTP1  TMSB4X  HLA-A  JPH4  SPON2  EZR  RPS3  AGPAT2  AGT,3
0.0385026758029175\,4\,121\,7.17147286821705\,GO:0042303 molting cycle\,http://amigo.geneontology.org/amigo/term/GO:0042303\,GAL  NGFR  IGFBP5  TNFRSF19,3
0.0385026758029175\,4\,121\,7.17147286821705\,GO:0042633 hair cycle\,http://amigo.geneontology.org/amigo/term/GO:0042633\,GAL  NGFR  IGFBP5  TNFRSF19,3
0.0385026758029175\,6\,377\,4.48217054263566\,GO:0051480 regulation of cytosolic calcium ion concentration\,http://amigo.geneontology.org/amigo/term/GO:0051480\,CALM2  CALM3  CALM1  SNCA  AGT  JPH4,3
0.0385026758029175\,6\,247\,4.48217054263566\,GO:0060047 heart contraction\,http://amigo.geneontology.org/amigo/term/GO:0060047\,CALM2  CALM3  CALM1  AGT  ATP1B1  GPX1,3
0.0385026758029175\,4\,171\,7.17147286821705\,GO:0120254 olefinic compound metabolic process\,http://amigo.geneontology.org/amigo/term/GO:0120254\,EPHX1  GSTP1  GPX1  PTGDS,3
0.0400929573816426\,10\,930\,2.91050035236082\,GO:0001816 cytokine production\,http://amigo.geneontology.org/amigo/term/GO:0001816\,BTN2A2  GSTP1  TMSB4X  HLA-A  JPH4  SPON2  EZR  RPS3  AGPAT2  AGT,3
0.0405589096868339\,5\,172\,5.3359173126615\,GO:0006937 regulation of muscle contraction\,http://amigo.geneontology.org/amigo/term/GO:0006937\,CALM2  CALM3  CALM1  ATP1B1  SSTR2,3
0.0405589096868339\,28\,2990\,1.73104517508688\,GO:0007166 cell surface receptor signaling pathway\,http://amigo.geneontology.org/amigo/term/GO:0007166\,MFNG  TLE4  EFNB3  IGFBP5  SMAD9  GRM4  BTN2A2  CD63  ARID4A  GSTP1  AGPAT2  AGT  SNCA  HLA-A  PEG10  NGFR  CELF4  GADD45A  WLS  TNFRSF19  ITM2C  NEUROD1  BAIAP2  DNER  EZR  RPS3  TMSB4X  GPX1,3
0.0405589096868339\,5\,189\,5.3359173126615\,GO:0060402 calcium ion transport into cytosol\,http://amigo.geneontology.org/amigo/term/GO:0060402\,CALM2  CALM3  CALM1  SNCA  JPH4,3
0.041461599923592\,18\,1687\,2.07401207628385\,GO:0051240 positive regulation of multicellular organismal process\,http://amigo.geneontology.org/amigo/term/GO:0051240\,ARID4A  ACTB  BCL7A  GAL  SERPINF1  AGT  HLA-A  NGFR  EZR  BTN2A2  CRABP2  SPON2  BAIAP2  NEFL  RPS3  PPIB  AGPAT2  CAMK2B,3
0.0419803117511503\,13\,1122\,2.44824441404469\,GO:0045321 leukocyte activation\,http://amigo.geneontology.org/amigo/term/GO:0045321\,ACTB  HLA-A  GAL  MFNG  PTGDS  EFNB3  PREX1  BTN2A2  SNCA  CMTM7  PBX1    RPS3,3
0.0425741029772604\,4\,107\,6.89564698867024\,GO:0002027 regulation of heart rate\,http://amigo.geneontology.org/amigo/term/GO:0002027\,AGT  CALM2  CALM3  CALM1,3
0.0425741029772604\,4\,57\,6.89564698867024\,GO:0043388 positive regulation of DNA binding\,http://amigo.geneontology.org/amigo/term/GO:0043388\,NEUROD1  CALM2  CALM3  CALM1,3
0.0425741029772604\,6\,403\,4.33758439609903\,GO:0050727 regulation of inflammatory response\,http://amigo.geneontology.org/amigo/term/GO:0050727\,SNCA  SERPINF1  GPX1  TMSB4X  GSTP1  AGT,3
0.0433362367121244\,16\,865\,2.17977898730002\,GO:0060322 head development\,http://amigo.geneontology.org/amigo/term/GO:0060322\,ACTB  CALM2  CALM3  CKB  CALM1  PBX1  APLP1  MDGA1  WLS  FEZ1  ELAVL4  NEUROD1  BAIAP2  SSTR2  NEFL  PHGDH,3
0.0438797100803027\,8\,470\,3.35115554589582\,GO:0006816 calcium ion transport\,http://amigo.geneontology.org/amigo/term/GO:0006816\,CALM2  CALM3  CALM1  SNCA  JPH4  AGT  ATP1B1  CAMK2B,3
0.0438797100803027\,7\,273\,3.73514211886305\,GO:0032412 regulation of ion transmembrane transporter activity\,http://amigo.geneontology.org/amigo/term/GO:0032412\,CALM2  CALM3  GAL  ATP1B1  CALM1  TMSB4X  JPH4,3
0.0439254720223914\,3\,50\,10.3434704830054\,GO:0006692 prostanoid metabolic process\,http://amigo.geneontology.org/amigo/term/GO:0006692\,GSTP1  PTGDS,3
0.0439254720223914\,3\,50\,10.3434704830054\,GO:0006693 prostaglandin metabolic process\,http://amigo.geneontology.org/amigo/term/GO:0006693\,GSTP1  PTGDS,3
0.0439254720223914\,3\,39\,10.3434704830054\,GO:0009309 amine biosynthetic process\,http://amigo.geneontology.org/amigo/term/GO:0009309\,SAT1  OAZ1  SNCA,3
0.0439254720223914\,3\,39\,10.3434704830054\,GO:0010922 positive regulation of phosphatase activity\,http://amigo.geneontology.org/amigo/term/GO:0010922\,CALM2  CALM3  CALM1,3
0.0439254720223914\,3\,38\,10.3434704830054\,GO:0042401 cellular biogenic amine biosynthetic process\,http://amigo.geneontology.org/amigo/term/GO:0042401\,SAT1  OAZ1  SNCA,3
0.0439254720223914\,3\,41\,10.3434704830054\,GO:1901020 negative regulation of calcium ion transmembrane transporter activity\,http://amigo.geneontology.org/amigo/term/GO:1901020\,CALM2  CALM1  CALM3,3
0.0443125579932821\,14\,753\,2.29854899622341\,GO:0000904 cell morphogenesis involved in differentiation\,http://amigo.geneontology.org/amigo/term/GO:0000904\,ACTB  APLP1  EFNB3  MYCBP2  NGFR  PREX1  CRABP2  ELAVL4  ALCAM  BAIAP2  NEFL  MAP2  CAMK2B  FEZ1,3
0.0443125579932821\,4\,98\,6.64025265575653\,GO:0006942 regulation of striated muscle contraction\,http://amigo.geneontology.org/amigo/term/GO:0006942\,CALM2  CALM3  CALM1  ATP1B1,3
0.0443125579932821\,6\,384\,4.20203488372093\,GO:0008544 epidermis development\,http://amigo.geneontology.org/amigo/term/GO:0008544\,GAL  NGFR  IGFBP5  TNFRSF19  AGPAT2  CRABP2,3
0.0443125579932821\,2\,14\,22.4108527131783\,GO:0030049 muscle filament sliding\,http://amigo.geneontology.org/amigo/term/GO:0030049\,MYL1  MYL6,3
0.0443125579932821\,2\,31\,22.4108527131783\,GO:0031069 hair follicle morphogenesis\,http://amigo.geneontology.org/amigo/term/GO:0031069\,NGFR  IGFBP5,3
0.0443125579932821\,2\,11\,22.4108527131783\,GO:0031943 regulation of glucocorticoid metabolic process\,http://amigo.geneontology.org/amigo/term/GO:0031943\,GAL  NR3C1,3
0.0443125579932821\,2\,13\,22.4108527131783\,GO:0032536 regulation of cell projection size\,http://amigo.geneontology.org/amigo/term/GO:0032536\, EZR  NEFL,3
0.0443125579932821\,2\,13\,22.4108527131783\,GO:0035933 glucocorticoid secretion\,http://amigo.geneontology.org/amigo/term/GO:0035933\, GAL  SELENOM,3
0.0443125579932821\,2\,35\,22.4108527131783\,GO:0048730 epidermis morphogenesis\,http://amigo.geneontology.org/amigo/term/GO:0048730\,NGFR  IGFBP5,3
0.0443125579932821\,2\,17\,22.4108527131783\,GO:0051412 response to corticosterone\,http://amigo.geneontology.org/amigo/term/GO:0051412\,CALM3  NEFL,3
0.0443125579932821\,2\,19\,22.4108527131783\,GO:0051764 actin crosslink formation\,http://amigo.geneontology.org/amigo/term/GO:0051764\,DPYSL3  BAIAP2,3
0.0443125579932821\,2\,20\,22.4108527131783\,GO:0051797 regulation of hair follicle development\,http://amigo.geneontology.org/amigo/term/GO:0051797\, GAL  NGFR,3
0.0443125579932821\,2\,13\,22.4108527131783\,GO:1904754 positive regulation of vascular associated smooth muscle cell migration\,http://amigo.geneontology.org/amigo/term/GO:1904754\,AGT  IGFBP5,3
0.0443125579932821\,2\,20\,22.4108527131783\,GO:2000831 regulation of steroid hormone secretion\,http://amigo.geneontology.org/amigo/term/GO:2000831\, GAL  AGT,3
0.0443125579932821\,2\,17\,22.4108527131783\,GO:2000846 regulation of corticosteroid hormone secretion\,http://amigo.geneontology.org/amigo/term/GO:2000846\, GAL  AGT,3
0.0450211389007148\,21\,1916\,1.89769317329332\,GO:0042592 homeostatic process\,http://amigo.geneontology.org/amigo/term/GO:0042592\,ACTB  ACTG1  ATP1B1  CALM2  CALM3  ATP6V0B  CALM1  SNCA  GPX1  ARID4A  NGFR  IGFBP5  ATP5IF1  SERPINF1  AGT  NOVA1  NEUROD1  CKB  ATP5F1B  GSTP1  JPH4,3
0.0456142111675678\,41\,4338\,1.49893142127294\,GO:0048583 regulation of response to stimulus\,http://amigo.geneontology.org/amigo/term/GO:0048583\,MFNG  TLE4  IGFBP5  BTN2A2  TNFRSF19  CD63  RPS3  SVIP  ARID4A  ACTB  GSTP1  BCL7A  AGPAT2  APLP1  GADD45A  GRM4  AGT  SNCA  TMSB4X  HLA-A  PEG10  MYCBP2  RAI14  NGFR  CELF4  WLS  PREX1  SERPINF1  ITM2C  CALM2  IQSEC1  CALM3  NEUROD1  BAIAP2  AFAP1  CALM1  GPX1  EZR  MID1  ACTG1  CAMK2B,3
0.0468264896398529\,6\,258\,4.13738819320215\,GO:0003015 heart process\,http://amigo.geneontology.org/amigo/term/GO:0003015\,CALM2  CALM3  CALM1  AGT  ATP1B1  GPX1,3
0.047292289993903\,11\,659\,2.60867068619007\,GO:0007610 behavior\,http://amigo.geneontology.org/amigo/term/GO:0007610\,GAL  JPH4  PTGDS  EFNB3  SOBP  NR3C1  SERPINF1  AGT  SNCA  ELAVL4  SCN9A,3
0.0474144421583236\,10\,717\,2.76677193989855\,GO:0006873 cellular ion homeostasis\,http://amigo.geneontology.org/amigo/term/GO:0006873\,ATP1B1  CALM2  CALM3  ATP6V0B  CALM1  SNCA  AGT  CKB  ATP5F1B  JPH4,3
0.0477561859293133\,4\,86\,6.4031007751938\,GO:0032410 negative regulation of transporter activity\,http://amigo.geneontology.org/amigo/term/GO:0032410\,CALM2  SNCA  CALM1  CALM3,3
0.0485610095070262\,37\,3602\,1.538407329105\,GO:0010646 regulation of cell communication\,http://amigo.geneontology.org/amigo/term/GO:0010646\,JPH4  MFNG  TLE4  IGFBP5  GRM4  TNFRSF19  CD63  RPS3  ARID4A  GSTP1  CALM2  CALM3  NEUROD1  AGPAT2  CALM1  GAL  APLP1  GADD45A  AGT  SNCA  PEG10  RAI14  NGFR  CELF4  WLS  PREX1  BTN2A2  ITM2C  IQSEC1  ELAVL4  BAIAP2  AFAP1  GPX1  TMSB4X  EZR  MID1  CAMK2B,3
0.0485610095070262\,3\,31\,9.6046511627907\,GO:0010880 regulation of release of sequestered calcium ion into cytosol by sarcoplasmic reticulum\,http://amigo.geneontology.org/amigo/term/GO:0010880\,CALM2  CALM3  CALM1,3
0.0485610095070262\,3\,93\,9.6046511627907\,GO:0050886 endocrine process\,http://amigo.geneontology.org/amigo/term/GO:0050886\, GAL  AGT  SELENOM,3
0.0489876175075757\,9\,672\,2.94449159735189\,GO:0006935 chemotaxis\,http://amigo.geneontology.org/amigo/term/GO:0006935\,EFNB3  PPIB  TMSB4X  MYCBP2  NGFR  PREX1  CMTM7  ALCAM  FEZ1,3
0.0496264022020234\,37\,3615\,1.5355584266437\,GO:0023051 regulation of signaling\,http://amigo.geneontology.org/amigo/term/GO:0023051\,JPH4  MFNG  TLE4  IGFBP5  GRM4  TNFRSF19  CD63  RPS3  ARID4A  GSTP1  NEUROD1  AGPAT2  GAL  APLP1  GADD45A  AGT  SNCA  PEG10  RAI14  NGFR  CELF4  WLS  PREX1  BTN2A2  ITM2C  CALM2  IQSEC1  CALM3  ELAVL4  BAIAP2  AFAP1  CALM1  GPX1  TMSB4X  EZR  MID1  CAMK2B,3
0.0497385016580261\,20\,1835\,1.91137336572949\,GO:0042127 regulation of cell population proliferation\,http://amigo.geneontology.org/amigo/term/GO:0042127\,ACTB  BCL7A  IGFBP5  ATP5IF1  HLA-A  NGFR  GAL  PTGDS  BTN2A2  SERPINF1  AGT  GNG5  SSTR2  MAB21L1  MAB21L2  PBX1  HMGA1  RPS3  GPX1  GSTP1,3
0.0503323288055535\,13\,647\,2.34008903832384\,GO:0048812 neuron projection morphogenesis\,http://amigo.geneontology.org/amigo/term/GO:0048812\,ACTB  APLP1  EFNB3  MYCBP2  NGFR  CRABP2  ELAVL4  ALCAM  BAIAP2  NEFL  MAP2  CAMK2B  FEZ1,3
0.0507457480360989\,7\,329\,3.5253026739831\,GO:0046394 carboxylic acid biosynthetic process\,http://amigo.geneontology.org/amigo/term/GO:0046394\,BCAT1  SCD5  GSTP1  PTGDS  PHGDH  CRABP2,3
0.0513492169058444\,17\,1653\,2.042812311657\,GO:0055085 transmembrane transport\,http://amigo.geneontology.org/amigo/term/GO:0055085\,ATP1B1  CALM2  CALM3  SCN9A  ATP6V0B  CALM1  GAL  CD63  SNCA  TMSB4X  OAZ1  ATP5F1B  AGT  TTYH2  ATP5MG  ACTB  JPH4,3
0.0524515247508924\,9\,676\,2.90212481177848\,GO:0042330 taxis\,http://amigo.geneontology.org/amigo/term/GO:0042330\,EFNB3  PPIB  TMSB4X  MYCBP2  NGFR  PREX1  CMTM7  ALCAM  FEZ1,3
0.0542781385024885\,11\,501\,2.54143690561816\,GO:0061564 axon development\,http://amigo.geneontology.org/amigo/term/GO:0061564\,ACTB  APLP1  EFNB3  MYCBP2  NGFR  CRABP2  ALCAM  NEFL  MAP2  FEZ1  BAIAP2,3
0.055049750440001\,12\,902\,2.4119303368443\,GO:0035239 tube morphogenesis\,http://amigo.geneontology.org/amigo/term/GO:0035239\,CALD1  SERPINF1  AGT  NR3C1  GADD45A  PBX1  GPX1  SAT1  NGFR  ATP5F1B  ACTG1  ATP5IF1,3
0.0553959309710135\,3\,45\,8.96434108527132\,GO:0010799 regulation of peptidyl-threonine phosphorylation\,http://amigo.geneontology.org/amigo/term/GO:0010799\,CALM2  CALM3  CALM1,3
0.0553959309710135\,3\,37\,8.96434108527132\,GO:0014808 release of sequestered calcium ion into cytosol by sarcoplasmic reticulum\,http://amigo.geneontology.org/amigo/term/GO:0014808\,CALM2  CALM3  CALM1,3
0.0553959309710135\,7\,331\,3.44782349433512\,GO:0016053 organic acid biosynthetic process\,http://amigo.geneontology.org/amigo/term/GO:0016053\,BCAT1  SCD5  GSTP1  PTGDS  PHGDH  CRABP2,3
0.0553959309710135\,3\,23\,8.96434108527132\,GO:0048169 regulation of long-term neuronal synaptic plasticity\,http://amigo.geneontology.org/amigo/term/GO:0048169\,AGT  SNCA  CAMK2B,3
0.0553959309710135\,3\,68\,8.96434108527132\,GO:0050854 regulation of antigen receptor-mediated signaling pathway\,http://amigo.geneontology.org/amigo/term/GO:0050854\,BTN2A2  EZR  RPS3,3
0.0553959309710135\,3\,38\,8.96434108527132\,GO:1903514 release of sequestered calcium ion into cytosol by endoplasmic reticulum\,http://amigo.geneontology.org/amigo/term/GO:1903514\,CALM2  CALM3  CALM1,3
0.0553959309710135\,3\,50\,8.96434108527132\,GO:2001258 negative regulation of cation channel activity\,http://amigo.geneontology.org/amigo/term/GO:2001258\,CALM2  CALM1  CALM3,3
0.056750376570863\,22\,1594\,1.80931654932082\,GO:0007010 cytoskeleton organization\,http://amigo.geneontology.org/amigo/term/GO:0007010\,MAP2  NEFM  DPYSL3  CALD1  PRPH  IQSEC1  CDC42EP3  BAIAP2  PDLIM7  TMSB4X  NEFL  ACTB  EZR  SNCA  MYCBP2  MID1  GADD45A  ACTG1  KIF19  AFAP1  RPS3  PREX1,3
0.057694451295847\,21\,2086\,1.83839026162791\,GO:0009888 tissue development\,http://amigo.geneontology.org/amigo/term/GO:0009888\,GAL  AGT  ARID4A  NGFR  PHGDH  NR3C1  IGFBP5  WLS  TNFRSF19  NEUROD1  AGPAT2  PBX1  DNER  SELENOM  GPX1  EZR  ACTB  ACTG1  ZBTB18  MYL6  CRABP2,3
0.057694451295847\,13\,662\,2.28502811977504\,GO:0120039 plasma membrane bounded cell projection morphogenesis\,http://amigo.geneontology.org/amigo/term/GO:0120039\,ACTB  APLP1  EFNB3  MYCBP2  NGFR  CRABP2  ELAVL4  ALCAM  BAIAP2  NEFL  MAP2  CAMK2B  FEZ1,3
0.0592360212981731\,13\,933\,2.27610222868217\,GO:0045597 positive regulation of cell differentiation\,http://amigo.geneontology.org/amigo/term/GO:0045597\,ACTB  SERPINF1  AGT  PREX1  BTN2A2  CRABP2  FEZ1  NEUROD1  BAIAP2  PDLIM7  NEFL  PCP4  CAMK2B,3
0.0593356450008472\,5\,210\,4.57364341085271\,GO:0008016 regulation of heart contraction\,http://amigo.geneontology.org/amigo/term/GO:0008016\,CALM2  CALM3  CALM1  AGT  ATP1B1,3
0.0599333242085244\,10\,734\,2.62115236411442\,GO:0001568 blood vessel development\,http://amigo.geneontology.org/amigo/term/GO:0001568\,CALD1  SERPINF1  NGFR  GADD45A  AGT  GPX1  SAT1  ATP5F1B  ACTG1  ATP5IF1,3
0.0599333242085244\,2\,44\,17.9286821705426\,GO:0003352 regulation of cilium movement\,http://amigo.geneontology.org/amigo/term/GO:0003352\,CFAP298  TCP10L,3
0.0599333242085244\,33\,3210\,1.56024923952507\,GO:0009966 regulation of signal transduction\,http://amigo.geneontology.org/amigo/term/GO:0009966\,MFNG  TLE4  IGFBP5  TNFRSF19  CD63  RPS3  ARID4A  GSTP1  AGPAT2  APLP1  GADD45A  GRM4  AGT  SNCA  PEG10  RAI14  NGFR  CELF4  WLS  PREX1  BTN2A2  ITM2C  CALM2  IQSEC1  CALM3  NEUROD1  BAIAP2  AFAP1  CALM1  GPX1  TMSB4X  EZR  MID1,3
0.0599333242085244\,2\,14\,17.9286821705426\,GO:0010269 response to selenium ion\,http://amigo.geneontology.org/amigo/term/GO:0010269\,GPX1  SELENOM,3
0.0599333242085244\,2\,72\,17.9286821705426\,GO:0019731 antibacterial humoral response\,http://amigo.geneontology.org/amigo/term/GO:0019731\,HLA-A  SPON2,3
0.0599333242085244\,2\,16\,17.9286821705426\,GO:0033275 actin-myosin filament sliding\,http://amigo.geneontology.org/amigo/term/GO:0033275\,MYL1  MYL6,3
0.0599333242085244\,14\,1123\,2.17883290267011\,GO:0035295 tube development\,http://amigo.geneontology.org/amigo/term/GO:0035295\,CALD1  SERPINF1  AGT  PHGDH  NR3C1  IGFBP5  GADD45A  PBX1  GPX1  SAT1  NGFR  ATP5F1B  ACTG1  ATP5IF1,3
0.0599333242085244\,13\,835\,2.25845802535905\,GO:0043086 negative regulation of catalytic activity\,http://amigo.geneontology.org/amigo/term/GO:0043086\,SERPINF1  AGT  GSTP1  ATP5IF1  SNCA  PCSK1N  OAZ1  PPP1R17  GADD45A  PPP1R1C  PPP1R14A  PPP1R27  GPX1,3
0.0599333242085244\,13\,667\,2.26724579977679\,GO:0048858 cell projection morphogenesis\,http://amigo.geneontology.org/amigo/term/GO:0048858\,ACTB  APLP1  EFNB3  MYCBP2  NGFR  CRABP2  ELAVL4  ALCAM  BAIAP2  NEFL  MAP2  CAMK2B  FEZ1,3
0.0599333242085244\,2\,34\,17.9286821705426\,GO:0070633 transepithelial transport\,http://amigo.geneontology.org/amigo/term/GO:0070633\,ACTB  ACTG1,3
0.0599333242085244\,2\,21\,17.9286821705426\,GO:0090493 catecholamine uptake\,http://amigo.geneontology.org/amigo/term/GO:0090493\, SNCA  ACTB,3
0.0599333242085244\,2\,11\,17.9286821705426\,GO:1902513 regulation of organelle transport along microtubule\,http://amigo.geneontology.org/amigo/term/GO:1902513\,FEZ1  MAP2,3
0.0612480833542868\,5\,269\,4.48217054263566\,GO:0015850 organic hydroxy compound transport\,http://amigo.geneontology.org/amigo/term/GO:0015850\, GAL  SNCA  AGT  SELENOM  ACTB,3
0.0613007525493456\,8\,442\,3.01322389420885\,GO:0042391 regulation of membrane potential\,http://amigo.geneontology.org/amigo/term/GO:0042391\,SCN9A  ATP1B1  CELF4  SNCA  BAIAP2  ATP5IF1  CALM3  CALM1,3
0.0615114088010123\,3\,46\,8.40406976744186\,GO:1903170 negative regulation of calcium ion transmembrane transport\,http://amigo.geneontology.org/amigo/term/GO:1903170\,CALM2  CALM1  CALM3,3
0.0632622445942147\,7\,489\,3.30265197878417\,GO:0006874 cellular calcium ion homeostasis\,http://amigo.geneontology.org/amigo/term/GO:0006874\,CALM2  CALM3  CALM1  SNCA  AGT  ATP1B1  JPH4,3
0.0639093346335674\,6\,235\,3.73514211886305\,GO:0043542 endothelial cell migration\,http://amigo.geneontology.org/amigo/term/GO:0043542\,AGT  TMSB4X  GADD45A  SERPINF1  GPX1  ATP5F1B,3
0.0642929963028298\,5\,176\,4.39428484572123\,GO:0007568 aging\,http://amigo.geneontology.org/amigo/term/GO:0007568\,IGFBP5  SERPINF1  AGT  ELAVL4  GPX1,3
0.0642929963028298\,5\,140\,4.39428484572123\,GO:0010977 negative regulation of neuron projection development\,http://amigo.geneontology.org/amigo/term/GO:0010977\,ITM2C  EFNB3  DPYSL3  NR2F1  MAP2,3
0.0642929963028298\,14\,789\,2.14898587660614\,GO:0032989 cellular component morphogenesis\,http://amigo.geneontology.org/amigo/term/GO:0032989\,ACTB  APLP1  EFNB3  MYCBP2  NGFR  CRABP2  FEZ1  ELAVL4  ALCAM  BAIAP2  ACTG1  NEFL  MAP2  CAMK2B,3
0.0642929963028298\,4\,71\,5.60271317829457\,GO:0048488 synaptic vesicle endocytosis\,http://amigo.geneontology.org/amigo/term/GO:0048488\,SNCA  ACTB  CALM3  ACTG1,3
0.0642929963028298\,4\,71\,5.60271317829457\,GO:0140238 presynaptic endocytosis\,http://amigo.geneontology.org/amigo/term/GO:0140238\,SNCA  ACTB  CALM3  ACTG1,3
0.0651155411756584\,7\,508\,3.26824935400517\,GO:0055074 calcium ion homeostasis\,http://amigo.geneontology.org/amigo/term/GO:0055074\,CALM2  CALM3  CALM1  SNCA  AGT  ATP1B1  JPH4,3
0.0687208123788949\,32\,3300\,1.55563402781281\,GO:0070887 cellular response to chemical stimulus\,http://amigo.geneontology.org/amigo/term/GO:0070887\,NR3C1  SMAD9  CD63  SSTR2  ARID4A  GSTP1  SNCA  AGPAT2  NGFR  APLP1  IGFBP5  AGT  RPS3  PPIB  TMSB4X  PEG10  TLE4  ATP5F1B  PREX1  TNFRSF19  SERPINF1  FEZ1  SPON2  ELAVL4  NEUROD1  BAIAP2  ACTG1  GPX1  ACTB  EZR  DPYSL3  EPHX1,3
0.0693770421753313\,3\,51\,7.90971272229822\,GO:0006636 unsaturated fatty acid biosynthetic process\,http://amigo.geneontology.org/amigo/term/GO:0006636\,SCD5  PTGDS,3
0.0693770421753313\,3\,69\,7.90971272229822\,GO:0006801 superoxide metabolic process\,http://amigo.geneontology.org/amigo/term/GO:0006801\,AGT  GSTP1  PREX1,3
0.0693770421753313\,6\,255\,3.63419233186675\,GO:0051403 stress-activated MAPK cascade\,http://amigo.geneontology.org/amigo/term/GO:0051403\,TNFRSF19  GSTP1  GADD45A  AGT  EZR  MID1,3
0.0693770421753313\,3\,44\,7.90971272229822\,GO:0070296 sarcoplasmic reticulum calcium ion transport\,http://amigo.geneontology.org/amigo/term/GO:0070296\,CALM2  CALM3  CALM1,3
0.0693770421753313\,3\,124\,7.90971272229822\,GO:0070664 negative regulation of leukocyte proliferation\,http://amigo.geneontology.org/amigo/term/GO:0070664\,GAL  BTN2A2  GSTP1,3
0.0693770421753313\,3\,57\,7.90971272229822\,GO:0071385 cellular response to glucocorticoid stimulus\,http://amigo.geneontology.org/amigo/term/GO:0071385\,SSTR2  NR3C1  SERPINF1,3
0.0696165653105999\,14\,1085\,2.11994552692227\,GO:0040012 regulation of locomotion\,http://amigo.geneontology.org/amigo/term/GO:0040012\,TMSB4X  ARID4A  IGFBP5  AGT  MYCBP2  DPYSL3  GADD45A  SERPINF1  SNCA  ATP5F1B  CAMK2B  NGFR  ACTG1  IQSEC1,3
0.0720146895238146\,10\,568\,2.51807333855936\,GO:0010035 response to inorganic substance\,http://amigo.geneontology.org/amigo/term/GO:0010035\,GPX1  CALM2  SNCA  RPS3  CALM3  CALM1  SERPINF1  ACTG1  SELENOM  NEFL,3
0.0721353805981086\,8\,443\,2.89172293073268\,GO:0045860 positive regulation of protein kinase activity\,http://amigo.geneontology.org/amigo/term/GO:0045860\,SNCA  RPLP1  GPRC5C  AGT  RPS3  CALM2  CALM3  CALM1,3
0.0721353805981086\,5\,211\,4.22846277607138\,GO:0060401 cytosolic calcium ion transport\,http://amigo.geneontology.org/amigo/term/GO:0060401\,CALM2  CALM3  CALM1  SNCA  JPH4,3
0.0721353805981086\,5\,335\,4.22846277607138\,GO:0070663 regulation of leukocyte proliferation\,http://amigo.geneontology.org/amigo/term/GO:0070663\,HLA-A  GAL  BTN2A2  RPS3  GSTP1,3
0.0728838290256934\,7\,318\,3.16921149479289\,GO:0010631 epithelial cell migration\,http://amigo.geneontology.org/amigo/term/GO:0010631\,AGT  TMSB4X  GADD45A  SERPINF1  GPX1  ATP5F1B  IQSEC1,3
0.0728838290256934\,7\,321\,3.16921149479289\,GO:0090132 epithelium migration\,http://amigo.geneontology.org/amigo/term/GO:0090132\,AGT  TMSB4X  GADD45A  SERPINF1  GPX1  ATP5F1B  IQSEC1,3
0.0746715162112249\,16\,1071\,1.95941881645275\,GO:0000902 cell morphogenesis\,http://amigo.geneontology.org/amigo/term/GO:0000902\,ACTB  EZR  APLP1  EFNB3  CDC42EP3  MYCBP2  NGFR  PREX1  CRABP2  ELAVL4  ALCAM  BAIAP2  NEFL  MAP2  CAMK2B  FEZ1,3
0.0746715162112249\,10\,765\,2.47633731637329\,GO:0001944 vasculature development\,http://amigo.geneontology.org/amigo/term/GO:0001944\,CALD1  SERPINF1  NGFR  GADD45A  AGT  GPX1  SAT1  ATP5F1B  ACTG1  ATP5IF1,3
0.0746715162112249\,2\,38\,14.9405684754522\,GO:0002335 mature B cell differentiation\,http://amigo.geneontology.org/amigo/term/GO:0002335\,MFNG  CMTM7,3
0.0746715162112249\,2\,23\,14.9405684754522\,GO:0006883 cellular sodium ion homeostasis\,http://amigo.geneontology.org/amigo/term/GO:0006883\,ATP1B1  AGT,3
0.0746715162112249\,2\,34\,14.9405684754522\,GO:0007263 nitric oxide mediated signal transduction\,http://amigo.geneontology.org/amigo/term/GO:0007263\,NEUROD1  AGT,3
0.0746715162112249\,2\,12\,14.9405684754522\,GO:0014733 regulation of skeletal muscle adaptation\,http://amigo.geneontology.org/amigo/term/GO:0014733\,IGFBP5  CAMK2B,3
0.0746715162112249\,2\,20\,14.9405684754522\,GO:0032930 positive regulation of superoxide anion generation\,http://amigo.geneontology.org/amigo/term/GO:0032930\,AGT  GSTP1,3
0.0746715162112249\,13\,686\,2.15808211312087\,GO:0032990 cell part morphogenesis\,http://amigo.geneontology.org/amigo/term/GO:0032990\,ACTB  APLP1  EFNB3  MYCBP2  NGFR  CRABP2  FEZ1  ELAVL4  ALCAM  BAIAP2  NEFL  MAP2  CAMK2B,3
0.0746715162112249\,2\,49\,14.9405684754522\,GO:0042311 vasodilation\,http://amigo.geneontology.org/amigo/term/GO:0042311\,AGT  GPX1,3
0.0746715162112249\,2\,29\,14.9405684754522\,GO:0042634 regulation of hair cycle\,http://amigo.geneontology.org/amigo/term/GO:0042634\, GAL  NGFR,3
0.0746715162112249\,2\,14\,14.9405684754522\,GO:0042983 amyloid precursor protein biosynthetic process\,http://amigo.geneontology.org/amigo/term/GO:0042983\,NECAB3  ITM2C,3
0.0746715162112249\,2\,14\,14.9405684754522\,GO:0042984 regulation of amyloid precursor protein biosynthetic process\,http://amigo.geneontology.org/amigo/term/GO:0042984\,NECAB3  ITM2C,3
0.0746715162112249\,2\,25\,14.9405684754522\,GO:0043501 skeletal muscle adaptation\,http://amigo.geneontology.org/amigo/term/GO:0043501\,IGFBP5  CAMK2B,3
0.0746715162112249\,3\,76\,7.4702842377261\,GO:0051926 negative regulation of calcium ion transport\,http://amigo.geneontology.org/amigo/term/GO:0051926\,CALM2  CALM1  CALM3,3
0.0746715162112249\,3\,78\,7.4702842377261\,GO:0051937 catecholamine transport\,http://amigo.geneontology.org/amigo/term/GO:0051937\, SNCA  AGT  ACTB,3
0.0746715162112249\,39\,4103\,1.45307274449535\,GO:0065008 regulation of biological quality\,http://amigo.geneontology.org/amigo/term/GO:0065008\,ACTB  ACTG1  JPH4  EZR  ATP1B1  CALM2  CALM3  CDC42EP3  SCN9A  BAIAP2  TMSB4X  ATP6V0B  NEUROD1  CALM1  GAL  MDGA1  SNCA  ELAVL4  GPX1  ARID4A  NGFR  CELF4  PCSK1N  NR3C1  IGFBP5  ATP5IF1  SERPINF1  AGT  NOVA1  CRABP2  CKB  SELENOM  NEFL  ATP5F1B  PPIB  CAMK2B  MAP2  GSTP1  GRM4,3
0.0746715162112249\,3\,66\,7.4702842377261\,GO:0071384 cellular response to corticosteroid stimulus\,http://amigo.geneontology.org/amigo/term/GO:0071384\,SSTR2  NR3C1  SERPINF1,3
0.0746715162112249\,5\,220\,4.15015790984783\,GO:0072330 monocarboxylic acid biosynthetic process\,http://amigo.geneontology.org/amigo/term/GO:0072330\,SCD5  GSTP1  PTGDS  CRABP2,3
0.0746715162112249\,7\,327\,3.13751937984496\,GO:0090130 tissue migration\,http://amigo.geneontology.org/amigo/term/GO:0090130\,AGT  TMSB4X  GADD45A  SERPINF1  GPX1  ATP5F1B  IQSEC1,3
0.0746715162112249\,2\,21\,14.9405684754522\,GO:1901386 negative regulation of voltage-gated calcium channel activity\,http://amigo.geneontology.org/amigo/term/GO:1901386\,CALM3  CALM1,3
0.0746715162112249\,20\,1752\,1.79286821705426\,GO:1901700 response to oxygen-containing compound\,http://amigo.geneontology.org/amigo/term/GO:1901700\,SSTR2  GPX1  NGFR  APLP1  IGFBP5  SNCA  RPS3  GAL  SERPINF1  AGT  SPON2  CALM3  ELAVL4  NEUROD1  BAIAP2  NEFL  ACTB  EZR  NR3C1  GSTP1,3
0.0760892702016078\,8\,892\,2.82341451504608\,GO:0006954 inflammatory response\,http://amigo.geneontology.org/amigo/term/GO:0006954\,SNCA  GAL  SERPINF1  SCN9A  GPX1  TMSB4X  GSTP1  AGT,3
0.0769251815044383\,5\,128\,4.07470049330515\,GO:0051101 regulation of DNA binding\,http://amigo.geneontology.org/amigo/term/GO:0051101\,NEUROD1  TMSB4X  CALM2  CALM3  CALM1,3
0.0783224873261498\,10\,809\,2.44927352056593\,GO:0098771 inorganic ion homeostasis\,http://amigo.geneontology.org/amigo/term/GO:0098771\,ATP1B1  CALM2  CALM3  ATP6V0B  CALM1  SNCA  AGT  CKB  ATP5F1B  JPH4,3
0.0785330870864938\,9\,474\,2.60255063765941\,GO:0050804 modulation of chemical synaptic transmission\,http://amigo.geneontology.org/amigo/term/GO:0050804\,JPH4  GRM4  CELF4  AGT  SNCA  CALM3  ELAVL4  BAIAP2  CAMK2B,3
0.0790029719462773\,6\,262\,3.44782349433512\,GO:0031098 stress-activated protein kinase signaling cascade\,http://amigo.geneontology.org/amigo/term/GO:0031098\,TNFRSF19  GSTP1  GADD45A  AGT  EZR  MID1,3
0.0790029719462773\,16\,1272\,1.94348858217264\,GO:1901701 cellular response to oxygen-containing compound\,http://amigo.geneontology.org/amigo/term/GO:1901701\,SSTR2  NGFR  APLP1  IGFBP5  RPS3  SERPINF1  AGT  SPON2  NEUROD1  BAIAP2  GPX1  ACTB  EZR  NR3C1  GSTP1  SNCA,3
0.0801848968260323\,20\,1660\,1.77511704658838\,GO:0009719 response to endogenous stimulus\,http://amigo.geneontology.org/amigo/term/GO:0009719\,NR3C1  SMAD9  SSTR2  ARID4A  NGFR  APLP1  IGFBP5  PEG10  GAL  PTGDS  SERPINF1  AGT  CALM3  ELAVL4  BAIAP2  GPX1  NEFL  ACTB  EZR  SNCA,3
0.0801848968260323\,18\,1602\,1.84620296950668\,GO:0016477 cell migration\,http://amigo.geneontology.org/amigo/term/GO:0016477\,TMSB4X  ARID4A  IGFBP5  AGT  PPIB  ATP5F1B  MDGA1  DPYSL3  GADD45A  PREX1  SERPINF1  GPX1  CAMK2B  NGFR  CD63  ACTG1  IQSEC1  DNER,3
0.0801848968260323\,5\,170\,4.00193798449612\,GO:0051017 actin filament bundle assembly\,http://amigo.geneontology.org/amigo/term/GO:0051017\,CALD1  BAIAP2  EZR  DPYSL3  ACTG1,3
0.0801848968260323\,7\,531\,3.04613532023783\,GO:0072503 cellular divalent inorganic cation homeostasis\,http://amigo.geneontology.org/amigo/term/GO:0072503\,CALM2  CALM3  CALM1  SNCA  AGT  ATP1B1  JPH4,3
0.0801848968260323\,9\,475\,2.58586762075134\,GO:0099177 regulation of trans-synaptic signaling\,http://amigo.geneontology.org/amigo/term/GO:0099177\,JPH4  GRM4  CELF4  AGT  SNCA  CALM3  ELAVL4  BAIAP2  CAMK2B,3
0.0801848968260323\,5\,264\,4.00193798449612\,GO:1903522 regulation of blood circulation\,http://amigo.geneontology.org/amigo/term/GO:1903522\,CALM2  CALM3  CALM1  AGT  ATP1B1,3
0.0814347431722265\,3\,90\,7.07711138310893\,GO:0015844 monoamine transport\,http://amigo.geneontology.org/amigo/term/GO:0015844\, SNCA  AGT  ACTB,3
0.0814347431722265\,3\,99\,7.07711138310893\,GO:0045104 intermediate filament cytoskeleton organization\,http://amigo.geneontology.org/amigo/term/GO:0045104\, NEFM  PRPH  NEFL,3
0.0814347431722265\,4\,139\,4.9801894918174\,GO:0060048 cardiac muscle contraction\,http://amigo.geneontology.org/amigo/term/GO:0060048\,CALM2  CALM3  CALM1  ATP1B1,3
0.0814347431722265\,3\,59\,7.07711138310893\,GO:0098900 regulation of action potential\,http://amigo.geneontology.org/amigo/term/GO:0098900\,SCN9A  CALM3  CALM1,3
0.0843624063284968\,5\,275\,3.93172854617163\,GO:0010951 negative regulation of endopeptidase activity\,http://amigo.geneontology.org/amigo/term/GO:0010951\,SERPINF1  AGT  PCSK1N  SNCA  GPX1,3
0.0843624063284968\,9\,700\,2.55313511922284\,GO:0030003 cellular cation homeostasis\,http://amigo.geneontology.org/amigo/term/GO:0030003\,ATP1B1  CALM2  CALM3  ATP6V0B  CALM1  SNCA  AGT  ATP5F1B  JPH4,3
0.0843624063284968\,5\,174\,3.93172854617163\,GO:0061572 actin filament bundle organization\,http://amigo.geneontology.org/amigo/term/GO:0061572\,CALD1  BAIAP2  EZR  DPYSL3  ACTG1,3
0.0844075700660445\,11\,702\,2.28258685041631\,GO:0045859 regulation of protein kinase activity\,http://amigo.geneontology.org/amigo/term/GO:0045859\,GSTP1  SNCA  GADD45A  RPLP1  GPRC5C  AGT  RPS3  ACTB  CALM2  CALM3  CALM1,3
0.0847722119592394\,6\,241\,3.36162790697674\,GO:0010632 regulation of epithelial cell migration\,http://amigo.geneontology.org/amigo/term/GO:0010632\,AGT  TMSB4X  GADD45A  SERPINF1  ATP5F1B  IQSEC1,3
0.085071205790016\,10\,819\,2.39688264312067\,GO:0050801 ion homeostasis\,http://amigo.geneontology.org/amigo/term/GO:0050801\,ATP1B1  CALM2  CALM3  ATP6V0B  CALM1  SNCA  AGT  CKB  ATP5F1B  JPH4,3
0.0855402489312031\,7\,558\,2.98811369509044\,GO:0072507 divalent inorganic cation homeostasis\,http://amigo.geneontology.org/amigo/term/GO:0072507\,CALM2  CALM3  CALM1  SNCA  AGT  ATP1B1  JPH4,3
0.0863027036709638\,4\,82\,4.84558977582233\,GO:0036465 synaptic vesicle recycling\,http://amigo.geneontology.org/amigo/term/GO:0036465\,SNCA  ACTB  CALM3  ACTG1,3
0.0863027036709638\,4\,162\,4.84558977582233\,GO:0050852 T cell receptor signaling pathway\,http://amigo.geneontology.org/amigo/term/GO:0050852\,BTN2A2  HLA-A  EZR  RPS3,3
0.0889565678623264\,7\,414\,2.93226110265884\,GO:0006631 fatty acid metabolic process\,http://amigo.geneontology.org/amigo/term/GO:0006631\,EPHX1  SCD5  GSTP1  PTGDS  GPX1  SNCA,3
0.0889565678623264\,2\,31\,12.8062015503876\,GO:0008045 motor neuron axon guidance\,http://amigo.geneontology.org/amigo/term/GO:0008045\,MYCBP2  ALCAM,3
0.0889565678623264\,7\,435\,2.93226110265884\,GO:0009410 response to xenobiotic stimulus\,http://amigo.geneontology.org/amigo/term/GO:0009410\,GSTP1  GAL  SNCA  NEUROD1  AGPAT2  GPX1  EPHX1,3
0.0889565678623264\,2\,43\,12.8062015503876\,GO:0014911 positive regulation of smooth muscle cell migration\,http://amigo.geneontology.org/amigo/term/GO:0014911\,AGT  IGFBP5,3
0.0889565678623264\,13\,857\,2.07360203040084\,GO:0030029 actin filament-based process\,http://amigo.geneontology.org/amigo/term/GO:0030029\,DPYSL3  CALD1  IQSEC1  CDC42EP3  BAIAP2  PDLIM7  TMSB4X  ACTB  EZR  ACTG1  MYL1  MYL6  PREX1,3
0.0889565678623264\,3\,83\,6.72325581395349\,GO:0031279 regulation of cyclase activity\,http://amigo.geneontology.org/amigo/term/GO:0031279\,CALM2  CALM3  CALM1,3
0.0889565678623264\,2\,24\,12.8062015503876\,GO:0032928 regulation of superoxide anion generation\,http://amigo.geneontology.org/amigo/term/GO:0032928\,AGT  GSTP1,3
0.0889565678623264\,2\,37\,12.8062015503876\,GO:0044060 regulation of endocrine process\,http://amigo.geneontology.org/amigo/term/GO:0044060\, GAL  AGT,3
0.0889565678623264\,3\,100\,6.72325581395349\,GO:0045103 intermediate filament-based process\,http://amigo.geneontology.org/amigo/term/GO:0045103\, NEFM  PRPH  NEFL,3
0.0889565678623264\,19\,1806\,1.77419250645995\,GO:0048870 cell motility\,http://amigo.geneontology.org/amigo/term/GO:0048870\,ACTB  TMSB4X  ARID4A  IGFBP5  AGT  PPIB  ATP5F1B  MDGA1  DPYSL3  GADD45A  PREX1  SERPINF1  GPX1  CAMK2B  NGFR  CD63  ACTG1  IQSEC1  DNER,3
0.0889565678623264\,2\,27\,12.8062015503876\,GO:0050860 negative regulation of T cell receptor signaling pathway\,http://amigo.geneontology.org/amigo/term/GO:0050860\,BTN2A2  EZR,3
0.0889565678623264\,8\,312\,2.69604243166055\,GO:0051258 protein polymerization\,http://amigo.geneontology.org/amigo/term/GO:0051258\,CDC42EP3  BAIAP2  TMSB4X  SNCA  NEFL  RPS3  MAP2  PREX1,3
0.0889565678623264\,19\,1806\,1.77419250645995\,GO:0051674 localization of cell\,http://amigo.geneontology.org/amigo/term/GO:0051674\,ACTB  TMSB4X  ARID4A  IGFBP5  AGT  PPIB  ATP5F1B  MDGA1  DPYSL3  GADD45A  PREX1  SERPINF1  GPX1  CAMK2B  NGFR  CD63  ACTG1  IQSEC1  DNER,3
0.0889565678623264\,14\,1271\,2.00480471555589\,GO:0060429 epithelium development\,http://amigo.geneontology.org/amigo/term/GO:0060429\,GAL  AGT  ARID4A  NGFR  PHGDH  NR3C1  IGFBP5  TNFRSF19  NEUROD1  PBX1  GPX1  EZR  ACTB  ACTG1,3
0.0889565678623264\,6\,341\,3.27963698241634\,GO:0070588 calcium ion transmembrane transport\,http://amigo.geneontology.org/amigo/term/GO:0070588\,CALM2  CALM3  CALM1  SNCA  ATP1B1  JPH4,3
0.0889565678623264\,2\,22\,12.8062015503876\,GO:0150105 protein localization to cell-cell junction\,http://amigo.geneontology.org/amigo/term/GO:0150105\,ACTB  ACTG1,3
0.0889565678623264\,2\,13\,12.8062015503876\,GO:1901841 regulation of high voltage-gated calcium channel activity\,http://amigo.geneontology.org/amigo/term/GO:1901841\,CALM3  CALM1,3
0.0889565678623264\,2\,12\,12.8062015503876\,GO:1903651 positive regulation of cytoplasmic transport\,http://amigo.geneontology.org/amigo/term/GO:1903651\,EZR  MAP2,3
0.0890578106476535\,4\,114\,4.71807425540596\,GO:0030004 cellular monovalent inorganic cation homeostasis\,http://amigo.geneontology.org/amigo/term/GO:0030004\,ATP1B1  ATP6V0B  AGT  ATP5F1B,3
0.0890578106476535\,4\,130\,4.71807425540596\,GO:0043534 blood vessel endothelial cell migration\,http://amigo.geneontology.org/amigo/term/GO:0043534\,TMSB4X  GADD45A  GPX1  ATP5F1B,3
0.08913687113258\,5\,284\,3.7984496124031\,GO:0010466 negative regulation of peptidase activity\,http://amigo.geneontology.org/amigo/term/GO:0010466\,SERPINF1  AGT  PCSK1N  SNCA  GPX1,3
0.08913687113258\,5\,181\,3.7984496124031\,GO:0010594 regulation of endothelial cell migration\,http://amigo.geneontology.org/amigo/term/GO:0010594\,AGT  TMSB4X  GADD45A  SERPINF1  ATP5F1B,3
0.0920085671095948\,27\,2680\,1.57167019027484\,GO:0050793 regulation of developmental process\,http://amigo.geneontology.org/amigo/term/GO:0050793\,EZR  SERPINF1  CDC42EP3  ARID4A  ACTB  BCL7A  GAL  AGT  NGFR  CELF4  EFNB3  IGFBP5  GADD45A  PREX1  BTN2A2  CRABP2  FEZ1  ELAVL4  NEUROD1  BAIAP2  PBX1  PDLIM7  NEFL  PPIB  PCP4  CAMK2B  MAP2,3
0.0939274787636985\,32\,2509\,1.49405684754522\,GO:0051128 regulation of cellular component organization\,http://amigo.geneontology.org/amigo/term/GO:0051128\,EZR  CDC42EP3  BAIAP2  SVIP  TMSB4X  ACTB  BCL7A  MDGA1  ITM2C  SNCA  MYCBP2  MID1  EFNB3  DPYSL3  IGFBP5  ATP5IF1  SERPINF1  AGT  CRABP2  RPS3  FEZ1  CALM3  ELAVL4  NR2F1  AFAP1  NEFL  CD63  ACTG1  GPX1  CAMK2B  MAP2  IQSEC1,3
0.0946836828643787\,5\,203\,3.73514211886305\,GO:0032872 regulation of stress-activated MAPK cascade\,http://amigo.geneontology.org/amigo/term/GO:0032872\,TNFRSF19  GSTP1  GADD45A  EZR  MID1,3
0.0952402000272008\,4\,146\,4.59709799244683\,GO:0001508 action potential\,http://amigo.geneontology.org/amigo/term/GO:0001508\,SCN9A  ATP1B1  CALM3  CALM1,3
0.0952402000272008\,4\,284\,4.59709799244683\,GO:0002274 myeloid leukocyte activation\,http://amigo.geneontology.org/amigo/term/GO:0002274\,PTGDS  SNCA    PREX1,3
0.0952402000272008\,4\,108\,4.59709799244683\,GO:0010921 regulation of phosphatase activity\,http://amigo.geneontology.org/amigo/term/GO:0010921\,PPP1R17  CALM2  CALM3  CALM1,3
0.0960420474100007\,3\,49\,6.4031007751938\,GO:0035307 positive regulation of protein dephosphorylation\,http://amigo.geneontology.org/amigo/term/GO:0035307\,CALM2  CALM3  CALM1,3
0.0995196584134347\,14\,1128\,1.96709678987145\,GO:0051336 regulation of hydrolase activity\,http://amigo.geneontology.org/amigo/term/GO:0051336\,PPP1R17  SERPINF1  AGT  ATP5IF1  CALM2  SNCA  RPS3  CALM3  CALM1  PCSK1N  PREX1  IQSEC1  NGFR  GPX1,3
0.0995488324601963\,5\,348\,3.6739102808489\,GO:0050870 positive regulation of T cell activation\,http://amigo.geneontology.org/amigo/term/GO:0050870\,ACTB  HLA-A  EFNB3  BTN2A2  RPS3,3
0.10065593628534\,12\,857\,2.10101744186046\,GO:0032940 secretion by cell\,http://amigo.geneontology.org/amigo/term/GO:0032940\,WLS  NEUROD1  GAL  SNCA  PTGDS  AGT  CALM3  SELENOM    EZR  NECAB3  GRM4,3
0.10065593628534\,6\,236\,3.16388508891929\,GO:0051651 maintenance of location in cell\,http://amigo.geneontology.org/amigo/term/GO:0051651\,CALM2  CALM3  TMSB4X  CALM1  SNCA  JPH4,3
0.102393036203206\,7\,562\,2.82659403589636\,GO:0010817 regulation of hormone levels\,http://amigo.geneontology.org/amigo/term/GO:0010817\,NEUROD1  GAL  PCSK1N  NR3C1  AGT  CRABP2  SELENOM,3
0.103068913357862\,23\,2427\,1.63116965950348\,GO:0048584 positive regulation of response to stimulus\,http://amigo.geneontology.org/amigo/term/GO:0048584\,BTN2A2  TNFRSF19  RPS3  ACTB  BCL7A  AGPAT2  GADD45A  GRM4  AGT  SNCA  TMSB4X  HLA-A  NGFR  MFNG  IGFBP5  WLS  ITM2C  BAIAP2  GPX1  EZR  MID1  CD63  ACTG1,3
0.103193834780431\,10\,1104\,2.28682170542636\,GO:0098609 cell-cell adhesion\,http://amigo.geneontology.org/amigo/term/GO:0098609\,ACTB  ACTG1  MDGA1  HLA-A  EFNB3  BTN2A2  BAIAP2  EZR  RPS3  ALCAM,3
0.104546986091699\,5\,206\,3.61465366341585\,GO:0070302 regulation of stress-activated protein kinase signaling cascade\,http://amigo.geneontology.org/amigo/term/GO:0070302\,TNFRSF19  GSTP1  GADD45A  EZR  MID1,3
0.10566962217345\,3\,133\,6.11205073995772\,GO:0002444 myeloid leukocyte mediated immunity\,http://amigo.geneontology.org/amigo/term/GO:0002444\,PTGDS  SPON2,3
0.10566962217345\,3\,110\,6.11205073995772\,GO:0046425 regulation of receptor signaling pathway via JAK-STAT\,http://amigo.geneontology.org/amigo/term/GO:0046425\,GADD45A  NEUROD1  AGT,3
0.10566962217345\,3\,65\,6.11205073995772\,GO:0051353 positive regulation of oxidoreductase activity\,http://amigo.geneontology.org/amigo/term/GO:0051353\,SNCA  CALM3  AGT,3
0.10566962217345\,3\,116\,6.11205073995772\,GO:1904892 regulation of receptor signaling pathway via STAT\,http://amigo.geneontology.org/amigo/term/GO:1904892\,GADD45A  NEUROD1  AGT,3
0.106414200653934\,9\,410\,2.40116279069767\,GO:1902903 regulation of supramolecular fiber organization\,http://amigo.geneontology.org/amigo/term/GO:1902903\,CDC42EP3  BAIAP2  TMSB4X  SNCA  MID1  RPS3  ACTG1  MAP2  GPX1,3
0.106612016449559\,12\,1730\,2.07668133249529\,GO:0050877 nervous system process\,http://amigo.geneontology.org/amigo/term/GO:0050877\,SCN9A  MYCBP2  JPH4  CELF4  SOBP  SERPINF1  AGT  SNCA  ELAVL4  BAIAP2  GPX1  NEFL,3
0.107064093909867\,2\,14\,11.2054263565891\,GO:0006596 polyamine biosynthetic process\,http://amigo.geneontology.org/amigo/term/GO:0006596\,SAT1  OAZ1,3
0.107064093909867\,2\,31\,11.2054263565891\,GO:0008211 glucocorticoid metabolic process\,http://amigo.geneontology.org/amigo/term/GO:0008211\,GAL  NR3C1,3
0.107064093909867\,2\,40\,11.2054263565891\,GO:0032350 regulation of hormone metabolic process\,http://amigo.geneontology.org/amigo/term/GO:0032350\,GAL  NR3C1,3
0.107064093909867\,2\,35\,11.2054263565891\,GO:0050858 negative regulation of antigen receptor-mediated signaling pathway\,http://amigo.geneontology.org/amigo/term/GO:0050858\,BTN2A2  EZR,3
0.107064093909867\,2\,10\,11.2054263565891\,GO:0098974 postsynaptic actin cytoskeleton organization\,http://amigo.geneontology.org/amigo/term/GO:0098974\,ACTB  ACTG1,3
0.107399757763667\,13\,975\,1.99548688541998\,GO:0022603 regulation of anatomical structure morphogenesis\,http://amigo.geneontology.org/amigo/term/GO:0022603\,EZR  SERPINF1  CDC42EP3  AGT  NGFR  EFNB3  GADD45A  PREX1  CRABP2  BAIAP2  NEFL  CAMK2B  MAP2,3
0.107399757763667\,9\,719\,2.38695472684739\,GO:0043408 regulation of MAPK cascade\,http://amigo.geneontology.org/amigo/term/GO:0043408\,TNFRSF19  GSTP1  GADD45A  GRM4  BTN2A2  EZR  MID1  AGT  RPS3,3
0.107399757763667\,9\,522\,2.38695472684739\,GO:0090066 regulation of anatomical structure size\,http://amigo.geneontology.org/amigo/term/GO:0090066\,CDC42EP3  BAIAP2  TMSB4X  EZR  AGT  CRABP2  GPX1  NEFL  MAP2,3
0.107399757763667\,5\,378\,3.557278208441\,GO:1903039 positive regulation of leukocyte cell-cell adhesion\,http://amigo.geneontology.org/amigo/term/GO:1903039\,ACTB  HLA-A  EFNB3  BTN2A2  RPS3,3
0.108444153102514\,15\,1516\,1.87800441730544\,GO:0006629 lipid metabolic process\,http://amigo.geneontology.org/amigo/term/GO:0006629\,EPHX1  SCD5  AGPAT2  GSTP1  EFR3B  PTGDS  GPX1  BCAT1  GAL  ATP5F1B  NR3C1  CRABP2  SNCA  PBX1,3
0.113068611805685\,15\,1061\,1.86757105943152\,GO:0010243 response to organonitrogen compound\,http://amigo.geneontology.org/amigo/term/GO:0010243\,SVIP  NGFR  APLP1  IGFBP5  GAL  SERPINF1  AGT  CALM3  ELAVL4  BAIAP2  GPX1  NEFL  ACTB  EZR  SNCA,3
0.113068611805685\,8\,528\,2.52516650289333\,GO:0033674 positive regulation of kinase activity\,http://amigo.geneontology.org/amigo/term/GO:0033674\,SNCA  RPLP1  GPRC5C  AGT  RPS3  CALM2  CALM3  CALM1,3
0.113697871261005\,4\,166\,4.2687338501292\,GO:0006633 fatty acid biosynthetic process\,http://amigo.geneontology.org/amigo/term/GO:0006633\,SCD5  GSTP1  PTGDS,3
0.113722621462085\,3\,78\,5.84630940343782\,GO:0032413 negative regulation of ion transmembrane transporter activity\,http://amigo.geneontology.org/amigo/term/GO:0032413\,CALM2  CALM1  CALM3,3
0.113722621462085\,3\,152\,5.84630940343782\,GO:0050728 negative regulation of inflammatory response\,http://amigo.geneontology.org/amigo/term/GO:0050728\,SERPINF1  GPX1  GSTP1,3
0.113722621462085\,3\,74\,5.84630940343782\,GO:0070373 negative regulation of ERK1 and ERK2 cascade\,http://amigo.geneontology.org/amigo/term/GO:0070373\,GSTP1  BTN2A2  EZR,3
0.115255300008251\,6\,525\,3.02168800627123\,GO:0007159 leukocyte cell-cell adhesion\,http://amigo.geneontology.org/amigo/term/GO:0007159\,ACTB  HLA-A  EFNB3  BTN2A2  EZR  RPS3,3
0.11637150258448\,12\,977\,2.03735024665257\,GO:0030334 regulation of cell migration\,http://amigo.geneontology.org/amigo/term/GO:0030334\,TMSB4X  ARID4A  IGFBP5  AGT  DPYSL3  GADD45A  SERPINF1  ATP5F1B  CAMK2B  NGFR  ACTG1  IQSEC1,3
0.11637150258448\,9\,628\,2.34532179556517\,GO:0032787 monocarboxylic acid metabolic process\,http://amigo.geneontology.org/amigo/term/GO:0032787\,EPHX1  SCD5  GSTP1  PTGDS  GPX1  PHGDH  CRABP2  SNCA,3
0.117743987438879\,5\,236\,3.44782349433512\,GO:0071902 positive regulation of protein serine/threonine kinase activity\,http://amigo.geneontology.org/amigo/term/GO:0071902\,SNCA  RPS3  CALM2  CALM3  CALM1,3
0.11958672500192\,9\,318\,2.3317650221804\,GO:0046034 ATP metabolic process\,http://amigo.geneontology.org/amigo/term/GO:0046034\,ATP5F1B  COX7C  ATP5MG  NDUFB10  NDUFB1  ATP1B1  TMSB4X  SNCA  ATP5IF1,3
0.12027764920705\,4\,159\,4.16946096989364\,GO:0043271 negative regulation of ion transport\,http://amigo.geneontology.org/amigo/term/GO:0043271\,CALM2  SNCA  CALM1  CALM3,3
0.122593721943103\,7\,480\,2.68164049559398\,GO:0052548 regulation of endopeptidase activity\,http://amigo.geneontology.org/amigo/term/GO:0052548\,SERPINF1  AGT  SNCA  PCSK1N  NGFR  RPS3  GPX1,3
0.12347129200536\,2\,31\,9.9603789836348\,GO:0001516 prostaglandin biosynthetic process\,http://amigo.geneontology.org/amigo/term/GO:0001516\, PTGDS  ,3
0.12347129200536\,3\,106\,5.60271317829457\,GO:0006576 cellular biogenic amine metabolic process\,http://amigo.geneontology.org/amigo/term/GO:0006576\,SAT1  OAZ1  SNCA,3
0.12347129200536\,4\,181\,4.07470049330514\,GO:0006941 striated muscle contraction\,http://amigo.geneontology.org/amigo/term/GO:0006941\,CALM2  CALM3  CALM1  ATP1B1,3
0.12347129200536\,8\,498\,2.45598385897844\,GO:0023061 signal release\,http://amigo.geneontology.org/amigo/term/GO:0023061\,WLS  NEUROD1  GAL  SNCA  AGT  CALM3  SELENOM  GRM4,3
0.12347129200536\,4\,125\,4.07470049330514\,GO:0034763 negative regulation of transmembrane transport\,http://amigo.geneontology.org/amigo/term/GO:0034763\,CALM2  CALM1  OAZ1  CALM3,3
0.12347129200536\,3\,66\,5.60271317829457\,GO:0035306 positive regulation of dephosphorylation\,http://amigo.geneontology.org/amigo/term/GO:0035306\,CALM2  CALM3  CALM1,3
0.12347129200536\,2\,36\,9.9603789836348\,GO:0035633 maintenance of blood-brain barrier\,http://amigo.geneontology.org/amigo/term/GO:0035633\,ACTB  ACTG1,3
0.12347129200536\,2\,33\,9.9603789836348\,GO:0040018 positive regulation of multicellular organism growth\,http://amigo.geneontology.org/amigo/term/GO:0040018\, EZR  PPIB,3
0.12347129200536\,2\,43\,9.9603789836348\,GO:0042554 superoxide anion generation\,http://amigo.geneontology.org/amigo/term/GO:0042554\,AGT  GSTP1,3
0.12347129200536\,2\,30\,9.9603789836348\,GO:0042744 hydrogen peroxide catabolic process\,http://amigo.geneontology.org/amigo/term/GO:0042744\,GPX1  SNCA,3
0.12347129200536\,2\,31\,9.9603789836348\,GO:0046457 prostanoid biosynthetic process\,http://amigo.geneontology.org/amigo/term/GO:0046457\, PTGDS  ,3
0.12347129200536\,19\,1777\,1.68970714900947\,GO:0048585 negative regulation of response to stimulus\,http://amigo.geneontology.org/amigo/term/GO:0048585\,TLE4  SVIP  ARID4A  GSTP1  APLP1  IGFBP5  AGT  SNCA  HLA-A  PEG10  NGFR  CELF4  BTN2A2  SERPINF1  NEUROD1  GPX1  EZR  RPS3  TMSB4X,3
0.12347129200536\,2\,37\,9.9603789836348\,GO:0051385 response to mineralocorticoid\,http://amigo.geneontology.org/amigo/term/GO:0051385\,CALM3  NEFL,3
0.12347129200536\,4\,165\,4.07470049330514\,GO:0055067 monovalent inorganic cation homeostasis\,http://amigo.geneontology.org/amigo/term/GO:0055067\,ATP1B1  ATP6V0B  AGT  ATP5F1B,3
0.12347129200536\,2\,56\,9.9603789836348\,GO:0055078 sodium ion homeostasis\,http://amigo.geneontology.org/amigo/term/GO:0055078\,ATP1B1  AGT,3
0.12347129200536\,2\,48\,9.9603789836348\,GO:0060443 mammary gland morphogenesis\,http://amigo.geneontology.org/amigo/term/GO:0060443\,NR3C1  IGFBP5,3
0.12347129200536\,2\,48\,9.9603789836348\,GO:1900744 regulation of p38MAPK cascade\,http://amigo.geneontology.org/amigo/term/GO:1900744\,GADD45A  EZR,3
0.12347129200536\,2\,29\,9.9603789836348\,GO:1901018 positive regulation of potassium ion transmembrane transporter activity\,http://amigo.geneontology.org/amigo/term/GO:1901018\,GAL  ATP1B1,3
0.12347129200536\,2\,36\,9.9603789836348\,GO:1904707 positive regulation of vascular associated smooth muscle cell proliferation\,http://amigo.geneontology.org/amigo/term/GO:1904707\,AGT  IGFBP5,3
0.128299836624318\,10\,928\,2.16529977905104\,GO:0046649 lymphocyte activation\,http://amigo.geneontology.org/amigo/term/GO:0046649\,ACTB  HLA-A  GAL  MFNG  EFNB3  PREX1  BTN2A2  CMTM7  PBX1  RPS3,3
0.129987352574691\,2\,63\,8.96434108527132\,GO:0001658 branching involved in ureteric bud morphogenesis\,http://amigo.geneontology.org/amigo/term/GO:0001658\,AGT  PBX1,3
0.129987352574691\,7\,342\,2.4900947459087\,GO:0001933 negative regulation of protein phosphorylation\,http://amigo.geneontology.org/amigo/term/GO:0001933\,GSTP1  GADD45A  AGT  CALM2  SNCA  CALM3  CALM1,3
0.129987352574691\,1\,4\,44.8217054263566\,GO:0001951 intestinal D-glucose absorption\,http://amigo.geneontology.org/amigo/term/GO:0001951\, EZR,3
0.129987352574691\,1\,3\,44.8217054263566\,GO:0002018 renin-angiotensin regulation of aldosterone production\,http://amigo.geneontology.org/amigo/term/GO:0002018\, AGT,3
0.129987352574691\,1\,3\,44.8217054263566\,GO:0002019 regulation of renal output by angiotensin\,http://amigo.geneontology.org/amigo/term/GO:0002019\, AGT,3
0.129987352574691\,2\,56\,8.96434108527132\,GO:0002279 mast cell activation involved in immune response\,http://amigo.geneontology.org/amigo/term/GO:0002279\, PTGDS  ,3
0.129987352574691\,1\,10\,44.8217054263566\,GO:0002315 marginal zone B cell differentiation\,http://amigo.geneontology.org/amigo/term/GO:0002315\, MFNG,3
0.129987352574691\,1\,3\,44.8217054263566\,GO:0002419 T cell mediated cytotoxicity directed against tumor cell target\,http://amigo.geneontology.org/amigo/term/GO:0002419\, HLA-A,3
0.129987352574691\,1\,4\,44.8217054263566\,GO:0002484 antigen processing and presentation of endogenous peptide antigen via MHC class I via ER pathway\,http://amigo.geneontology.org/amigo/term/GO:0002484\, HLA-A,3
0.129987352574691\,1\,3\,44.8217054263566\,GO:0002486 antigen processing and presentation of endogenous peptide antigen via MHC class I via ER pathway TAP-independent\,http://amigo.geneontology.org/amigo/term/GO:0002486\, HLA-A,3
0.129987352574691\,1\,3\,44.8217054263566\,GO:0003051 angiotensin-mediated drinking behavior\,http://amigo.geneontology.org/amigo/term/GO:0003051\, AGT,3
0.129987352574691\,2\,18\,8.96434108527132\,GO:0006595 polyamine metabolic process\,http://amigo.geneontology.org/amigo/term/GO:0006595\,SAT1  OAZ1,3
0.129987352574691\,1\,5\,44.8217054263566\,GO:0006599 phosphagen metabolic process\,http://amigo.geneontology.org/amigo/term/GO:0006599\, CKB,3
0.129987352574691\,1\,5\,44.8217054263566\,GO:0006603 phosphocreatine metabolic process\,http://amigo.geneontology.org/amigo/term/GO:0006603\, CKB,3
0.129987352574691\,10\,634\,2.15488968395945\,GO:0006897 endocytosis\,http://amigo.geneontology.org/amigo/term/GO:0006897\,SNCA  ACTB  EZR  APLP1  SPON2  CALM3  ACTG1  CD63  DNER  PDLIM7,3
0.129987352574691\,5\,245\,3.11261843238587\,GO:0007411 axon guidance\,http://amigo.geneontology.org/amigo/term/GO:0007411\,EFNB3  MYCBP2  NGFR  ALCAM  FEZ1,3
0.129987352574691\,6\,527\,2.77247662431072\,GO:0008015 blood circulation\,http://amigo.geneontology.org/amigo/term/GO:0008015\,CALM2  CALM3  CALM1  AGT  ATP1B1  GPX1,3
0.129987352574691\,1\,21\,44.8217054263566\,GO:0008228 opsonization\,http://amigo.geneontology.org/amigo/term/GO:0008228\,SPON2,3
0.129987352574691\,10\,772\,2.15488968395945\,GO:0008285 negative regulation of cell population proliferation\,http://amigo.geneontology.org/amigo/term/GO:0008285\,IGFBP5  ATP5IF1  GAL  PTGDS  BTN2A2  SERPINF1  SSTR2  NGFR  HMGA1  GSTP1,3
0.129987352574691\,3\,122\,4.9801894918174\,GO:0009308 amine metabolic process\,http://amigo.geneontology.org/amigo/term/GO:0009308\,SAT1  OAZ1  SNCA,3
0.129987352574691\,1\,6\,44.8217054263566\,GO:0009448 gamma-aminobutyric acid metabolic process\,http://amigo.geneontology.org/amigo/term/GO:0009448\, PHGDH,3
0.129987352574691\,1\,5\,44.8217054263566\,GO:0009608 response to symbiont\,http://amigo.geneontology.org/amigo/term/GO:0009608\,GPX1,3
0.129987352574691\,1\,5\,44.8217054263566\,GO:0009609 response to symbiotic bacterium\,http://amigo.geneontology.org/amigo/term/GO:0009609\,GPX1,3
0.129987352574691\,5\,250\,3.2015503875969\,GO:0009636 response to toxic substance\,http://amigo.geneontology.org/amigo/term/GO:0009636\,GSTP1  EPHX1  SCN9A  GPX1  NEFL,3
0.129987352574691\,1\,10\,44.8217054263566\,GO:0010533 regulation of activation of Janus kinase activity\,http://amigo.geneontology.org/amigo/term/GO:0010533\, AGT,3
0.129987352574691\,1\,8\,44.8217054263566\,GO:0010536 positive regulation of activation of Janus kinase activity\,http://amigo.geneontology.org/amigo/term/GO:0010536\, AGT,3
0.129987352574691\,1\,19\,44.8217054263566\,GO:0010744 positive regulation of macrophage derived foam cell differentiation\,http://amigo.geneontology.org/amigo/term/GO:0010744\, AGT,3
0.129987352574691\,1\,16\,44.8217054263566\,GO:0010919 regulation of inositol phosphate biosynthetic process\,http://amigo.geneontology.org/amigo/term/GO:0010919\, SNCA,3
0.129987352574691\,1\,3\,44.8217054263566\,GO:0014734 skeletal muscle hypertrophy\,http://amigo.geneontology.org/amigo/term/GO:0014734\,IGFBP5,3
0.129987352574691\,2\,47\,8.96434108527132\,GO:0014888 striated muscle adaptation\,http://amigo.geneontology.org/amigo/term/GO:0014888\,IGFBP5  CAMK2B,3
0.129987352574691\,1\,18\,44.8217054263566\,GO:0016045 detection of bacterium\,http://amigo.geneontology.org/amigo/term/GO:0016045\, HLA-A,3
0.129987352574691\,5\,434\,3.11261843238587\,GO:0022409 positive regulation of cell-cell adhesion\,http://amigo.geneontology.org/amigo/term/GO:0022409\,ACTB  HLA-A  EFNB3  BTN2A2  RPS3,3
0.129987352574691\,2\,28\,8.96434108527132\,GO:0030325 adrenal gland development\,http://amigo.geneontology.org/amigo/term/GO:0030325\,NR3C1  PBX1,3
0.129987352574691\,6\,314\,2.80135658914729\,GO:0030336 negative regulation of cell migration\,http://amigo.geneontology.org/amigo/term/GO:0030336\,ARID4A  IGFBP5  DPYSL3  GADD45A  SERPINF1  NGFR,3
0.129987352574691\,5\,190\,3.2015503875969\,GO:0031345 negative regulation of cell projection organization\,http://amigo.geneontology.org/amigo/term/GO:0031345\,ITM2C  EFNB3  DPYSL3  NR2F1  MAP2,3
0.129987352574691\,2\,69\,8.96434108527132\,GO:0032623 interleukin-2 production\,http://amigo.geneontology.org/amigo/term/GO:0032623\,EZR  RPS3,3
0.129987352574691\,2\,69\,8.96434108527132\,GO:0032663 regulation of interleukin-2 production\,http://amigo.geneontology.org/amigo/term/GO:0032663\,EZR  RPS3,3
0.129987352574691\,1\,20\,44.8217054263566\,GO:0032717 negative regulation of interleukin-8 production\,http://amigo.geneontology.org/amigo/term/GO:0032717\,TMSB4X,3
0.129987352574691\,7\,282\,2.5302575643911\,GO:0032886 regulation of microtubule-based process\,http://amigo.geneontology.org/amigo/term/GO:0032886\,SNCA  MID1  FEZ1  CFAP298  TCP10L  RPS3  MAP2,3
0.129987352574691\,4\,308\,3.81461322777503\,GO:0032944 regulation of mononuclear cell proliferation\,http://amigo.geneontology.org/amigo/term/GO:0032944\,HLA-A  GAL  BTN2A2  RPS3,3
0.129987352574691\,5\,253\,3.11261843238587\,GO:0033500 carbohydrate homeostasis\,http://amigo.geneontology.org/amigo/term/GO:0033500\,NGFR  IGFBP5  SERPINF1  NEUROD1  GPX1,3
0.129987352574691\,11\,980\,2.06292368071097\,GO:0033993 response to lipid\,http://amigo.geneontology.org/amigo/term/GO:0033993\,NR3C1  SSTR2  SNCA  PTGDS  SERPINF1  AGT  SPON2  CALM3  GPX1  NEFL  GSTP1,3
0.129987352574691\,1\,17\,44.8217054263566\,GO:0034374 low-density lipoprotein particle remodeling\,http://amigo.geneontology.org/amigo/term/GO:0034374\, AGT,3
0.129987352574691\,1\,5\,44.8217054263566\,GO:0035106 operant conditioning\,http://amigo.geneontology.org/amigo/term/GO:0035106\, AGT,3
0.129987352574691\,1\,7\,44.8217054263566\,GO:0035931 mineralocorticoid secretion\,http://amigo.geneontology.org/amigo/term/GO:0035931\, AGT,3
0.129987352574691\,1\,7\,44.8217054263566\,GO:0035932 aldosterone secretion\,http://amigo.geneontology.org/amigo/term/GO:0035932\, AGT,3
0.129987352574691\,1\,5\,44.8217054263566\,GO:0038169 somatostatin receptor signaling pathway\,http://amigo.geneontology.org/amigo/term/GO:0038169\,SSTR2,3
0.129987352574691\,1\,5\,44.8217054263566\,GO:0038170 somatostatin signaling pathway\,http://amigo.geneontology.org/amigo/term/GO:0038170\,SSTR2,3
0.129987352574691\,1\,19\,44.8217054263566\,GO:0042270 protection from natural killer cell mediated cytotoxicity\,http://amigo.geneontology.org/amigo/term/GO:0042270\, HLA-A,3
0.129987352574691\,1\,5\,44.8217054263566\,GO:0042396 phosphagen biosynthetic process\,http://amigo.geneontology.org/amigo/term/GO:0042396\, CKB,3
0.129987352574691\,1\,18\,44.8217054263566\,GO:0042481 regulation of odontogenesis\,http://amigo.geneontology.org/amigo/term/GO:0042481\, NGFR,3
0.129987352574691\,1\,6\,44.8217054263566\,GO:0042482 positive regulation of odontogenesis\,http://amigo.geneontology.org/amigo/term/GO:0042482\, NGFR,3
0.129987352574691\,1\,11\,44.8217054263566\,GO:0042487 regulation of odontogenesis of dentin-containing tooth\,http://amigo.geneontology.org/amigo/term/GO:0042487\, NGFR,3
0.129987352574691\,1\,16\,44.8217054263566\,GO:0042590 antigen processing and presentation of exogenous peptide antigen via MHC class I\,http://amigo.geneontology.org/amigo/term/GO:0042590\, HLA-A,3
0.129987352574691\,5\,252\,3.15645812861666\,GO:0042593 glucose homeostasis\,http://amigo.geneontology.org/amigo/term/GO:0042593\,NGFR  IGFBP5  SERPINF1  NEUROD1  GPX1,3
0.129987352574691\,1\,4\,44.8217054263566\,GO:0042637 catagen\,http://amigo.geneontology.org/amigo/term/GO:0042637\, GAL,3
0.129987352574691\,9\,563\,2.19236602628918\,GO:0043065 positive regulation of apoptotic process\,http://amigo.geneontology.org/amigo/term/GO:0043065\,RPS3  GADD45A  AGT  NGFR  GAL  NR3C1  ITM2C  NEUROD1  SNCA,3
0.129987352574691\,1\,6\,44.8217054263566\,GO:0043152 induction of bacterial agglutination\,http://amigo.geneontology.org/amigo/term/GO:0043152\,SPON2,3
0.129987352574691\,2\,54\,8.96434108527132\,GO:0043303 mast cell degranulation\,http://amigo.geneontology.org/amigo/term/GO:0043303\, PTGDS  ,3
0.129987352574691\,11\,826\,1.98805951487872\,GO:0043549 regulation of kinase activity\,http://amigo.geneontology.org/amigo/term/GO:0043549\,GSTP1  SNCA  GADD45A  RPLP1  GPRC5C  AGT  RPS3  ACTB  CALM2  CALM3  CALM1,3
0.129987352574691\,1\,6\,44.8217054263566\,GO:0043569 negative regulation of insulin-like growth factor receptor signaling pathway\,http://amigo.geneontology.org/amigo/term/GO:0043569\,IGFBP5,3
0.129987352574691\,3\,117\,4.9801894918174\,GO:0044106 cellular amine metabolic process\,http://amigo.geneontology.org/amigo/term/GO:0044106\,SAT1  OAZ1  SNCA,3
0.129987352574691\,9\,591\,2.24108527131783\,GO:0044283 small molecule biosynthetic process\,http://amigo.geneontology.org/amigo/term/GO:0044283\,BCAT1  SCD5  GSTP1  PTGDS  SNCA  PHGDH  NR3C1  CRABP2,3
0.129987352574691\,18\,1700\,1.67037411526795\,GO:0045595 regulation of cell differentiation\,http://amigo.geneontology.org/amigo/term/GO:0045595\,ACTB  BCL7A  SERPINF1  AGT  EFNB3  IGFBP5  PREX1  BTN2A2  CRABP2  FEZ1  NEUROD1  BAIAP2  PBX1  PDLIM7  NEFL  PCP4  CAMK2B  MAP2,3
0.129987352574691\,3\,92\,4.9801894918174\,GO:0045666 positive regulation of neuron differentiation\,http://amigo.geneontology.org/amigo/term/GO:0045666\,FEZ1  NEUROD1  PCP4,3
0.129987352574691\,2\,53\,8.96434108527132\,GO:0046006 regulation of activated T cell proliferation\,http://amigo.geneontology.org/amigo/term/GO:0046006\,BTN2A2  RPS3,3
0.129987352574691\,1\,5\,44.8217054263566\,GO:0046314 phosphocreatine biosynthetic process\,http://amigo.geneontology.org/amigo/term/GO:0046314\, CKB,3
0.129987352574691\,4\,108\,3.89753960229188\,GO:0048144 fibroblast proliferation\,http://amigo.geneontology.org/amigo/term/GO:0048144\,NGFR  AGT  GPX1  GSTP1,3
0.129987352574691\,5\,214\,3.2015503875969\,GO:0048167 regulation of synaptic plasticity\,http://amigo.geneontology.org/amigo/term/GO:0048167\,JPH4  AGT  SNCA  BAIAP2  CAMK2B,3
0.129987352574691\,3\,57\,5.37860465116279\,GO:0048168 regulation of neuronal synaptic plasticity\,http://amigo.geneontology.org/amigo/term/GO:0048168\,AGT  SNCA  CAMK2B,3
0.129987352574691\,13\,1237\,1.88570281729008\,GO:0048646 anatomical structure formation involved in morphogenesis\,http://amigo.geneontology.org/amigo/term/GO:0048646\,CALD1  SERPINF1  MFNG  GADD45A  WLS  AGT  GNG5  ACTG1  GPX1  SAT1  NGFR  ATP5F1B  ATP5IF1,3
0.129987352574691\,1\,5\,44.8217054263566\,GO:0048818 positive regulation of hair follicle maturation\,http://amigo.geneontology.org/amigo/term/GO:0048818\, GAL,3
0.129987352574691\,4\,304\,3.98415159345392\,GO:0050670 regulation of lymphocyte proliferation\,http://amigo.geneontology.org/amigo/term/GO:0050670\,HLA-A  GAL  BTN2A2  RPS3,3
0.129987352574691\,3\,96\,4.9801894918174\,GO:0050848 regulation of calcium-mediated signaling\,http://amigo.geneontology.org/amigo/term/GO:0050848\,CALM2  CALM3  CALM1,3
0.129987352574691\,4\,208\,3.98415159345392\,GO:0050851 antigen receptor-mediated signaling pathway\,http://amigo.geneontology.org/amigo/term/GO:0050851\,BTN2A2  HLA-A  EZR  RPS3,3
0.129987352574691\,1\,10\,44.8217054263566\,GO:0051121 hepoxilin metabolic process\,http://amigo.geneontology.org/amigo/term/GO:0051121\,GSTP1,3
0.129987352574691\,1\,10\,44.8217054263566\,GO:0051122 hepoxilin biosynthetic process\,http://amigo.geneontology.org/amigo/term/GO:0051122\,GSTP1,3
0.129987352574691\,9\,646\,2.20434616850934\,GO:0051345 positive regulation of hydrolase activity\,http://amigo.geneontology.org/amigo/term/GO:0051345\,CALM2  SNCA  RPS3  CALM3  CALM1  PREX1  AGT  IQSEC1  NGFR,3
0.129987352574691\,1\,4\,44.8217054263566\,GO:0051387 negative regulation of neurotrophin TRK receptor signaling pathway\,http://amigo.geneontology.org/amigo/term/GO:0051387\, AGT,3
0.129987352574691\,1\,4\,44.8217054263566\,GO:0051464 positive regulation of cortisol secretion\,http://amigo.geneontology.org/amigo/term/GO:0051464\, GAL,3
0.129987352574691\,4\,152\,3.89753960229188\,GO:0051592 response to calcium ion\,http://amigo.geneontology.org/amigo/term/GO:0051592\,CALM2  CALM3  CALM1  ACTG1,3
0.129987352574691\,1\,4\,44.8217054263566\,GO:0051794 regulation of timing of catagen\,http://amigo.geneontology.org/amigo/term/GO:0051794\, GAL,3
0.129987352574691\,1\,3\,44.8217054263566\,GO:0051795 positive regulation of timing of catagen\,http://amigo.geneontology.org/amigo/term/GO:0051795\, GAL,3
0.129987352574691\,1\,6\,44.8217054263566\,GO:0051799 negative regulation of hair follicle development\,http://amigo.geneontology.org/amigo/term/GO:0051799\, NGFR,3
0.129987352574691\,1\,17\,44.8217054263566\,GO:0051969 regulation of transmission of nerve impulse\,http://amigo.geneontology.org/amigo/term/GO:0051969\, AGT,3
0.129987352574691\,9\,794\,2.26626600470342\,GO:0055080 cation homeostasis\,http://amigo.geneontology.org/amigo/term/GO:0055080\,ATP1B1  CALM2  CALM3  ATP6V0B  CALM1  SNCA  AGT  ATP5F1B  JPH4,3
0.129987352574691\,1\,14\,44.8217054263566\,GO:0060732 positive regulation of inositol phosphate biosynthetic process\,http://amigo.geneontology.org/amigo/term/GO:0060732\, SNCA,3
0.129987352574691\,1\,3\,44.8217054263566\,GO:0061366 behavioral response to chemical pain\,http://amigo.geneontology.org/amigo/term/GO:0061366\,SCN9A,3
0.129987352574691\,1\,3\,44.8217054263566\,GO:0061368 behavioral response to formalin induced pain\,http://amigo.geneontology.org/amigo/term/GO:0061368\,SCN9A,3
0.129987352574691\,1\,11\,44.8217054263566\,GO:0070471 uterine smooth muscle contraction\,http://amigo.geneontology.org/amigo/term/GO:0070471\, AGT,3
0.129987352574691\,4\,272\,3.73514211886305\,GO:0071356 cellular response to tumor necrosis factor\,http://amigo.geneontology.org/amigo/term/GO:0071356\,GSTP1  TNFRSF19  RPS3  TMSB4X,3
0.129987352574691\,10\,697\,2.07507895492392\,GO:0071363 cellular response to growth factor stimulus\,http://amigo.geneontology.org/amigo/term/GO:0071363\,SMAD9  CD63  ARID4A  NR3C1  AGT  PEG10  NGFR  FEZ1  ELAVL4  BAIAP2,3
0.129987352574691\,1\,4\,44.8217054263566\,GO:0071529 cementum mineralization\,http://amigo.geneontology.org/amigo/term/GO:0071529\, WLS,3
0.129987352574691\,1\,6\,44.8217054263566\,GO:0071638 negative regulation of monocyte chemotactic protein-1 production\,http://amigo.geneontology.org/amigo/term/GO:0071638\,GSTP1,3
0.129987352574691\,3\,77\,5.37860465116279\,GO:0086001 cardiac muscle cell action potential\,http://amigo.geneontology.org/amigo/term/GO:0086001\,ATP1B1  CALM3  CALM1,3
0.129987352574691\,2\,32\,8.96434108527132\,GO:0090322 regulation of superoxide metabolic process\,http://amigo.geneontology.org/amigo/term/GO:0090322\,AGT  GSTP1,3
0.129987352574691\,1\,4\,44.8217054263566\,GO:0090402 oncogene-induced cell senescence\,http://amigo.geneontology.org/amigo/term/GO:0090402\,HMGA1,3
0.129987352574691\,1\,21\,44.8217054263566\,GO:0098543 detection of other organism\,http://amigo.geneontology.org/amigo/term/GO:0098543\, HLA-A,3
0.129987352574691\,1\,30\,44.8217054263566\,GO:0098581 detection of external biotic stimulus\,http://amigo.geneontology.org/amigo/term/GO:0098581\, HLA-A,3
0.129987352574691\,5\,176\,3.15645812861666\,GO:0099173 postsynapse organization\,http://amigo.geneontology.org/amigo/term/GO:0099173\,ACTB  BAIAP2  ACTG1  NEFL  CAMK2B,3
0.129987352574691\,1\,4\,44.8217054263566\,GO:0099179 regulation of synaptic membrane adhesion\,http://amigo.geneontology.org/amigo/term/GO:0099179\,MDGA1,3
0.129987352574691\,1\,5\,44.8217054263566\,GO:0106001 intestinal hexose absorption\,http://amigo.geneontology.org/amigo/term/GO:0106001\, EZR,3
0.129987352574691\,1\,5\,44.8217054263566\,GO:1901610 positive regulation of vesicle transport along microtubule\,http://amigo.geneontology.org/amigo/term/GO:1901610\,MAP2,3
0.129987352574691\,5\,161\,3.29571363429093\,GO:1902600 proton transmembrane transport\,http://amigo.geneontology.org/amigo/term/GO:1902600\,ATP6V0B  ATP1B1  TMSB4X  ATP5F1B  ATP5MG,3
0.129987352574691\,1\,3\,44.8217054263566\,GO:1902805 positive regulation of synaptic vesicle transport\,http://amigo.geneontology.org/amigo/term/GO:1902805\,MAP2,3
0.129987352574691\,1\,3\,44.8217054263566\,GO:1902896 terminal web assembly\,http://amigo.geneontology.org/amigo/term/GO:1902896\, EZR,3
0.129987352574691\,1\,3\,44.8217054263566\,GO:1903279 regulation of calcium:sodium antiporter activity\,http://amigo.geneontology.org/amigo/term/GO:1903279\,ATP1B1,3
0.129987352574691\,2\,20\,8.96434108527132\,GO:1903421 regulation of synaptic vesicle recycling\,http://amigo.geneontology.org/amigo/term/GO:1903421\,CALM3  SNCA,3
0.129987352574691\,1\,11\,44.8217054263566\,GO:1903596 regulation of gap junction assembly\,http://amigo.geneontology.org/amigo/term/GO:1903596\, AGT,3
0.129987352574691\,1\,8\,44.8217054263566\,GO:1903598 positive regulation of gap junction assembly\,http://amigo.geneontology.org/amigo/term/GO:1903598\, AGT,3
0.129987352574691\,1\,3\,44.8217054263566\,GO:1903744 positive regulation of anterograde synaptic vesicle transport\,http://amigo.geneontology.org/amigo/term/GO:1903744\,MAP2,3
0.129987352574691\,2\,24\,8.96434108527132\,GO:1904752 regulation of vascular associated smooth muscle cell migration\,http://amigo.geneontology.org/amigo/term/GO:1904752\,AGT  IGFBP5,3
0.129987352574691\,12\,1038\,1.91409418190847\,GO:2000145 regulation of cell motility\,http://amigo.geneontology.org/amigo/term/GO:2000145\,TMSB4X  ARID4A  IGFBP5  AGT  DPYSL3  GADD45A  SERPINF1  ATP5F1B  CAMK2B  NGFR  ACTG1  IQSEC1,3
0.129987352574691\,1\,3\,44.8217054263566\,GO:2000295 regulation of hydrogen peroxide catabolic process\,http://amigo.geneontology.org/amigo/term/GO:2000295\, SNCA,3
0.129987352574691\,1\,4\,44.8217054263566\,GO:2000468 regulation of peroxidase activity\,http://amigo.geneontology.org/amigo/term/GO:2000468\, SNCA,3
0.129987352574691\,1\,10\,44.8217054263566\,GO:2000566 positive regulation of CD8-positive alpha-beta T cell proliferation\,http://amigo.geneontology.org/amigo/term/GO:2000566\, HLA-A,3
0.129987352574691\,1\,9\,44.8217054263566\,GO:2000833 positive regulation of steroid hormone secretion\,http://amigo.geneontology.org/amigo/term/GO:2000833\, GAL,3
0.129987352574691\,1\,7\,44.8217054263566\,GO:2000848 positive regulation of corticosteroid hormone secretion\,http://amigo.geneontology.org/amigo/term/GO:2000848\, GAL,3
0.129987352574691\,1\,4\,44.8217054263566\,GO:2000851 positive regulation of glucocorticoid secretion\,http://amigo.geneontology.org/amigo/term/GO:2000851\, GAL,3
0.129987352574691\,1\,6\,44.8217054263566\,GO:2000855 regulation of mineralocorticoid secretion\,http://amigo.geneontology.org/amigo/term/GO:2000855\, AGT,3
0.129987352574691\,1\,6\,44.8217054263566\,GO:2000858 regulation of aldosterone secretion\,http://amigo.geneontology.org/amigo/term/GO:2000858\, AGT,3
0.129987352574691\,4\,169\,3.73514211886305\,GO:2001236 regulation of extrinsic apoptotic signaling pathway\,http://amigo.geneontology.org/amigo/term/GO:2001236\,GSTP1  AGT  ITM2C  GPX1,3
0.129987352574691\,1\,3\,44.8217054263566\,GO:2001272 positive regulation of cysteine-type endopeptidase activity involved in execution phase of apoptosis\,http://amigo.geneontology.org/amigo/term/GO:2001272\,RPS3,3
0.131619117223681\,11\,1052\,1.98007534012017\,GO:0008284 positive regulation of cell population proliferation\,http://amigo.geneontology.org/amigo/term/GO:0008284\,ACTB  BCL7A  HLA-A  NGFR  AGT  GNG5  MAB21L1  MAB21L2  PBX1  IGFBP5  RPS3,3
0.131845304397068\,6\,388\,2.71646699553676\,GO:0045861 negative regulation of proteolysis\,http://amigo.geneontology.org/amigo/term/GO:0045861\,SERPINF1  AGT  SVIP  PCSK1N  SNCA  GPX1,3
0.13235122296607\,2\,43\,8.14940098661029\,GO:0010559 regulation of glycoprotein biosynthetic process\,http://amigo.geneontology.org/amigo/term/GO:0010559\,NECAB3  ITM2C,3
0.13235122296607\,3\,119\,4.80232558139535\,GO:0016525 negative regulation of angiogenesis\,http://amigo.geneontology.org/amigo/term/GO:0016525\,SERPINF1  GADD45A  AGT,3
0.13235122296607\,2\,142\,8.14940098661029\,GO:0019730 antimicrobial humoral response\,http://amigo.geneontology.org/amigo/term/GO:0019730\,HLA-A  SPON2,3
0.13235122296607\,3\,43\,4.80232558139535\,GO:0031111 negative regulation of microtubule polymerization or depolymerization\,http://amigo.geneontology.org/amigo/term/GO:0031111\,SNCA  MID1  MAP2,3
0.13235122296607\,2\,14\,8.14940098661029\,GO:0031115 negative regulation of microtubule polymerization\,http://amigo.geneontology.org/amigo/term/GO:0031115\,SNCA  MAP2,3
0.13235122296607\,6\,221\,2.6893023255814\,GO:0032271 regulation of protein polymerization\,http://amigo.geneontology.org/amigo/term/GO:0032271\,CDC42EP3  BAIAP2  TMSB4X  SNCA  RPS3  MAP2,3
0.13235122296607\,3\,124\,4.80232558139535\,GO:0033209 tumor necrosis factor-mediated signaling pathway\,http://amigo.geneontology.org/amigo/term/GO:0033209\,GSTP1  TNFRSF19  TMSB4X,3
0.13235122296607\,2\,59\,8.14940098661029\,GO:0038066 p38MAPK cascade\,http://amigo.geneontology.org/amigo/term/GO:0038066\,GADD45A  EZR,3
0.13235122296607\,9\,576\,2.15719437880861\,GO:0043068 positive regulation of programmed cell death\,http://amigo.geneontology.org/amigo/term/GO:0043068\,RPS3  GADD45A  AGT  NGFR  GAL  NR3C1  ITM2C  NEUROD1  SNCA,3
0.13235122296607\,2\,69\,8.14940098661029\,GO:0045576 mast cell activation\,http://amigo.geneontology.org/amigo/term/GO:0045576\, PTGDS  ,3
0.13235122296607\,7\,386\,2.45118701550388\,GO:0050767 regulation of neurogenesis\,http://amigo.geneontology.org/amigo/term/GO:0050767\,SERPINF1  EFNB3  CRABP2  BAIAP2  NEFL  CAMK2B  MAP2,3
0.13235122296607\,7\,509\,2.47048770066532\,GO:0052547 regulation of peptidase activity\,http://amigo.geneontology.org/amigo/term/GO:0052547\,SERPINF1  AGT  SNCA  PCSK1N  NGFR  RPS3  GPX1,3
0.13235122296607\,2\,29\,8.14940098661029\,GO:0060074 synapse maturation\,http://amigo.geneontology.org/amigo/term/GO:0060074\,NEFL  CAMK2B,3
0.13235122296607\,2\,70\,8.14940098661029\,GO:0060675 ureteric bud morphogenesis\,http://amigo.geneontology.org/amigo/term/GO:0060675\,AGT  PBX1,3
0.13235122296607\,2\,19\,8.14940098661029\,GO:0061003 positive regulation of dendritic spine morphogenesis\,http://amigo.geneontology.org/amigo/term/GO:0061003\,BAIAP2  CAMK2B,3
0.13235122296607\,2\,29\,8.14940098661029\,GO:0071549 cellular response to dexamethasone stimulus\,http://amigo.geneontology.org/amigo/term/GO:0071549\,SERPINF1  NR3C1,3
0.13235122296607\,2\,71\,8.14940098661029\,GO:0072171 mesonephric tubule morphogenesis\,http://amigo.geneontology.org/amigo/term/GO:0072171\,AGT  PBX1,3
0.13235122296607\,5\,246\,3.06997982372305\,GO:0097485 neuron projection guidance\,http://amigo.geneontology.org/amigo/term/GO:0097485\,EFNB3  MYCBP2  NGFR  ALCAM  FEZ1,3
0.13235122296607\,3\,121\,4.80232558139535\,GO:1901343 negative regulation of vasculature development\,http://amigo.geneontology.org/amigo/term/GO:1901343\,SERPINF1  GADD45A  AGT,3
0.13235122296607\,15\,1172\,1.75084786821705\,GO:1901698 response to nitrogen compound\,http://amigo.geneontology.org/amigo/term/GO:1901698\,SVIP  NGFR  APLP1  IGFBP5  GAL  SERPINF1  AGT  CALM3  ELAVL4  BAIAP2  GPX1  NEFL  ACTB  EZR  SNCA,3
0.13235122296607\,3\,50\,4.80232558139535\,GO:1902459 positive regulation of stem cell population maintenance\,http://amigo.geneontology.org/amigo/term/GO:1902459\,ARID4A  ACTB  BCL7A,3
0.13235122296607\,2\,52\,8.14940098661029\,GO:1902895 positive regulation of miRNA transcription\,http://amigo.geneontology.org/amigo/term/GO:1902895\,NGFR  NR3C1,3
0.13235122296607\,3\,120\,4.80232558139535\,GO:2000181 negative regulation of blood vessel morphogenesis\,http://amigo.geneontology.org/amigo/term/GO:2000181\,SERPINF1  GADD45A  AGT,3
0.133199648098617\,12\,1001\,1.89387487717\,GO:0046903 secretion\,http://amigo.geneontology.org/amigo/term/GO:0046903\,WLS  NEUROD1  GAL  SNCA  PTGDS  AGT  CALM3  SELENOM    EZR  NECAB3  GRM4,3
0.133866469119901\,5\,120\,3.02849360988896\,GO:0006754 ATP biosynthetic process\,http://amigo.geneontology.org/amigo/term/GO:0006754\,ATP5F1B  ATP5MG  NDUFB10  NDUFB1  TMSB4X,3
0.133889187190527\,32\,3356\,1.40479390170755\,GO:0065009 regulation of molecular function\,http://amigo.geneontology.org/amigo/term/GO:0065009\,PPP1R17  ATP5IF1  SERPINF1  AGT  CALM2  CALM3  GAL  GSTP1  ATP1B1  SNCA  RPS3  NEUROD1  PBX1  CALM1  TMSB4X  MYCBP2  ACTB  MFNG  PCSK1N  OAZ1  GADD45A  PREX1  RPLP1  IQSEC1  PPP1R1C  PPP1R14A  GPRC5C  PPP1R27  NGFR  GPX1  MAP2  JPH4,3
0.134444370815395\,8\,454\,2.26945343930919\,GO:0050808 synapse organization\,http://amigo.geneontology.org/amigo/term/GO:0050808\,SNCA  ACTB  MDGA1  BAIAP2  ACTG1  NEFL  CAMK2B  DNER,3
0.135790185745037\,6\,412\,2.66267556988257\,GO:0001654 eye development\,http://amigo.geneontology.org/amigo/term/GO:0001654\,PBX1  CELF4  SERPINF1  NEUROD1  MAB21L1  MAB21L2,3
0.135790185745037\,4\,156\,3.58573643410853\,GO:0001678 cellular glucose homeostasis\,http://amigo.geneontology.org/amigo/term/GO:0001678\,NGFR  SERPINF1  NEUROD1  GPX1,3
0.135790185745037\,6\,416\,2.66267556988257\,GO:0150063 visual system development\,http://amigo.geneontology.org/amigo/term/GO:0150063\,PBX1  CELF4  SERPINF1  NEUROD1  MAB21L1  MAB21L2,3
0.135790185745037\,6\,331\,2.66267556988257\,GO:2000146 negative regulation of cell motility\,http://amigo.geneontology.org/amigo/term/GO:2000146\,ARID4A  IGFBP5  DPYSL3  GADD45A  SERPINF1  NGFR,3
0.13775148356981\,10\,764\,2.02813146725595\,GO:0007268 chemical synaptic transmission\,http://amigo.geneontology.org/amigo/term/GO:0007268\,JPH4  GRM4  SNCA  CELF4  EFNB3  AGT  CALM3  ELAVL4  BAIAP2  CAMK2B,3
0.13775148356981\,10\,764\,2.02813146725595\,GO:0098916 anterograde trans-synaptic signaling\,http://amigo.geneontology.org/amigo/term/GO:0098916\,JPH4  GRM4  SNCA  CELF4  EFNB3  AGT  CALM3  ELAVL4  BAIAP2  CAMK2B,3
0.138653787365879\,5\,140\,2.98811369509044\,GO:0031109 microtubule polymerization or depolymerization\,http://amigo.geneontology.org/amigo/term/GO:0031109\,SNCA  MID1  KIF19  RPS3  MAP2,3
0.138993596091713\,9\,927\,2.12313341493268\,GO:0030155 regulation of cell adhesion\,http://amigo.geneontology.org/amigo/term/GO:0030155\,ACTB  MDGA1  HLA-A  EFNB3  ATP5F1B  PREX1  BTN2A2  RPS3  ACTG1,3
0.139848544151317\,11\,769\,1.94109747909418\,GO:0030036 actin cytoskeleton organization\,http://amigo.geneontology.org/amigo/term/GO:0030036\,DPYSL3  CALD1  IQSEC1  CDC42EP3  BAIAP2  PDLIM7  TMSB4X  ACTB  EZR  ACTG1  PREX1,3
0.140197343557024\,6\,428\,2.63657090743274\,GO:0048880 sensory system development\,http://amigo.geneontology.org/amigo/term/GO:0048880\,PBX1  CELF4  SERPINF1  NEUROD1  MAB21L1  MAB21L2,3
0.141513098757169\,4\,339\,3.51542787657699\,GO:0001818 negative regulation of cytokine production\,http://amigo.geneontology.org/amigo/term/GO:0001818\,GSTP1  TMSB4X  BTN2A2  EZR,3
0.141513098757169\,4\,150\,3.51542787657699\,GO:0010634 positive regulation of epithelial cell migration\,http://amigo.geneontology.org/amigo/term/GO:0010634\,AGT  TMSB4X  ATP5F1B  IQSEC1,3
0.141513098757169\,4\,230\,3.51542787657699\,GO:0019722 calcium-mediated signaling\,http://amigo.geneontology.org/amigo/term/GO:0019722\,CALM2  CALM3  CALM1  ATP1B1,3
0.141513098757169\,4\,285\,3.51542787657699\,GO:0031348 negative regulation of defense response\,http://amigo.geneontology.org/amigo/term/GO:0031348\,HLA-A  SERPINF1  GPX1  GSTP1,3
0.141513098757169\,4\,149\,3.51542787657699\,GO:2000377 regulation of reactive oxygen species metabolic process\,http://amigo.geneontology.org/amigo/term/GO:2000377\,SNCA  AGT  GADD45A  GSTP1,3
0.143404101748903\,8\,481\,2.22716548702393\,GO:0007015 actin filament organization\,http://amigo.geneontology.org/amigo/term/GO:0007015\,DPYSL3  CALD1  CDC42EP3  BAIAP2  TMSB4X  EZR  ACTG1  PREX1,3
0.143404101748903\,6\,316\,2.61097313163242\,GO:0010720 positive regulation of cell development\,http://amigo.geneontology.org/amigo/term/GO:0010720\,SERPINF1  PREX1  CRABP2  BAIAP2  NEFL  CAMK2B,3
0.143404101748903\,6\,616\,2.61097313163242\,GO:0022407 regulation of cell-cell adhesion\,http://amigo.geneontology.org/amigo/term/GO:0022407\,ACTB  MDGA1  HLA-A  EFNB3  BTN2A2  RPS3,3
0.143404101748903\,6\,368\,2.61097313163242\,GO:0048545 response to steroid hormone\,http://amigo.geneontology.org/amigo/term/GO:0048545\,NR3C1  SSTR2  PTGDS  SERPINF1  CALM3  NEFL,3
0.143404101748903\,6\,334\,2.61097313163242\,GO:0051271 negative regulation of cellular component movement\,http://amigo.geneontology.org/amigo/term/GO:0051271\,ARID4A  IGFBP5  DPYSL3  GADD45A  SERPINF1  NGFR,3
0.143404101748903\,5\,415\,2.94879640962872\,GO:0070661 leukocyte proliferation\,http://amigo.geneontology.org/amigo/term/GO:0070661\,HLA-A  GAL  BTN2A2  RPS3  GSTP1,3
0.145285970907402\,10\,773\,2.00096899224806\,GO:0099537 trans-synaptic signaling\,http://amigo.geneontology.org/amigo/term/GO:0099537\,JPH4  GRM4  SNCA  CELF4  EFNB3  AGT  CALM3  ELAVL4  BAIAP2  CAMK2B,3
0.145950070244649\,7\,625\,2.37690862109467\,GO:0006875 cellular metal ion homeostasis\,http://amigo.geneontology.org/amigo/term/GO:0006875\,ATP1B1  CALM2  CALM3  CALM1  SNCA  AGT  JPH4,3
0.14805724444628\,20\,2143\,1.56445743198452\,GO:0008283 cell population proliferation\,http://amigo.geneontology.org/amigo/term/GO:0008283\,ACTB  BCL7A  IGFBP5  ATP5IF1  HLA-A  NGFR  GAL  PTGDS  BTN2A2  SERPINF1  AGT  GNG5  SSTR2  MAB21L1  MAB21L2  PBX1  GPX1  HMGA1  RPS3  GSTP1,3
0.148077964512325\,6\,163\,2.58586762075134\,GO:0006119 oxidative phosphorylation\,http://amigo.geneontology.org/amigo/term/GO:0006119\,ATP5F1B  COX7C  NDUFB10  NDUFB1  ATP5MG  SNCA,3
0.148077964512325\,2\,57\,7.4702842377261\,GO:0050798 activated T cell proliferation\,http://amigo.geneontology.org/amigo/term/GO:0050798\,BTN2A2  RPS3,3
0.148077964512325\,2\,26\,7.4702842377261\,GO:1904738 vascular associated smooth muscle cell migration\,http://amigo.geneontology.org/amigo/term/GO:1904738\,AGT  IGFBP5,3
0.148557122121297\,3\,102\,4.48217054263566\,GO:0043535 regulation of blood vessel endothelial cell migration\,http://amigo.geneontology.org/amigo/term/GO:0043535\,TMSB4X  GADD45A  ATP5F1B,3
0.148557122121297\,3\,91\,4.48217054263566\,GO:1901379 regulation of potassium ion transmembrane transport\,http://amigo.geneontology.org/amigo/term/GO:1901379\,GAL  CD63  ATP1B1,3
0.148557122121297\,3\,93\,4.48217054263566\,GO:1904063 negative regulation of cation transmembrane transport\,http://amigo.geneontology.org/amigo/term/GO:1904063\,CALM2  CALM1  CALM3,3
0.149786977901286\,8\,600\,2.19983830313407\,GO:0051272 positive regulation of cellular component movement\,http://amigo.geneontology.org/amigo/term/GO:0051272\,AGT  TMSB4X  FEZ1  ATP5F1B  IGFBP5  ACTG1  MAP2  IQSEC1,3
0.152792416868659\,6\,400\,2.56124031007752\,GO:0051346 negative regulation of hydrolase activity\,http://amigo.geneontology.org/amigo/term/GO:0051346\,SERPINF1  AGT  ATP5IF1  PCSK1N  SNCA  GPX1,3
0.154391564804729\,10\,726\,1.97452446812144\,GO:0070848 response to growth factor\,http://amigo.geneontology.org/amigo/term/GO:0070848\,SMAD9  CD63  ARID4A  NR3C1  AGT  PEG10  NGFR  FEZ1  ELAVL4  BAIAP2,3
0.155067430206642\,4\,172\,3.3827702208571\,GO:0007519 skeletal muscle tissue development\,http://amigo.geneontology.org/amigo/term/GO:0007519\,DNER  GPX1  ZBTB18  MYL6,3
0.158211267631328\,7\,446\,2.32408842951479\,GO:0001667 ameboidal-type cell migration\,http://amigo.geneontology.org/amigo/term/GO:0001667\,AGT  TMSB4X  GADD45A  SERPINF1  GPX1  ATP5F1B  IQSEC1,3
0.158211267631328\,22\,3073\,1.51007277087266\,GO:0009605 response to external stimulus\,http://amigo.geneontology.org/amigo/term/GO:0009605\,EFNB3  SNCA  PPIB  TMSB4X  HLA-A  MYCBP2  NGFR  PCSK1N  PREX1  SERPINF1  AGT  CMTM7  SPON2  ALCAM  SSTR2  ACTG1  GPX1  GADD45A  CD63  BAIAP2  GSTP1  FEZ1,3
0.158211267631328\,8\,663\,2.17317359642941\,GO:0048729 tissue morphogenesis\,http://amigo.geneontology.org/amigo/term/GO:0048729\,AGT  NGFR  NR3C1  IGFBP5  WLS  PBX1  ACTB  ACTG1,3
0.158211267631328\,11\,1002\,1.88903739344798\,GO:0051093 negative regulation of developmental process\,http://amigo.geneontology.org/amigo/term/GO:0051093\,SERPINF1  ARID4A  ACTB  BCL7A  NGFR  EFNB3  IGFBP5  GADD45A  AGT  PBX1  MAP2,3
0.159102063380829\,3\,79\,4.33758439609903\,GO:0043666 regulation of phosphoprotein phosphatase activity\,http://amigo.geneontology.org/amigo/term/GO:0043666\,CALM2  CALM3  CALM1,3
0.159102063380829\,3\,102\,4.33758439609903\,GO:0060079 excitatory postsynaptic potential\,http://amigo.geneontology.org/amigo/term/GO:0060079\,CELF4  SNCA  BAIAP2,3
0.160194307541758\,10\,1032\,1.95727971294134\,GO:0034097 response to cytokine\,http://amigo.geneontology.org/amigo/term/GO:0034097\,GSTP1  AGPAT2  SNCA  TLE4  ATP5F1B  TNFRSF19  ACTG1  RPS3  TMSB4X  DPYSL3,3
0.160194307541758\,10\,574\,1.95727971294134\,GO:0051493 regulation of cytoskeleton organization\,http://amigo.geneontology.org/amigo/term/GO:0051493\,CDC42EP3  BAIAP2  TMSB4X  SNCA  MYCBP2  MID1  AFAP1  RPS3  ACTG1  MAP2,3
0.161229720614358\,8\,386\,2.160082189222\,GO:0051098 regulation of binding\,http://amigo.geneontology.org/amigo/term/GO:0051098\,NEUROD1  TMSB4X  ACTB  MFNG  CALM2  CALM3  CALM1  MAP2,3
0.161610051750231\,4\,176\,3.32012632787827\,GO:0043409 negative regulation of MAPK cascade\,http://amigo.geneontology.org/amigo/term/GO:0043409\,GSTP1  BTN2A2  EZR  AGT,3
0.161610051750231\,4\,255\,3.32012632787827\,GO:0098657 import into cell\,http://amigo.geneontology.org/amigo/term/GO:0098657\,ATP1B1  SNCA  AGT  ACTB,3
0.164187660232002\,5\,131\,2.80135658914729\,GO:0009206 purine ribonucleoside triphosphate biosynthetic process\,http://amigo.geneontology.org/amigo/term/GO:0009206\,ATP5F1B  ATP5MG  NDUFB10  NDUFB1  TMSB4X,3
0.164187660232002\,2\,20\,6.89564698867024\,GO:0019896 axonal transport of mitochondrion\,http://amigo.geneontology.org/amigo/term/GO:0019896\,FEZ1  NEFL,3
0.164187660232002\,2\,42\,6.89564698867024\,GO:0030808 regulation of nucleotide biosynthetic process\,http://amigo.geneontology.org/amigo/term/GO:0030808\,TMSB4X  SNCA,3
0.164187660232002\,2\,61\,6.89564698867024\,GO:0046456 icosanoid biosynthetic process\,http://amigo.geneontology.org/amigo/term/GO:0046456\, PTGDS  ,3
0.164187660232002\,2\,79\,6.89564698867024\,GO:0070527 platelet aggregation\,http://amigo.geneontology.org/amigo/term/GO:0070527\,ACTB  ACTG1,3
0.164187660232002\,2\,35\,6.89564698867024\,GO:0099174 regulation of presynapse organization\,http://amigo.geneontology.org/amigo/term/GO:0099174\,MDGA1  SNCA,3
0.164187660232002\,2\,41\,6.89564698867024\,GO:1900371 regulation of purine nucleotide biosynthetic process\,http://amigo.geneontology.org/amigo/term/GO:1900371\,TMSB4X  SNCA,3
0.164187660232002\,2\,44\,6.89564698867024\,GO:1901381 positive regulation of potassium ion transmembrane transport\,http://amigo.geneontology.org/amigo/term/GO:1901381\,GAL  ATP1B1,3
0.164187660232002\,2\,42\,6.89564698867024\,GO:1901385 regulation of voltage-gated calcium channel activity\,http://amigo.geneontology.org/amigo/term/GO:1901385\,CALM3  CALM1,3
0.164187660232002\,2\,74\,6.89564698867024\,GO:1902893 regulation of miRNA transcription\,http://amigo.geneontology.org/amigo/term/GO:1902893\,NGFR  NR3C1,3
0.164187660232002\,2\,35\,6.89564698867024\,GO:1905606 regulation of presynapse assembly\,http://amigo.geneontology.org/amigo/term/GO:1905606\,MDGA1  SNCA,3
0.164946801779583\,9\,827\,1.97742818057456\,GO:0000165 MAPK cascade\,http://amigo.geneontology.org/amigo/term/GO:0000165\,TNFRSF19  GSTP1  GADD45A  GRM4  BTN2A2  AGT  EZR  MID1  RPS3,3
0.164946801779583\,2\,82\,6.4031007751938\,GO:0001895 retina homeostasis\,http://amigo.geneontology.org/amigo/term/GO:0001895\,ACTB  ACTG1,3
0.164946801779583\,1\,5\,22.4108527131783\,GO:0001923 B-1 B cell differentiation\,http://amigo.geneontology.org/amigo/term/GO:0001923\,CMTM7,3
0.164946801779583\,2\,45\,6.4031007751938\,GO:0001937 negative regulation of endothelial cell proliferation\,http://amigo.geneontology.org/amigo/term/GO:0001937\,ATP5IF1  NGFR,3
0.164946801779583\,7\,550\,2.24108527131783\,GO:0002009 morphogenesis of an epithelium\,http://amigo.geneontology.org/amigo/term/GO:0002009\,AGT  NGFR  NR3C1  IGFBP5  PBX1  ACTB  ACTG1,3
0.164946801779583\,1\,9\,22.4108527131783\,GO:0002016 regulation of blood volume by renin-angiotensin\,http://amigo.geneontology.org/amigo/term/GO:0002016\, AGT,3
0.164946801779583\,1\,6\,22.4108527131783\,GO:0002034 maintenance of blood vessel diameter homeostasis by renin-angiotensin\,http://amigo.geneontology.org/amigo/term/GO:0002034\, AGT,3
0.164946801779583\,1\,5\,22.4108527131783\,GO:0002035 brain renin-angiotensin system\,http://amigo.geneontology.org/amigo/term/GO:0002035\, AGT,3
0.164946801779583\,1\,10\,22.4108527131783\,GO:0002138 retinoic acid biosynthetic process\,http://amigo.geneontology.org/amigo/term/GO:0002138\,CRABP2,3
0.164946801779583\,2\,104\,6.4031007751938\,GO:0002275 myeloid cell activation involved in immune response\,http://amigo.geneontology.org/amigo/term/GO:0002275\, PTGDS  ,3
0.164946801779583\,4\,299\,3.2015503875969\,GO:0002429 immune response-activating cell surface receptor signaling pathway\,http://amigo.geneontology.org/amigo/term/GO:0002429\,BTN2A2  HLA-A  EZR  RPS3,3
0.164946801779583\,1\,62\,22.4108527131783\,GO:0002483 antigen processing and presentation of endogenous peptide antigen\,http://amigo.geneontology.org/amigo/term/GO:0002483\, HLA-A,3
0.164946801779583\,5\,533\,2.73303081868028\,GO:0002683 negative regulation of immune system process\,http://amigo.geneontology.org/amigo/term/GO:0002683\,HLA-A  GAL  BTN2A2  GPX1  EZR,3
0.164946801779583\,7\,724\,2.24108527131783\,GO:0002694 regulation of leukocyte activation\,http://amigo.geneontology.org/amigo/term/GO:0002694\,ACTB  HLA-A  GAL  EFNB3  BTN2A2  SNCA  RPS3,3
0.164946801779583\,2\,123\,5.97622739018088\,GO:0002720 positive regulation of cytokine production involved in immune response\,http://amigo.geneontology.org/amigo/term/GO:0002720\,HLA-A  SPON2,3
0.164946801779583\,4\,299\,3.2015503875969\,GO:0002757 immune response-activating signal transduction\,http://amigo.geneontology.org/amigo/term/GO:0002757\,BTN2A2  HLA-A  EZR  RPS3,3
0.164946801779583\,6\,615\,2.35903712770298\,GO:0003013 circulatory system process\,http://amigo.geneontology.org/amigo/term/GO:0003013\,CALM2  CALM3  CALM1  AGT  ATP1B1  GPX1,3
0.164946801779583\,1\,6\,22.4108527131783\,GO:0003072 renal control of peripheral vascular resistance involved in regulation of systemic arterial blood pressure\,http://amigo.geneontology.org/amigo/term/GO:0003072\, AGT,3
0.164946801779583\,1\,10\,22.4108527131783\,GO:0003310 pancreatic A cell differentiation\,http://amigo.geneontology.org/amigo/term/GO:0003310\,NEUROD1,3
0.164946801779583\,1\,10\,22.4108527131783\,GO:0003330 regulation of extracellular matrix constituent secretion\,http://amigo.geneontology.org/amigo/term/GO:0003330\, AGT,3
0.164946801779583\,1\,5\,22.4108527131783\,GO:0003331 positive regulation of extracellular matrix constituent secretion\,http://amigo.geneontology.org/amigo/term/GO:0003331\, AGT,3
0.164946801779583\,1\,3\,22.4108527131783\,GO:0006452 translational frameshifting\,http://amigo.geneontology.org/amigo/term/GO:0006452\,OAZ1,3
0.164946801779583\,1\,5\,22.4108527131783\,GO:0006566 threonine metabolic process\,http://amigo.geneontology.org/amigo/term/GO:0006566\, PHGDH,3
0.164946801779583\,1\,4\,22.4108527131783\,GO:0006598 polyamine catabolic process\,http://amigo.geneontology.org/amigo/term/GO:0006598\,SAT1,3
0.164946801779583\,1\,20\,22.4108527131783\,GO:0006837 serotonin transport\,http://amigo.geneontology.org/amigo/term/GO:0006837\, SNCA,3
0.164946801779583\,1\,38\,22.4108527131783\,GO:0006910 phagocytosis recognition\,http://amigo.geneontology.org/amigo/term/GO:0006910\,SPON2,3
0.164946801779583\,1\,5\,22.4108527131783\,GO:0006933 negative regulation of cell adhesion involved in substrate-bound cell migration\,http://amigo.geneontology.org/amigo/term/GO:0006933\,ATP5F1B,3
0.164946801779583\,3\,257\,3.95485636114911\,GO:0007188 adenylate cyclase-modulating G protein-coupled receptor signaling pathway\,http://amigo.geneontology.org/amigo/term/GO:0007188\,APLP1  SSTR2  GRM4,3
0.164946801779583\,2\,85\,5.97622739018088\,GO:0007193 adenylate cyclase-inhibiting G protein-coupled receptor signaling pathway\,http://amigo.geneontology.org/amigo/term/GO:0007193\,SSTR2  GRM4,3
0.164946801779583\,1\,9\,22.4108527131783\,GO:0007196 adenylate cyclase-inhibiting G protein-coupled glutamate receptor signaling pathway\,http://amigo.geneontology.org/amigo/term/GO:0007196\,GRM4,3
0.164946801779583\,3\,175\,3.84186046511628\,GO:0007259 receptor signaling pathway via JAK-STAT\,http://amigo.geneontology.org/amigo/term/GO:0007259\,GADD45A  NEUROD1  AGT,3
0.164946801779583\,7\,614\,2.22519104953543\,GO:0007423 sensory organ development\,http://amigo.geneontology.org/amigo/term/GO:0007423\,SOBP  PBX1  CELF4  SERPINF1  NEUROD1  MAB21L1  MAB21L2,3
0.164946801779583\,1\,19\,22.4108527131783\,GO:0007635 chemosensory behavior\,http://amigo.geneontology.org/amigo/term/GO:0007635\,SCN9A,3
0.164946801779583\,3\,50\,4.20203488372093\,GO:0008089 anterograde axonal transport\,http://amigo.geneontology.org/amigo/term/GO:0008089\,FEZ1  NEFL  MAP2,3
0.164946801779583\,9\,776\,1.98716920609463\,GO:0008610 lipid biosynthetic process\,http://amigo.geneontology.org/amigo/term/GO:0008610\,SCD5  AGPAT2  GSTP1  EFR3B  PTGDS  NR3C1  CRABP2  PBX1,3
0.164946801779583\,1\,5\,22.4108527131783\,GO:0009082 branched-chain amino acid biosynthetic process\,http://amigo.geneontology.org/amigo/term/GO:0009082\,BCAT1,3
0.164946801779583\,1\,3\,22.4108527131783\,GO:0009099 valine biosynthetic process\,http://amigo.geneontology.org/amigo/term/GO:0009099\,BCAT1,3
0.164946801779583\,5\,132\,2.76677193989855\,GO:0009145 purine nucleoside triphosphate biosynthetic process\,http://amigo.geneontology.org/amigo/term/GO:0009145\,ATP5F1B  ATP5MG  NDUFB10  NDUFB1  TMSB4X,3
0.164946801779583\,5\,137\,2.73303081868028\,GO:0009201 ribonucleoside triphosphate biosynthetic process\,http://amigo.geneontology.org/amigo/term/GO:0009201\,ATP5F1B  ATP5MG  NDUFB10  NDUFB1  TMSB4X,3
0.164946801779583\,2\,54\,5.97622739018088\,GO:0009409 response to cold\,http://amigo.geneontology.org/amigo/term/GO:0009409\,PCSK1N  SCN9A,3
0.164946801779583\,6\,772\,2.46724983998293\,GO:0009617 response to bacterium\,http://amigo.geneontology.org/amigo/term/GO:0009617\,SNCA  HLA-A  SPON2  GPX1  BAIAP2  GSTP1,3
0.164946801779583\,11\,898\,1.80600278274697\,GO:0009725 response to hormone\,http://amigo.geneontology.org/amigo/term/GO:0009725\,NR3C1  SSTR2  GAL  PTGDS  SERPINF1  AGT  CALM3  GPX1  NEFL  IGFBP5  BAIAP2,3
0.164946801779583\,15\,1354\,1.61229156209916\,GO:0009968 negative regulation of signal transduction\,http://amigo.geneontology.org/amigo/term/GO:0009968\,TLE4  ARID4A  GSTP1  APLP1  IGFBP5  AGT  SNCA  PEG10  NGFR  CELF4  BTN2A2  NEUROD1  GPX1  EZR  TMSB4X,3
0.164946801779583\,6\,374\,2.44482029598309\,GO:0010038 response to metal ion\,http://amigo.geneontology.org/amigo/term/GO:0010038\,CALM2  SNCA  CALM3  CALM1  SERPINF1  ACTG1,3
0.164946801779583\,1\,10\,22.4108527131783\,GO:0010496 intercellular transport\,http://amigo.geneontology.org/amigo/term/GO:0010496\,PEG10,3
0.164946801779583\,2\,68\,5.97622739018088\,GO:0010517 regulation of phospholipase activity\,http://amigo.geneontology.org/amigo/term/GO:0010517\, SNCA  AGT,3
0.164946801779583\,1\,6\,22.4108527131783\,GO:0010726 positive regulation of hydrogen peroxide metabolic process\,http://amigo.geneontology.org/amigo/term/GO:0010726\, SNCA,3
0.164946801779583\,2\,39\,6.4031007751938\,GO:0010737 protein kinase A signaling\,http://amigo.geneontology.org/amigo/term/GO:0010737\, GAL  EZR,3
0.164946801779583\,1\,32\,22.4108527131783\,GO:0010743 regulation of macrophage derived foam cell differentiation\,http://amigo.geneontology.org/amigo/term/GO:0010743\, AGT,3
0.164946801779583\,9\,650\,1.94876980114594\,GO:0010942 positive regulation of cell death\,http://amigo.geneontology.org/amigo/term/GO:0010942\,RPS3  GADD45A  AGT  SNCA  NGFR  GAL  NR3C1  ITM2C  NEUROD1,3
0.164946801779583\,1\,14\,22.4108527131783\,GO:0014061 regulation of norepinephrine secretion\,http://amigo.geneontology.org/amigo/term/GO:0014061\, AGT,3
0.164946801779583\,1\,11\,22.4108527131783\,GO:0014820 tonic smooth muscle contraction\,http://amigo.geneontology.org/amigo/term/GO:0014820\, AGT,3
0.164946801779583\,1\,10\,22.4108527131783\,GO:0014824 artery smooth muscle contraction\,http://amigo.geneontology.org/amigo/term/GO:0014824\, AGT,3
0.164946801779583\,1\,4\,22.4108527131783\,GO:0014873 response to muscle activity involved in regulation of muscle adaptation\,http://amigo.geneontology.org/amigo/term/GO:0014873\, AGT,3
0.164946801779583\,2\,46\,5.97622739018088\,GO:0014904 myotube cell development\,http://amigo.geneontology.org/amigo/term/GO:0014904\,DNER  GPX1,3
0.164946801779583\,1\,11\,22.4108527131783\,GO:0016102 diterpenoid biosynthetic process\,http://amigo.geneontology.org/amigo/term/GO:0016102\,CRABP2,3
0.164946801779583\,2\,77\,5.97622739018088\,GO:0019226 transmission of nerve impulse\,http://amigo.geneontology.org/amigo/term/GO:0019226\,SCN9A  AGT,3
0.164946801779583\,1\,12\,22.4108527131783\,GO:0019372 lipoxygenase pathway\,http://amigo.geneontology.org/amigo/term/GO:0019372\,GPX1,3
0.164946801779583\,1\,31\,22.4108527131783\,GO:0019885 antigen processing and presentation of endogenous peptide antigen via MHC class I\,http://amigo.geneontology.org/amigo/term/GO:0019885\, HLA-A,3
0.164946801779583\,3\,102\,4.20203488372093\,GO:0021510 spinal cord development\,http://amigo.geneontology.org/amigo/term/GO:0021510\,PHGDH  NEFL  MDGA1,3
0.164946801779583\,1\,13\,22.4108527131783\,GO:0021527 spinal cord association neuron differentiation\,http://amigo.geneontology.org/amigo/term/GO:0021527\,MDGA1,3
0.164946801779583\,3\,85\,4.07470049330514\,GO:0021766 hippocampus development\,http://amigo.geneontology.org/amigo/term/GO:0021766\,FEZ1  NEUROD1  NEFL,3
0.164946801779583\,1\,5\,22.4108527131783\,GO:0021785 branchiomotor neuron axon guidance\,http://amigo.geneontology.org/amigo/term/GO:0021785\,MYCBP2,3
0.164946801779583\,4\,180\,3.03875968992248\,GO:0021953 central nervous system neuron differentiation\,http://amigo.geneontology.org/amigo/term/GO:0021953\,MYCBP2  MAP2  ELAVL4  MDGA1,3
0.164946801779583\,2\,107\,5.97622739018088\,GO:0022600 digestive system process\,http://amigo.geneontology.org/amigo/term/GO:0022600\,EZR  NEUROD1,3
0.164946801779583\,6\,445\,2.44482029598309\,GO:0030098 lymphocyte differentiation\,http://amigo.geneontology.org/amigo/term/GO:0030098\,ACTB  MFNG  PREX1  BTN2A2  CMTM7  PBX1,3
0.164946801779583\,2\,123\,5.97622739018088\,GO:0030593 neutrophil chemotaxis\,http://amigo.geneontology.org/amigo/term/GO:0030593\,PPIB  PREX1,3
0.164946801779583\,7\,409\,2.19406949639508\,GO:0030900 forebrain development\,http://amigo.geneontology.org/amigo/term/GO:0030900\,APLP1  MDGA1  FEZ1  ELAVL4  NEUROD1  SSTR2  NEFL,3
0.164946801779583\,4\,100\,3.2015503875969\,GO:0031110 regulation of microtubule polymerization or depolymerization\,http://amigo.geneontology.org/amigo/term/GO:0031110\,SNCA  MID1  RPS3  MAP2,3
0.164946801779583\,1\,5\,22.4108527131783\,GO:0031133 regulation of axon diameter\,http://amigo.geneontology.org/amigo/term/GO:0031133\, NEFL,3
0.164946801779583\,7\,731\,2.25720818693882\,GO:0031347 regulation of defense response\,http://amigo.geneontology.org/amigo/term/GO:0031347\,SNCA  HLA-A  SERPINF1  GPX1  TMSB4X  GSTP1  AGT,3
0.164946801779583\,3\,149\,4.20203488372093\,GO:0031644 regulation of nervous system process\,http://amigo.geneontology.org/amigo/term/GO:0031644\,CELF4  AGT  BAIAP2,3
0.164946801779583\,1\,9\,22.4108527131783\,GO:0031946 regulation of glucocorticoid biosynthetic process\,http://amigo.geneontology.org/amigo/term/GO:0031946\,NR3C1,3
0.164946801779583\,1\,4\,22.4108527131783\,GO:0032079 positive regulation of endodeoxyribonuclease activity\,http://amigo.geneontology.org/amigo/term/GO:0032079\,RPS3,3
0.164946801779583\,1\,7\,22.4108527131783\,GO:0032532 regulation of microvillus length\,http://amigo.geneontology.org/amigo/term/GO:0032532\, EZR,3
0.164946801779583\,3\,137\,3.84186046511628\,GO:0032874 positive regulation of stress-activated MAPK cascade\,http://amigo.geneontology.org/amigo/term/GO:0032874\,TNFRSF19  GADD45A  MID1,3
0.164946801779583\,2\,114\,5.97622739018088\,GO:0032945 negative regulation of mononuclear cell proliferation\,http://amigo.geneontology.org/amigo/term/GO:0032945\,GAL  BTN2A2,3
0.164946801779583\,1\,3\,22.4108527131783\,GO:0033484 nitric oxide homeostasis\,http://amigo.geneontology.org/amigo/term/GO:0033484\,GSTP1,3
0.164946801779583\,10\,739\,1.86757105943152\,GO:0034330 cell junction organization\,http://amigo.geneontology.org/amigo/term/GO:0034330\,SNCA  ACTB  MDGA1  BAIAP2  ACTG1  NEFL  AGT  CAMK2B  IQSEC1  DNER,3
0.164946801779583\,1\,39\,22.4108527131783\,GO:0034367 protein-containing complex remodeling\,http://amigo.geneontology.org/amigo/term/GO:0034367\, AGT,3
0.164946801779583\,1\,37\,22.4108527131783\,GO:0034368 protein-lipid complex remodeling\,http://amigo.geneontology.org/amigo/term/GO:0034368\, AGT,3
0.164946801779583\,1\,37\,22.4108527131783\,GO:0034369 plasma lipoprotein particle remodeling\,http://amigo.geneontology.org/amigo/term/GO:0034369\, AGT,3
0.164946801779583\,4\,298\,3.25976039464412\,GO:0034612 response to tumor necrosis factor\,http://amigo.geneontology.org/amigo/term/GO:0034612\,GSTP1  TNFRSF19  RPS3  TMSB4X,3
0.164946801779583\,3\,100\,4.20203488372093\,GO:0034766 negative regulation of ion transmembrane transport\,http://amigo.geneontology.org/amigo/term/GO:0034766\,CALM2  CALM1  CALM3,3
0.164946801779583\,1\,4\,22.4108527131783\,GO:0035709 memory T cell activation\,http://amigo.geneontology.org/amigo/term/GO:0035709\, HLA-A,3
0.164946801779583\,1\,14\,22.4108527131783\,GO:0035740 CD8-positive alpha-beta T cell proliferation\,http://amigo.geneontology.org/amigo/term/GO:0035740\, HLA-A,3
0.164946801779583\,1\,10\,22.4108527131783\,GO:0035907 dorsal aorta development\,http://amigo.geneontology.org/amigo/term/GO:0035907\, NGFR,3
0.164946801779583\,1\,6\,22.4108527131783\,GO:0035934 corticosterone secretion\,http://amigo.geneontology.org/amigo/term/GO:0035934\, SELENOM,3
0.164946801779583\,6\,369\,2.46724983998293\,GO:0040013 negative regulation of locomotion\,http://amigo.geneontology.org/amigo/term/GO:0040013\,ARID4A  IGFBP5  DPYSL3  GADD45A  SERPINF1  NGFR,3
0.164946801779583\,1\,18\,22.4108527131783\,GO:0040037 negative regulation of fibroblast growth factor receptor signaling pathway\,http://amigo.geneontology.org/amigo/term/GO:0040037\, NGFR,3
0.164946801779583\,3\,240\,4.07470049330514\,GO:0042129 regulation of T cell proliferation\,http://amigo.geneontology.org/amigo/term/GO:0042129\,HLA-A  BTN2A2  RPS3,3
0.164946801779583\,7\,387\,2.19406949639508\,GO:0042326 negative regulation of phosphorylation\,http://amigo.geneontology.org/amigo/term/GO:0042326\,GSTP1  GADD45A  AGT  CALM2  SNCA  CALM3  CALM1,3
0.164946801779583\,1\,34\,22.4108527131783\,GO:0042573 retinoic acid metabolic process\,http://amigo.geneontology.org/amigo/term/GO:0042573\,CRABP2,3
0.164946801779583\,1\,13\,22.4108527131783\,GO:0042711 maternal behavior\,http://amigo.geneontology.org/amigo/term/GO:0042711\,NR3C1,3
0.164946801779583\,1\,19\,22.4108527131783\,GO:0042749 regulation of circadian sleep/wake cycle\,http://amigo.geneontology.org/amigo/term/GO:0042749\, PTGDS,3
0.164946801779583\,4\,82\,3.2015503875969\,GO:0042776 proton motive force-driven mitochondrial ATP synthesis\,http://amigo.geneontology.org/amigo/term/GO:0042776\,ATP5F1B  NDUFB10  NDUFB1  ATP5MG,3
0.164946801779583\,1\,16\,22.4108527131783\,GO:0042976 activation of Janus kinase activity\,http://amigo.geneontology.org/amigo/term/GO:0042976\, AGT,3
0.164946801779583\,5\,357\,2.60591310618352\,GO:0043010 camera-type eye development\,http://amigo.geneontology.org/amigo/term/GO:0043010\,CELF4  SERPINF1  NEUROD1  MAB21L1  MAB21L2,3
0.164946801779583\,3\,106\,3.95485636114911\,GO:0043266 regulation of potassium ion transport\,http://amigo.geneontology.org/amigo/term/GO:0043266\,GAL  CD63  ATP1B1,3
0.164946801779583\,2\,89\,6.4031007751938\,GO:0043299 leukocyte degranulation\,http://amigo.geneontology.org/amigo/term/GO:0043299\, PTGDS  ,3
0.164946801779583\,1\,5\,22.4108527131783\,GO:0043400 cortisol secretion\,http://amigo.geneontology.org/amigo/term/GO:0043400\, GAL,3
0.164946801779583\,3\,107\,3.84186046511628\,GO:0043500 muscle adaptation\,http://amigo.geneontology.org/amigo/term/GO:0043500\,IGFBP5  AGT  CAMK2B,3
0.164946801779583\,3\,80\,4.07470049330514\,GO:0043502 regulation of muscle adaptation\,http://amigo.geneontology.org/amigo/term/GO:0043502\,IGFBP5  AGT  CAMK2B,3
0.164946801779583\,1\,13\,22.4108527131783\,GO:0043568 positive regulation of insulin-like growth factor receptor signaling pathway\,http://amigo.geneontology.org/amigo/term/GO:0043568\,IGFBP5,3
0.164946801779583\,4\,313\,3.25976039464412\,GO:0043588 skin development\,http://amigo.geneontology.org/amigo/term/GO:0043588\,GAL  NGFR  IGFBP5  TNFRSF19,3
0.164946801779583\,1\,9\,22.4108527131783\,GO:0044848 biological phase\,http://amigo.geneontology.org/amigo/term/GO:0044848\, GAL,3
0.164946801779583\,1\,9\,22.4108527131783\,GO:0044851 hair cycle phase\,http://amigo.geneontology.org/amigo/term/GO:0044851\, GAL,3
0.164946801779583\,1\,3\,22.4108527131783\,GO:0045105 intermediate filament polymerization or depolymerization\,http://amigo.geneontology.org/amigo/term/GO:0045105\, NEFL,3
0.164946801779583\,1\,15\,22.4108527131783\,GO:0045187 regulation of circadian sleep/wake cycle sleep\,http://amigo.geneontology.org/amigo/term/GO:0045187\, PTGDS,3
0.164946801779583\,6\,600\,2.35903712770298\,GO:0045785 positive regulation of cell adhesion\,http://amigo.geneontology.org/amigo/term/GO:0045785\,ACTB  HLA-A  EFNB3  PREX1  BTN2A2  RPS3,3
0.164946801779583\,1\,31\,22.4108527131783\,GO:0046641 positive regulation of alpha-beta T cell proliferation\,http://amigo.geneontology.org/amigo/term/GO:0046641\, HLA-A,3
0.164946801779583\,3\,187\,3.84186046511628\,GO:0048015 phosphatidylinositol-mediated signaling\,http://amigo.geneontology.org/amigo/term/GO:0048015\,EZR  AGT  BTN2A2,3
0.164946801779583\,3\,191\,3.84186046511628\,GO:0048017 inositol lipid-mediated signaling\,http://amigo.geneontology.org/amigo/term/GO:0048017\,EZR  AGT  BTN2A2,3
0.164946801779583\,1\,14\,22.4108527131783\,GO:0048243 norepinephrine secretion\,http://amigo.geneontology.org/amigo/term/GO:0048243\, AGT,3
0.164946801779583\,2\,41\,6.4031007751938\,GO:0048741 skeletal muscle fiber development\,http://amigo.geneontology.org/amigo/term/GO:0048741\,DNER  GPX1,3
0.164946801779583\,1\,9\,22.4108527131783\,GO:0048819 regulation of hair follicle maturation\,http://amigo.geneontology.org/amigo/term/GO:0048819\, GAL,3
0.164946801779583\,2\,60\,5.97622739018088\,GO:0050432 catecholamine secretion\,http://amigo.geneontology.org/amigo/term/GO:0050432\, AGT  SNCA,3
0.164946801779583\,2\,59\,6.4031007751938\,GO:0050433 regulation of catecholamine secretion\,http://amigo.geneontology.org/amigo/term/GO:0050433\, AGT  SNCA,3
0.164946801779583\,2\,113\,5.97622739018088\,GO:0050672 negative regulation of lymphocyte proliferation\,http://amigo.geneontology.org/amigo/term/GO:0050672\,GAL  BTN2A2,3
0.164946801779583\,5\,239\,2.76677193989855\,GO:0050769 positive regulation of neurogenesis\,http://amigo.geneontology.org/amigo/term/GO:0050769\,SERPINF1  CRABP2  BAIAP2  NEFL  CAMK2B,3
0.164946801779583\,25\,2582\,1.42020612884527\,GO:0050790 regulation of catalytic activity\,http://amigo.geneontology.org/amigo/term/GO:0050790\,PPP1R17  SERPINF1  AGT  GSTP1  ATP5IF1  CALM2  SNCA  RPS3  CALM3  CALM1  TMSB4X  MYCBP2  PCSK1N  OAZ1  GADD45A  PREX1  RPLP1  IQSEC1  PPP1R1C  PPP1R14A  GPRC5C  PPP1R27  NGFR  GPX1  ACTB,3
0.164946801779583\,1\,5\,22.4108527131783\,GO:0050812 regulation of acyl-CoA biosynthetic process\,http://amigo.geneontology.org/amigo/term/GO:0050812\, SNCA,3
0.164946801779583\,7\,788\,2.19406949639508\,GO:0050865 regulation of cell activation\,http://amigo.geneontology.org/amigo/term/GO:0050865\,ACTB  HLA-A  GAL  EFNB3  BTN2A2  SNCA  RPS3,3
0.164946801779583\,5\,185\,2.70010273652751\,GO:0051099 positive regulation of binding\,http://amigo.geneontology.org/amigo/term/GO:0051099\,NEUROD1  MFNG  CALM2  CALM3  CALM1,3
0.164946801779583\,16\,1118\,1.62988019732206\,GO:0051130 positive regulation of cellular component organization\,http://amigo.geneontology.org/amigo/term/GO:0051130\,CDC42EP3  BAIAP2  SNCA  DPYSL3  ATP5IF1  SERPINF1  AGT  CRABP2  RPS3  FEZ1  ELAVL4  NEFL  CD63  CAMK2B  IQSEC1  GPX1,3
0.164946801779583\,6\,354\,2.37991356246141\,GO:0051235 maintenance of location\,http://amigo.geneontology.org/amigo/term/GO:0051235\,CALM2  CALM3  TMSB4X  CALM1  SNCA  JPH4,3
0.164946801779583\,16\,1160\,1.6373225726523\,GO:0051248 negative regulation of protein metabolic process\,http://amigo.geneontology.org/amigo/term/GO:0051248\,SERPINF1  AGT  ITM2C  SVIP  GSTP1  IGFBP5  SNCA  RPS3  MYCBP2  CELF4  PCSK1N  GADD45A  GPX1  CALM2  CALM3  CALM1,3
0.164946801779583\,5\,434\,2.57596008197452\,GO:0051251 positive regulation of lymphocyte activation\,http://amigo.geneontology.org/amigo/term/GO:0051251\,ACTB  HLA-A  EFNB3  BTN2A2  RPS3,3
0.164946801779583\,3\,111\,3.84186046511628\,GO:0051341 regulation of oxidoreductase activity\,http://amigo.geneontology.org/amigo/term/GO:0051341\,SNCA  CALM3  AGT,3
0.164946801779583\,6\,263\,2.44482029598309\,GO:0051402 neuron apoptotic process\,http://amigo.geneontology.org/amigo/term/GO:0051402\,NR3C1  SNCA  GPX1  NEFL  NGFR  GRM4,3
0.164946801779583\,1\,5\,22.4108527131783\,GO:0051462 regulation of cortisol secretion\,http://amigo.geneontology.org/amigo/term/GO:0051462\, GAL,3
0.164946801779583\,1\,3\,22.4108527131783\,GO:0051581 negative regulation of neurotransmitter uptake\,http://amigo.geneontology.org/amigo/term/GO:0051581\, SNCA,3
0.164946801779583\,1\,11\,22.4108527131783\,GO:0051610 serotonin uptake\,http://amigo.geneontology.org/amigo/term/GO:0051610\, SNCA,3
0.164946801779583\,1\,4\,22.4108527131783\,GO:0051611 regulation of serotonin uptake\,http://amigo.geneontology.org/amigo/term/GO:0051611\, SNCA,3
0.164946801779583\,1\,3\,22.4108527131783\,GO:0051612 negative regulation of serotonin uptake\,http://amigo.geneontology.org/amigo/term/GO:0051612\, SNCA,3
0.164946801779583\,1\,3\,22.4108527131783\,GO:0051771 negative regulation of nitric-oxide synthase biosynthetic process\,http://amigo.geneontology.org/amigo/term/GO:0051771\,GSTP1,3
0.164946801779583\,1\,12\,22.4108527131783\,GO:0051798 positive regulation of hair follicle development\,http://amigo.geneontology.org/amigo/term/GO:0051798\, GAL,3
0.164946801779583\,1\,7\,22.4108527131783\,GO:0051823 regulation of synapse structural plasticity\,http://amigo.geneontology.org/amigo/term/GO:0051823\,CAMK2B,3
0.164946801779583\,2\,44\,6.4031007751938\,GO:0051955 regulation of amino acid transport\,http://amigo.geneontology.org/amigo/term/GO:0051955\, AGT  SNCA,3
0.164946801779583\,7\,470\,2.17883290267011\,GO:0051960 regulation of nervous system development\,http://amigo.geneontology.org/amigo/term/GO:0051960\,SERPINF1  EFNB3  CRABP2  BAIAP2  NEFL  CAMK2B  MAP2,3
0.164946801779583\,4\,192\,3.03875968992248\,GO:0055001 muscle cell development\,http://amigo.geneontology.org/amigo/term/GO:0055001\,AGT  ACTG1  DNER  GPX1,3
0.164946801779583\,3\,145\,4.20203488372093\,GO:0060078 regulation of postsynaptic membrane potential\,http://amigo.geneontology.org/amigo/term/GO:0060078\,CELF4  SNCA  BAIAP2,3
0.164946801779583\,8\,530\,2.09692189129154\,GO:0060284 regulation of cell development\,http://amigo.geneontology.org/amigo/term/GO:0060284\,SERPINF1  EFNB3  PREX1  CRABP2  BAIAP2  NEFL  CAMK2B  MAP2,3
0.164946801779583\,4\,185\,3.1453828369373\,GO:0060538 skeletal muscle organ development\,http://amigo.geneontology.org/amigo/term/GO:0060538\,DNER  GPX1  ZBTB18  MYL6,3
0.164946801779583\,1\,7\,22.4108527131783\,GO:0060729 intestinal epithelial structure maintenance\,http://amigo.geneontology.org/amigo/term/GO:0060729\,NEUROD1,3
0.164946801779583\,1\,14\,22.4108527131783\,GO:0060746 parental behavior\,http://amigo.geneontology.org/amigo/term/GO:0060746\,NR3C1,3
0.164946801779583\,1\,11\,22.4108527131783\,GO:0060856 establishment of blood-brain barrier\,http://amigo.geneontology.org/amigo/term/GO:0060856\,MXRA8,3
0.164946801779583\,1\,34\,22.4108527131783\,GO:0060907 positive regulation of macrophage cytokine production\,http://amigo.geneontology.org/amigo/term/GO:0060907\,SPON2,3
0.164946801779583\,1\,5\,22.4108527131783\,GO:0061355 Wnt protein secretion\,http://amigo.geneontology.org/amigo/term/GO:0061355\, WLS,3
0.164946801779583\,1\,4\,22.4108527131783\,GO:0061356 regulation of Wnt protein secretion\,http://amigo.geneontology.org/amigo/term/GO:0061356\, WLS,3
0.164946801779583\,1\,3\,22.4108527131783\,GO:0061357 positive regulation of Wnt protein secretion\,http://amigo.geneontology.org/amigo/term/GO:0061357\, WLS,3
0.164946801779583\,2\,75\,6.4031007751938\,GO:0061614 miRNA transcription\,http://amigo.geneontology.org/amigo/term/GO:0061614\,NGFR  NR3C1,3
0.164946801779583\,1\,14\,22.4108527131783\,GO:0070278 extracellular matrix constituent secretion\,http://amigo.geneontology.org/amigo/term/GO:0070278\, AGT,3
0.164946801779583\,1\,3\,22.4108527131783\,GO:0070494 regulation of thrombin-activated receptor signaling pathway\,http://amigo.geneontology.org/amigo/term/GO:0070494\, SNCA,3
0.164946801779583\,1\,3\,22.4108527131783\,GO:0070495 negative regulation of thrombin-activated receptor signaling pathway\,http://amigo.geneontology.org/amigo/term/GO:0070495\, SNCA,3
0.164946801779583\,1\,4\,22.4108527131783\,GO:0071279 cellular response to cobalt ion\,http://amigo.geneontology.org/amigo/term/GO:0071279\,SERPINF1,3
0.164946801779583\,2\,56\,5.97622739018088\,GO:0071320 cellular response to cAMP\,http://amigo.geneontology.org/amigo/term/GO:0071320\,IGFBP5  EZR,3
0.164946801779583\,9\,935\,1.97742818057456\,GO:0071345 cellular response to cytokine stimulus\,http://amigo.geneontology.org/amigo/term/GO:0071345\,GSTP1  AGPAT2  TLE4  ATP5F1B  TNFRSF19  ACTG1  RPS3  TMSB4X  DPYSL3,3
0.164946801779583\,2\,45\,6.4031007751938\,GO:0071548 response to dexamethasone\,http://amigo.geneontology.org/amigo/term/GO:0071548\,SERPINF1  NR3C1,3
0.164946801779583\,1\,20\,22.4108527131783\,GO:0071605 monocyte chemotactic protein-1 production\,http://amigo.geneontology.org/amigo/term/GO:0071605\,GSTP1,3
0.164946801779583\,1\,20\,22.4108527131783\,GO:0071637 regulation of monocyte chemotactic protein-1 production\,http://amigo.geneontology.org/amigo/term/GO:0071637\,GSTP1,3
0.164946801779583\,2\,84\,6.4031007751938\,GO:0072028 nephron morphogenesis\,http://amigo.geneontology.org/amigo/term/GO:0072028\,AGT  PBX1,3
0.164946801779583\,2\,79\,6.4031007751938\,GO:0072078 nephron tubule morphogenesis\,http://amigo.geneontology.org/amigo/term/GO:0072078\,AGT  PBX1,3
0.164946801779583\,2\,81\,6.4031007751938\,GO:0072088 nephron epithelium morphogenesis\,http://amigo.geneontology.org/amigo/term/GO:0072088\,AGT  PBX1,3
0.164946801779583\,12\,1150\,1.78691184424013\,GO:0072359 circulatory system development\,http://amigo.geneontology.org/amigo/term/GO:0072359\,CALD1  SERPINF1  PDLIM7  NGFR  GADD45A  AGT  GNG5  GPX1  SAT1  ATP5F1B  ACTG1  ATP5IF1,3
0.164946801779583\,1\,4\,22.4108527131783\,GO:0072513 positive regulation of secondary heart field cardioblast proliferation\,http://amigo.geneontology.org/amigo/term/GO:0072513\,GNG5,3
0.164946801779583\,1\,6\,22.4108527131783\,GO:0097176 epoxide metabolic process\,http://amigo.geneontology.org/amigo/term/GO:0097176\,EPHX1,3
0.164946801779583\,1\,7\,22.4108527131783\,GO:0097638 L-arginine import across plasma membrane\,http://amigo.geneontology.org/amigo/term/GO:0097638\, AGT,3
0.164946801779583\,3\,181\,3.84186046511628\,GO:0097696 receptor signaling pathway via STAT\,http://amigo.geneontology.org/amigo/term/GO:0097696\,GADD45A  NEUROD1  AGT,3
0.164946801779583\,2\,32\,5.97622739018088\,GO:0098901 regulation of cardiac muscle cell action potential\,http://amigo.geneontology.org/amigo/term/GO:0098901\,CALM3  CALM1,3
0.164946801779583\,10\,810\,1.90730661388751\,GO:0099536 synaptic signaling\,http://amigo.geneontology.org/amigo/term/GO:0099536\,JPH4  GRM4  SNCA  CELF4  EFNB3  AGT  CALM3  ELAVL4  BAIAP2  CAMK2B,3
0.164946801779583\,1\,3\,22.4108527131783\,GO:0099557 trans-synaptic signaling by trans-synaptic complex modulating synaptic transmission\,http://amigo.geneontology.org/amigo/term/GO:0099557\,EFNB3,3
0.164946801779583\,3\,109\,4.20203488372093\,GO:0099565 chemical synaptic transmission postsynaptic\,http://amigo.geneontology.org/amigo/term/GO:0099565\,CELF4  SNCA  BAIAP2,3
0.164946801779583\,1\,3\,22.4108527131783\,GO:0110077 vesicle-mediated intercellular transport\,http://amigo.geneontology.org/amigo/term/GO:0110077\,PEG10,3
0.164946801779583\,1\,6\,22.4108527131783\,GO:1901608 regulation of vesicle transport along microtubule\,http://amigo.geneontology.org/amigo/term/GO:1901608\,MAP2,3
0.164946801779583\,1\,4\,22.4108527131783\,GO:1901685 glutathione derivative metabolic process\,http://amigo.geneontology.org/amigo/term/GO:1901685\,GSTP1,3
0.164946801779583\,1\,4\,22.4108527131783\,GO:1901687 glutathione derivative biosynthetic process\,http://amigo.geneontology.org/amigo/term/GO:1901687\,GSTP1,3
0.164946801779583\,1\,3\,22.4108527131783\,GO:1902268 negative regulation of polyamine transmembrane transport\,http://amigo.geneontology.org/amigo/term/GO:1902268\,OAZ1,3
0.164946801779583\,1\,5\,22.4108527131783\,GO:1902396 protein localization to bicellular tight junction\,http://amigo.geneontology.org/amigo/term/GO:1902396\,ACTG1,3
0.164946801779583\,19\,1857\,1.5316769839942\,GO:1902531 regulation of intracellular signal transduction\,http://amigo.geneontology.org/amigo/term/GO:1902531\,TNFRSF19  GSTP1  GADD45A  GRM4  AGT  RPS3  RAI14  IGFBP5  PREX1  BTN2A2  CALM2  IQSEC1  CALM3  CALM1  GPX1  TMSB4X  EZR  MID1  WLS,3
0.164946801779583\,1\,3\,22.4108527131783\,GO:1902606 regulation of large conductance calcium-activated potassium channel activity\,http://amigo.geneontology.org/amigo/term/GO:1902606\, GAL,3
0.164946801779583\,2\,48\,6.4031007751938\,GO:1903018 regulation of glycoprotein metabolic process\,http://amigo.geneontology.org/amigo/term/GO:1903018\,NECAB3  ITM2C,3
0.164946801779583\,5\,486\,2.76677193989855\,GO:1903037 regulation of leukocyte cell-cell adhesion\,http://amigo.geneontology.org/amigo/term/GO:1903037\,ACTB  HLA-A  EFNB3  BTN2A2  RPS3,3
0.164946801779583\,1\,3\,22.4108527131783\,GO:1903406 regulation of P-type sodium:potassium-exchanging transporter activity\,http://amigo.geneontology.org/amigo/term/GO:1903406\,ATP1B1,3
0.164946801779583\,1\,3\,22.4108527131783\,GO:1903408 positive regulation of P-type sodium:potassium-exchanging transporter activity\,http://amigo.geneontology.org/amigo/term/GO:1903408\,ATP1B1,3
0.164946801779583\,5\,288\,2.57596008197452\,GO:1903532 positive regulation of secretion by cell\,http://amigo.geneontology.org/amigo/term/GO:1903532\, GAL  AGT  SNCA  EZR  WLS,3
0.164946801779583\,1\,17\,22.4108527131783\,GO:1903587 regulation of blood vessel endothelial cell proliferation involved in sprouting angiogenesis\,http://amigo.geneontology.org/amigo/term/GO:1903587\, NGFR,3
0.164946801779583\,1\,7\,22.4108527131783\,GO:1903588 negative regulation of blood vessel endothelial cell proliferation involved in sprouting angiogenesis\,http://amigo.geneontology.org/amigo/term/GO:1903588\, NGFR,3
0.164946801779583\,1\,4\,22.4108527131783\,GO:1903742 regulation of anterograde synaptic vesicle transport\,http://amigo.geneontology.org/amigo/term/GO:1903742\,MAP2,3
0.164946801779583\,1\,7\,22.4108527131783\,GO:1903753 negative regulation of p38MAPK cascade\,http://amigo.geneontology.org/amigo/term/GO:1903753\, EZR,3
0.164946801779583\,1\,3\,22.4108527131783\,GO:1903964 monounsaturated fatty acid metabolic process\,http://amigo.geneontology.org/amigo/term/GO:1903964\,SCD5,3
0.164946801779583\,1\,4\,22.4108527131783\,GO:1905232 cellular response to L-glutamate\,http://amigo.geneontology.org/amigo/term/GO:1905232\,BAIAP2,3
0.164946801779583\,1\,3\,22.4108527131783\,GO:1905271 regulation of proton-transporting ATP synthase activity rotational mechanism\,http://amigo.geneontology.org/amigo/term/GO:1905271\,TMSB4X,3
0.164946801779583\,1\,3\,22.4108527131783\,GO:1905273 positive regulation of proton-transporting ATP synthase activity rotational mechanism\,http://amigo.geneontology.org/amigo/term/GO:1905273\,TMSB4X,3
0.164946801779583\,1\,4\,22.4108527131783\,GO:1905274 regulation of modification of postsynaptic actin cytoskeleton\,http://amigo.geneontology.org/amigo/term/GO:1905274\,BAIAP2,3
0.164946801779583\,1\,5\,22.4108527131783\,GO:1905870 positive regulation of 3-prime-UTR-mediated mRNA stabilization\,http://amigo.geneontology.org/amigo/term/GO:1905870\,ELAVL4,3
0.164946801779583\,1\,8\,22.4108527131783\,GO:1905918 regulation of CoA-transferase activity\,http://amigo.geneontology.org/amigo/term/GO:1905918\, AGT,3
0.164946801779583\,1\,8\,22.4108527131783\,GO:1905920 positive regulation of CoA-transferase activity\,http://amigo.geneontology.org/amigo/term/GO:1905920\, AGT,3
0.164946801779583\,1\,4\,22.4108527131783\,GO:1905937 negative regulation of germ cell proliferation\,http://amigo.geneontology.org/amigo/term/GO:1905937\, PTGDS,3
0.164946801779583\,2\,76\,5.97622739018088\,GO:2000242 negative regulation of reproductive process\,http://amigo.geneontology.org/amigo/term/GO:2000242\,PTGDS  SERPINF1,3
0.164946801779583\,1\,4\,22.4108527131783\,GO:2000255 negative regulation of male germ cell proliferation\,http://amigo.geneontology.org/amigo/term/GO:2000255\, PTGDS,3
0.164946801779583\,1\,14\,22.4108527131783\,GO:2000564 regulation of CD8-positive alpha-beta T cell proliferation\,http://amigo.geneontology.org/amigo/term/GO:2000564\, HLA-A,3
0.164946801779583\,1\,21\,22.4108527131783\,GO:2001026 regulation of endothelial cell chemotaxis\,http://amigo.geneontology.org/amigo/term/GO:2001026\,TMSB4X,3
0.164946801779583\,1\,15\,22.4108527131783\,GO:2001028 positive regulation of endothelial cell chemotaxis\,http://amigo.geneontology.org/amigo/term/GO:2001028\,TMSB4X,3
0.164946801779583\,1\,16\,22.4108527131783\,GO:2001187 positive regulation of CD8-positive alpha-beta T cell activation\,http://amigo.geneontology.org/amigo/term/GO:2001187\, HLA-A,3
0.164946801779583\,4\,144\,3.25976039464412\,GO:2001235 positive regulation of apoptotic signaling pathway\,http://amigo.geneontology.org/amigo/term/GO:2001235\,RPS3  AGT  NGFR  ITM2C,3
0.166534266689907\,21\,3183\,1.4684178064797\,GO:0002376 immune system process\,http://amigo.geneontology.org/amigo/term/GO:0002376\,BTN2A2  ACTB  SNCA  PPIB  HLA-A  ARID4A  GAL  MFNG  PTGDS  EFNB3  PREX1  ATP5IF1  CMTM7  SPON2  ALCAM  ACTG1  PBX1  GPX1    EZR  RPS3,3
0.167642866439566\,10\,1105\,1.83695514042445\,GO:0009887 animal organ morphogenesis\,http://amigo.geneontology.org/amigo/term/GO:0009887\,SOBP  PBX1  AGT  NGFR  NR3C1  IGFBP5  WLS  NEUROD1  GNG5  APLP1,3
0.167642866439566\,3\,107\,3.73514211886305\,GO:0010595 positive regulation of endothelial cell migration\,http://amigo.geneontology.org/amigo/term/GO:0010595\,AGT  TMSB4X  ATP5F1B,3
0.167642866439566\,3\,143\,3.73514211886305\,GO:0035270 endocrine system development\,http://amigo.geneontology.org/amigo/term/GO:0035270\,NR3C1  NEUROD1  PBX1,3
0.167642866439566\,3\,91\,3.73514211886305\,GO:0048145 regulation of fibroblast proliferation\,http://amigo.geneontology.org/amigo/term/GO:0048145\,NGFR  AGT  GSTP1,3
0.167642866439566\,3\,139\,3.73514211886305\,GO:0070304 positive regulation of stress-activated protein kinase signaling cascade\,http://amigo.geneontology.org/amigo/term/GO:0070304\,TNFRSF19  GADD45A  MID1,3
0.167642866439566\,3\,119\,3.73514211886305\,GO:1901222 regulation of NIK/NF-kappaB signaling\,http://amigo.geneontology.org/amigo/term/GO:1901222\,RPS3  RAI14  TMSB4X,3
0.167642866439566\,3\,84\,3.73514211886305\,GO:2000036 regulation of stem cell population maintenance\,http://amigo.geneontology.org/amigo/term/GO:2000036\,ARID4A  ACTB  BCL7A,3
0.169570823631264\,5\,148\,2.54668780831572\,GO:0009142 nucleoside triphosphate biosynthetic process\,http://amigo.geneontology.org/amigo/term/GO:0009142\,ATP5F1B  ATP5MG  NDUFB10  NDUFB1  TMSB4X,3
0.169570823631264\,5\,145\,2.54668780831572\,GO:0009205 purine ribonucleoside triphosphate metabolic process\,http://amigo.geneontology.org/amigo/term/GO:0009205\,ATP5F1B  ATP5MG  NDUFB10  NDUFB1  TMSB4X,3
0.169570823631264\,5\,488\,2.54668780831572\,GO:0050863 regulation of T cell activation\,http://amigo.geneontology.org/amigo/term/GO:0050863\,ACTB  HLA-A  EFNB3  BTN2A2  RPS3,3
0.17072130198466\,4\,152\,2.93912822467912\,GO:0000086 G2/M transition of mitotic cell cycle\,http://amigo.geneontology.org/amigo/term/GO:0000086\,CALM2  CALM3  PBX1  CALM1,3
0.17072130198466\,4\,157\,2.93912822467912\,GO:0035303 regulation of dephosphorylation\,http://amigo.geneontology.org/amigo/term/GO:0035303\,PPP1R17  CALM2  CALM3  CALM1,3
0.174016942408019\,2\,141\,5.60271317829457\,GO:0007586 digestion\,http://amigo.geneontology.org/amigo/term/GO:0007586\,EZR  NEUROD1,3
0.174016942408019\,3\,83\,3.63419233186675\,GO:0010770 positive regulation of cell morphogenesis involved in differentiation\,http://amigo.geneontology.org/amigo/term/GO:0010770\,PREX1  BAIAP2  CAMK2B,3
0.174016942408019\,3\,150\,3.63419233186675\,GO:0030879 mammary gland development\,http://amigo.geneontology.org/amigo/term/GO:0030879\,NR3C1  IGFBP5  GPX1,3
0.174016942408019\,3\,65\,3.63419233186675\,GO:0031113 regulation of microtubule polymerization\,http://amigo.geneontology.org/amigo/term/GO:0031113\,SNCA  RPS3  MAP2,3
0.174016942408019\,3\,99\,3.63419233186675\,GO:0032465 regulation of cytokinesis\,http://amigo.geneontology.org/amigo/term/GO:0032465\,CALM2  CALM3  CALM1,3
0.174016942408019\,2\,62\,5.60271317829457\,GO:0032768 regulation of monooxygenase activity\,http://amigo.geneontology.org/amigo/term/GO:0032768\,SNCA  CALM3,3
0.174016942408019\,2\,55\,5.60271317829457\,GO:0042743 hydrogen peroxide metabolic process\,http://amigo.geneontology.org/amigo/term/GO:0042743\,GPX1  SNCA,3
0.174016942408019\,2\,59\,5.60271317829457\,GO:0043407 negative regulation of MAP kinase activity\,http://amigo.geneontology.org/amigo/term/GO:0043407\,GSTP1  AGT,3
0.174016942408019\,2\,67\,5.60271317829457\,GO:0043506 regulation of JUN kinase activity\,http://amigo.geneontology.org/amigo/term/GO:0043506\,GSTP1  RPS3,3
0.174016942408019\,2\,53\,5.60271317829457\,GO:0043536 positive regulation of blood vessel endothelial cell migration\,http://amigo.geneontology.org/amigo/term/GO:0043536\,TMSB4X  ATP5F1B,3
0.174016942408019\,6\,458\,2.27906976744186\,GO:0048732 gland development\,http://amigo.geneontology.org/amigo/term/GO:0048732\,NR3C1  IGFBP5  WLS  SERPINF1  PBX1  GPX1,3
0.174016942408019\,5\,286\,2.51807333855936\,GO:0051146 striated muscle cell differentiation\,http://amigo.geneontology.org/amigo/term/GO:0051146\,IGFBP5  AGT  ACTG1  DNER  GPX1,3
0.174016942408019\,8\,622\,1.98106985309863\,GO:0051347 positive regulation of transferase activity\,http://amigo.geneontology.org/amigo/term/GO:0051347\,AGT  SNCA  RPLP1  GPRC5C  RPS3  CALM2  CALM3  CALM1,3
0.174016942408019\,5\,292\,2.51807333855936\,GO:0051962 positive regulation of nervous system development\,http://amigo.geneontology.org/amigo/term/GO:0051962\,SERPINF1  CRABP2  BAIAP2  NEFL  CAMK2B,3
0.174016942408019\,2\,38\,5.60271317829457\,GO:0060999 positive regulation of dendritic spine development\,http://amigo.geneontology.org/amigo/term/GO:0060999\,BAIAP2  CAMK2B,3
0.174016942408019\,9\,681\,1.89387487717\,GO:0061061 muscle structure development\,http://amigo.geneontology.org/amigo/term/GO:0061061\,PDLIM7  ACTB  IGFBP5  AGT  ACTG1  DNER  GPX1  ZBTB18  MYL6,3
0.174016942408019\,2\,83\,5.60271317829457\,GO:0061333 renal tubule morphogenesis\,http://amigo.geneontology.org/amigo/term/GO:0061333\,AGT  PBX1,3
0.174016942408019\,2\,45\,5.60271317829457\,GO:0098815 modulation of excitatory postsynaptic potential\,http://amigo.geneontology.org/amigo/term/GO:0098815\,CELF4  BAIAP2,3
0.174016942408019\,6\,507\,2.27906976744186\,GO:1903131 mononuclear cell differentiation\,http://amigo.geneontology.org/amigo/term/GO:1903131\,ACTB  MFNG  PREX1  BTN2A2  CMTM7  PBX1,3
0.174016942408019\,2\,27\,5.60271317829457\,GO:1903649 regulation of cytoplasmic transport\,http://amigo.geneontology.org/amigo/term/GO:1903649\,EZR  MAP2,3
0.174016942408019\,2\,57\,5.60271317829457\,GO:2001238 positive regulation of extrinsic apoptotic signaling pathway\,http://amigo.geneontology.org/amigo/term/GO:2001238\,AGT  ITM2C,3
0.174782386942215\,4\,92\,2.89172293073268\,GO:0015986 proton motive force-driven ATP synthesis\,http://amigo.geneontology.org/amigo/term/GO:0015986\,ATP5F1B  ATP5MG  NDUFB10  NDUFB1,3
0.178106090870684\,5\,150\,2.4900947459087\,GO:0009144 purine nucleoside triphosphate metabolic process\,http://amigo.geneontology.org/amigo/term/GO:0009144\,ATP5F1B  ATP5MG  NDUFB10  NDUFB1  TMSB4X,3
0.178106090870684\,5\,152\,2.4900947459087\,GO:0009199 ribonucleoside triphosphate metabolic process\,http://amigo.geneontology.org/amigo/term/GO:0009199\,ATP5F1B  ATP5MG  NDUFB10  NDUFB1  TMSB4X,3
0.181807576654238\,4\,362\,2.8458225667528\,GO:0002768 immune response-regulating cell surface receptor signaling pathway\,http://amigo.geneontology.org/amigo/term/GO:0002768\,BTN2A2  HLA-A  EZR  RPS3,3
0.181807576654238\,4\,160\,2.8458225667528\,GO:0030902 hindbrain development\,http://amigo.geneontology.org/amigo/term/GO:0030902\,WLS  NEUROD1  CKB  SSTR2,3
0.181807576654238\,4\,361\,2.8458225667528\,GO:0070371 ERK1 and ERK2 cascade\,http://amigo.geneontology.org/amigo/term/GO:0070371\,GSTP1  BTN2A2  AGT  EZR,3
0.181807576654238\,7\,406\,2.07782740387084\,GO:0070997 neuron death\,http://amigo.geneontology.org/amigo/term/GO:0070997\,SNCA  NR3C1  SERPINF1  GPX1  NEFL  NGFR  GRM4,3
0.181807576654238\,4\,209\,2.8458225667528\,GO:1901654 response to ketone\,http://amigo.geneontology.org/amigo/term/GO:1901654\,SERPINF1  CALM3  NEFL  NR3C1,3
0.181807576654238\,4\,221\,2.8458225667528\,GO:1901888 regulation of cell junction assembly\,http://amigo.geneontology.org/amigo/term/GO:1901888\,MDGA1  AGT  SNCA  ACTG1,3
0.184573732207018\,17\,1830\,1.5208961921119\,GO:0010647 positive regulation of cell communication\,http://amigo.geneontology.org/amigo/term/GO:0010647\,TNFRSF19  RPS3  AGPAT2  GAL  GADD45A  GRM4  AGT  NGFR  MFNG  IGFBP5  WLS  ITM2C  SNCA  BAIAP2  GPX1  MID1  CD63,3
0.186247396120714\,7\,714\,2.06415748674011\,GO:0055065 metal ion homeostasis\,http://amigo.geneontology.org/amigo/term/GO:0055065\,ATP1B1  CALM2  CALM3  CALM1  SNCA  AGT  JPH4,3
0.1870026216853\,17\,1836\,1.51786651842243\,GO:0023056 positive regulation of signaling\,http://amigo.geneontology.org/amigo/term/GO:0023056\,TNFRSF19  RPS3  AGPAT2  GAL  GADD45A  GRM4  AGT  SNCA  NGFR  MFNG  IGFBP5  WLS  ITM2C  BAIAP2  GPX1  MID1  CD63,3
0.1870026216853\,16\,1529\,1.5422522297241\,GO:0080134 regulation of response to stress\,http://amigo.geneontology.org/amigo/term/GO:0080134\,TNFRSF19  SVIP  ACTB  BCL7A  GSTP1  GADD45A  SNCA  RPS3  HLA-A  SERPINF1  GPX1  EZR  MID1  ACTG1  TMSB4X  AGT,3
0.187723176998157\,2\,101\,5.27314181486548\,GO:0001657 ureteric bud development\,http://amigo.geneontology.org/amigo/term/GO:0001657\,AGT  PBX1,3
0.187723176998157\,2\,72\,5.27314181486548\,GO:0014910 regulation of smooth muscle cell migration\,http://amigo.geneontology.org/amigo/term/GO:0014910\,IGFBP5  AGT,3
0.187723176998157\,2\,146\,5.27314181486548\,GO:0042102 positive regulation of T cell proliferation\,http://amigo.geneontology.org/amigo/term/GO:0042102\,HLA-A  RPS3,3
0.187723176998157\,2\,51\,5.27314181486548\,GO:0043268 positive regulation of potassium ion transport\,http://amigo.geneontology.org/amigo/term/GO:0043268\,GAL  ATP1B1,3
0.187723176998157\,4\,146\,2.80135658914729\,GO:0048813 dendrite morphogenesis\,http://amigo.geneontology.org/amigo/term/GO:0048813\,ELAVL4  BAIAP2  MAP2  CAMK2B,3
0.187723176998157\,4\,158\,2.80135658914729\,GO:0050770 regulation of axonogenesis\,http://amigo.geneontology.org/amigo/term/GO:0050770\,EFNB3  CRABP2  NEFL  MAP2,3
0.187723176998157\,5\,315\,2.43596225143242\,GO:0051047 positive regulation of secretion\,http://amigo.geneontology.org/amigo/term/GO:0051047\, GAL  AGT  SNCA  EZR  WLS,3
0.187723176998157\,2\,74\,5.27314181486548\,GO:0061180 mammary gland epithelium development\,http://amigo.geneontology.org/amigo/term/GO:0061180\,NR3C1  GPX1,3
0.187723176998157\,2\,75\,5.27314181486548\,GO:0071260 cellular response to mechanical stimulus\,http://amigo.geneontology.org/amigo/term/GO:0071260\,AGT  GADD45A,3
0.187723176998157\,8\,618\,1.93823591032893\,GO:0071407 cellular response to organic cyclic compound\,http://amigo.geneontology.org/amigo/term/GO:0071407\,NR3C1  SSTR2  APLP1  IGFBP5  SERPINF1  ACTB  EZR  SNCA,3
0.187723176998157\,2\,52\,5.27314181486548\,GO:0099054 presynapse assembly\,http://amigo.geneontology.org/amigo/term/GO:0099054\,MDGA1  SNCA,3
0.187723176998157\,2\,61\,5.27314181486548\,GO:1904705 regulation of vascular associated smooth muscle cell proliferation\,http://amigo.geneontology.org/amigo/term/GO:1904705\,AGT  IGFBP5,3
0.192123438977941\,43\,4823\,1.24746494066882\,GO:0006810 transport\,http://amigo.geneontology.org/amigo/term/GO:0006810\,EZR  NKAIN4  WLS  ATP1B1  CRABP2  CALM2  SNCA  CALM3  SCN9A  ARL4C  SVIP  ATP6V0B  NEUROD1  CALM1  GAL  CD63  TMSB4X  NGFR  ACTB  JPH4  OAZ1  APLP1  PTGDS  ATP5F1B  ATP5IF1  AGT  TTYH2  FEZ1  SPON2  ATP5MG  NDUFB1  ACTG1  SELENOM  FXYD7    NEFL  MAP2  PEG10  NECAB3  DNER  CAMK2B  GRM4  PDLIM7,3
0.192123438977941\,3\,117\,3.44782349433512\,GO:0071901 negative regulation of protein serine/threonine kinase activity\,http://amigo.geneontology.org/amigo/term/GO:0071901\,GSTP1  GADD45A  AGT,3
0.193102900040545\,26\,2847\,1.36779852240055\,GO:0035556 intracellular signal transduction\,http://amigo.geneontology.org/amigo/term/GO:0035556\,NGFR  TNFRSF19  PPP1R1C  CDC42EP3  CALM2  CALM3  CALM1  GAL  GSTP1  EZR  GADD45A  GRM4  AGT  RPS3  NEUROD1  RAI14  IGFBP5  PREX1  BTN2A2  ATP1B1  IQSEC1  GPX1  TMSB4X  MID1  WLS  PPP1R17,3
0.193178183288412\,7\,383\,2.03735024665257\,GO:0032535 regulation of cellular component size\,http://amigo.geneontology.org/amigo/term/GO:0032535\,CDC42EP3  BAIAP2  TMSB4X  EZR  CRABP2  NEFL  MAP2,3
0.193557197452957\,5\,483\,2.4097691089439\,GO:0002696 positive regulation of leukocyte activation\,http://amigo.geneontology.org/amigo/term/GO:0002696\,ACTB  HLA-A  EFNB3  BTN2A2  RPS3,3
0.193557197452957\,5\,507\,2.4097691089439\,GO:0050867 positive regulation of cell activation\,http://amigo.geneontology.org/amigo/term/GO:0050867\,ACTB  HLA-A  EFNB3  BTN2A2  RPS3,3
0.193719322095206\,6\,245\,2.18642465494422\,GO:0009152 purine ribonucleotide biosynthetic process\,http://amigo.geneontology.org/amigo/term/GO:0009152\,ATP5F1B  ATP5MG  NDUFB10  NDUFB1  TMSB4X  SNCA,3
0.193719322095206\,6\,417\,2.18642465494422\,GO:0060537 muscle tissue development\,http://amigo.geneontology.org/amigo/term/GO:0060537\,IGFBP5  AGT  DNER  GPX1  ZBTB18  MYL6,3
0.194136271024764\,15\,1409\,1.55630921619294\,GO:0071495 cellular response to endogenous stimulus\,http://amigo.geneontology.org/amigo/term/GO:0071495\,NR3C1  SMAD9  SSTR2  ARID4A  NGFR  APLP1  IGFBP5  PEG10  SERPINF1  AGT  ELAVL4  BAIAP2  ACTB  EZR  SNCA,3
0.199281660408608\,2\,106\,4.9801894918174\,GO:0001823 mesonephros development\,http://amigo.geneontology.org/amigo/term/GO:0001823\,AGT  PBX1,3
0.199281660408608\,1\,24\,14.9405684754522\,GO:0002043 blood vessel endothelial cell proliferation involved in sprouting angiogenesis\,http://amigo.geneontology.org/amigo/term/GO:0002043\, NGFR,3
0.199281660408608\,1\,31\,14.9405684754522\,GO:0002313 mature B cell differentiation involved in immune response\,http://amigo.geneontology.org/amigo/term/GO:0002313\, MFNG,3
0.199281660408608\,2\,168\,4.9801894918174\,GO:0002367 cytokine production involved in immune response\,http://amigo.geneontology.org/amigo/term/GO:0002367\,HLA-A  SPON2,3
0.199281660408608\,1\,11\,14.9405684754522\,GO:0002424 T cell mediated immune response to tumor cell\,http://amigo.geneontology.org/amigo/term/GO:0002424\, HLA-A,3
0.199281660408608\,1\,12\,14.9405684754522\,GO:0002674 negative regulation of acute inflammatory response\,http://amigo.geneontology.org/amigo/term/GO:0002674\,GSTP1,3
0.199281660408608\,2\,168\,4.9801894918174\,GO:0002718 regulation of cytokine production involved in immune response\,http://amigo.geneontology.org/amigo/term/GO:0002718\,HLA-A  SPON2,3
0.199281660408608\,1\,10\,14.9405684754522\,GO:0003266 regulation of secondary heart field cardioblast proliferation\,http://amigo.geneontology.org/amigo/term/GO:0003266\,GNG5,3
0.199281660408608\,1\,22\,14.9405684754522\,GO:0006704 glucocorticoid biosynthetic process\,http://amigo.geneontology.org/amigo/term/GO:0006704\,NR3C1,3
0.199281660408608\,2\,118\,4.9801894918174\,GO:0006805 xenobiotic metabolic process\,http://amigo.geneontology.org/amigo/term/GO:0006805\,GSTP1  EPHX1,3
0.199281660408608\,12\,2190\,1.62495608796459\,GO:0006955 immune response\,http://amigo.geneontology.org/amigo/term/GO:0006955\,BTN2A2  SNCA  HLA-A  MFNG  PTGDS  SPON2  ALCAM  ACTG1  GPX1    EZR  RPS3,3
0.199281660408608\,3\,162\,3.27963698241634\,GO:0007043 cell-cell junction assembly\,http://amigo.geneontology.org/amigo/term/GO:0007043\,AGT  ACTB  ACTG1,3
0.199281660408608\,1\,12\,14.9405684754522\,GO:0007614 short-term memory\,http://amigo.geneontology.org/amigo/term/GO:0007614\,SERPINF1,3
0.199281660408608\,4\,209\,2.63657090743274\,GO:0007626 locomotory behavior\,http://amigo.geneontology.org/amigo/term/GO:0007626\,EFNB3  SOBP  SNCA  ELAVL4,3
0.199281660408608\,6\,258\,2.10101744186046\,GO:0009260 ribonucleotide biosynthetic process\,http://amigo.geneontology.org/amigo/term/GO:0009260\,ATP5F1B  ATP5MG  NDUFB10  NDUFB1  TMSB4X  SNCA,3
0.199281660408608\,1\,6\,14.9405684754522\,GO:0010040 response to iron(II) ion\,http://amigo.geneontology.org/amigo/term/GO:0010040\, SNCA,3
0.199281660408608\,2\,117\,4.71807425540596\,GO:0014066 regulation of phosphatidylinositol 3-kinase signaling\,http://amigo.geneontology.org/amigo/term/GO:0014066\,AGT  BTN2A2,3
0.199281660408608\,1\,26\,14.9405684754522\,GO:0016048 detection of temperature stimulus\,http://amigo.geneontology.org/amigo/term/GO:0016048\, NGFR,3
0.199281660408608\,1\,19\,14.9405684754522\,GO:0016264 gap junction assembly\,http://amigo.geneontology.org/amigo/term/GO:0016264\, AGT,3
0.199281660408608\,1\,14\,14.9405684754522\,GO:0018158 protein oxidation\,http://amigo.geneontology.org/amigo/term/GO:0018158\,GPX1,3
0.199281660408608\,1\,8\,14.9405684754522\,GO:0019530 taurine metabolic process\,http://amigo.geneontology.org/amigo/term/GO:0019530\, PHGDH,3
0.199281660408608\,1\,8\,14.9405684754522\,GO:0019694 alkanesulfonate metabolic process\,http://amigo.geneontology.org/amigo/term/GO:0019694\, PHGDH,3
0.199281660408608\,1\,69\,14.9405684754522\,GO:0019883 antigen processing and presentation of endogenous antigen\,http://amigo.geneontology.org/amigo/term/GO:0019883\, HLA-A,3
0.199281660408608\,1\,20\,14.9405684754522\,GO:0022410 circadian sleep/wake cycle process\,http://amigo.geneontology.org/amigo/term/GO:0022410\, PTGDS,3
0.199281660408608\,1\,5\,14.9405684754522\,GO:0022614 membrane to membrane docking\,http://amigo.geneontology.org/amigo/term/GO:0022614\, EZR,3
0.199281660408608\,1\,23\,14.9405684754522\,GO:0023019 signal transduction involved in regulation of gene expression\,http://amigo.geneontology.org/amigo/term/GO:0023019\,NEUROD1,3
0.199281660408608\,2\,143\,4.9801894918174\,GO:0030168 platelet activation\,http://amigo.geneontology.org/amigo/term/GO:0030168\,ACTB  ACTG1,3
0.199281660408608\,1\,22\,14.9405684754522\,GO:0030277 maintenance of gastrointestinal epithelium\,http://amigo.geneontology.org/amigo/term/GO:0030277\,NEUROD1,3
0.199281660408608\,1\,28\,14.9405684754522\,GO:0030431 sleep\,http://amigo.geneontology.org/amigo/term/GO:0030431\, PTGDS,3
0.199281660408608\,1\,7\,14.9405684754522\,GO:0031017 exocrine pancreas development\,http://amigo.geneontology.org/amigo/term/GO:0031017\, WLS,3
0.199281660408608\,1\,10\,14.9405684754522\,GO:0032025 response to cobalt ion\,http://amigo.geneontology.org/amigo/term/GO:0032025\,SERPINF1,3
0.199281660408608\,1\,11\,14.9405684754522\,GO:0032060 bleb assembly\,http://amigo.geneontology.org/amigo/term/GO:0032060\,EMP3,3
0.199281660408608\,1\,5\,14.9405684754522\,GO:0032077 positive regulation of deoxyribonuclease activity\,http://amigo.geneontology.org/amigo/term/GO:0032077\,RPS3,3
0.199281660408608\,3\,84\,3.36162790697674\,GO:0032272 negative regulation of protein polymerization\,http://amigo.geneontology.org/amigo/term/GO:0032272\,TMSB4X  SNCA  MAP2,3
0.199281660408608\,3\,123\,3.27963698241634\,GO:0032355 response to estradiol\,http://amigo.geneontology.org/amigo/term/GO:0032355\,SSTR2  AGT  GPX1,3
0.199281660408608\,1\,13\,14.9405684754522\,GO:0032530 regulation of microvillus organization\,http://amigo.geneontology.org/amigo/term/GO:0032530\, EZR,3
0.199281660408608\,1\,7\,14.9405684754522\,GO:0032594 protein transport within lipid bilayer\,http://amigo.geneontology.org/amigo/term/GO:0032594\,ATP1B1,3
0.199281660408608\,1\,5\,14.9405684754522\,GO:0032596 protein transport into membrane raft\,http://amigo.geneontology.org/amigo/term/GO:0032596\,ATP1B1,3
0.199281660408608\,1\,25\,14.9405684754522\,GO:0032682 negative regulation of chemokine production\,http://amigo.geneontology.org/amigo/term/GO:0032682\,GSTP1,3
0.199281660408608\,1\,12\,14.9405684754522\,GO:0032769 negative regulation of monooxygenase activity\,http://amigo.geneontology.org/amigo/term/GO:0032769\, SNCA,3
0.199281660408608\,2\,51\,4.9801894918174\,GO:0032873 negative regulation of stress-activated MAPK cascade\,http://amigo.geneontology.org/amigo/term/GO:0032873\,GSTP1  EZR,3
0.199281660408608\,4\,378\,2.67592271202129\,GO:0032943 mononuclear cell proliferation\,http://amigo.geneontology.org/amigo/term/GO:0032943\,HLA-A  GAL  BTN2A2  RPS3,3
0.199281660408608\,1\,24\,14.9405684754522\,GO:0033139 regulation of peptidyl-serine phosphorylation of STAT protein\,http://amigo.geneontology.org/amigo/term/GO:0033139\,GADD45A,3
0.199281660408608\,1\,3\,14.9405684754522\,GO:0033140 negative regulation of peptidyl-serine phosphorylation of STAT protein\,http://amigo.geneontology.org/amigo/term/GO:0033140\,GADD45A,3
0.199281660408608\,1\,10\,14.9405684754522\,GO:0033483 gas homeostasis\,http://amigo.geneontology.org/amigo/term/GO:0033483\,GSTP1,3
0.199281660408608\,1\,32\,14.9405684754522\,GO:0034505 tooth mineralization\,http://amigo.geneontology.org/amigo/term/GO:0034505\, WLS,3
0.199281660408608\,2\,144\,4.71807425540596\,GO:0035150 regulation of tube size\,http://amigo.geneontology.org/amigo/term/GO:0035150\,AGT  GPX1,3
0.199281660408608\,2\,143\,4.71807425540596\,GO:0035296 regulation of tube diameter\,http://amigo.geneontology.org/amigo/term/GO:0035296\,AGT  GPX1,3
0.199281660408608\,1\,8\,14.9405684754522\,GO:0035726 common myeloid progenitor cell proliferation\,http://amigo.geneontology.org/amigo/term/GO:0035726\,GSTP1,3
0.199281660408608\,1\,19\,14.9405684754522\,GO:0035813 regulation of renal sodium excretion\,http://amigo.geneontology.org/amigo/term/GO:0035813\, AGT,3
0.199281660408608\,1\,12\,14.9405684754522\,GO:0035815 positive regulation of renal sodium excretion\,http://amigo.geneontology.org/amigo/term/GO:0035815\, AGT,3
0.199281660408608\,1\,36\,14.9405684754522\,GO:0036037 CD8-positive alpha-beta T cell activation\,http://amigo.geneontology.org/amigo/term/GO:0036037\, HLA-A,3
0.199281660408608\,6\,662\,2.16879219804951\,GO:0042110 T cell activation\,http://amigo.geneontology.org/amigo/term/GO:0042110\,ACTB  HLA-A  EFNB3  PREX1  BTN2A2  RPS3,3
0.199281660408608\,1\,12\,14.9405684754522\,GO:0042756 drinking behavior\,http://amigo.geneontology.org/amigo/term/GO:0042756\, AGT,3
0.199281660408608\,1\,10\,14.9405684754522\,GO:0042762 regulation of sulfur metabolic process\,http://amigo.geneontology.org/amigo/term/GO:0042762\, SNCA,3
0.199281660408608\,1\,4\,14.9405684754522\,GO:0043622 cortical microtubule organization\,http://amigo.geneontology.org/amigo/term/GO:0043622\, EZR,3
0.199281660408608\,1\,22\,14.9405684754522\,GO:0044062 regulation of excretion\,http://amigo.geneontology.org/amigo/term/GO:0044062\, AGT,3
0.199281660408608\,4\,168\,2.67592271202129\,GO:0044839 cell cycle G2/M phase transition\,http://amigo.geneontology.org/amigo/term/GO:0044839\,CALM2  CALM3  PBX1  CALM1,3
0.199281660408608\,1\,5\,14.9405684754522\,GO:0044860 protein localization to plasma membrane raft\,http://amigo.geneontology.org/amigo/term/GO:0044860\,ATP1B1,3
0.199281660408608\,4\,200\,2.67592271202129\,GO:0045664 regulation of neuron differentiation\,http://amigo.geneontology.org/amigo/term/GO:0045664\,FEZ1  NEUROD1  PBX1  PCP4,3
0.199281660408608\,2\,64\,4.9801894918174\,GO:0045744 negative regulation of G protein-coupled receptor signaling pathway\,http://amigo.geneontology.org/amigo/term/GO:0045744\,APLP1  SNCA,3
0.199281660408608\,1\,7\,14.9405684754522\,GO:0045759 negative regulation of action potential\,http://amigo.geneontology.org/amigo/term/GO:0045759\,SCN9A,3
0.199281660408608\,3\,152\,3.27963698241634\,GO:0046328 regulation of JNK cascade\,http://amigo.geneontology.org/amigo/term/GO:0046328\,TNFRSF19  GSTP1  GADD45A,3
0.199281660408608\,4\,374\,2.71646699553676\,GO:0046651 lymphocyte proliferation\,http://amigo.geneontology.org/amigo/term/GO:0046651\,HLA-A  GAL  BTN2A2  RPS3,3
0.199281660408608\,2\,37\,4.9801894918174\,GO:0046685 response to arsenic-containing substance\,http://amigo.geneontology.org/amigo/term/GO:0046685\,SERPINF1  NEFL,3
0.199281660408608\,2\,55\,4.9801894918174\,GO:0048146 positive regulation of fibroblast proliferation\,http://amigo.geneontology.org/amigo/term/GO:0048146\, NGFR  AGT,3
0.199281660408608\,2\,99\,4.9801894918174\,GO:0048661 positive regulation of smooth muscle cell proliferation\,http://amigo.geneontology.org/amigo/term/GO:0048661\,AGT  IGFBP5,3
0.199281660408608\,1\,4\,14.9405684754522\,GO:0050747 positive regulation of lipoprotein metabolic process\,http://amigo.geneontology.org/amigo/term/GO:0050747\, SVIP,3
0.199281660408608\,2\,37\,4.9801894918174\,GO:0050775 positive regulation of dendrite morphogenesis\,http://amigo.geneontology.org/amigo/term/GO:0050775\,BAIAP2  CAMK2B,3
0.199281660408608\,1\,17\,14.9405684754522\,GO:0050802 circadian sleep/wake cycle sleep\,http://amigo.geneontology.org/amigo/term/GO:0050802\, PTGDS,3
0.199281660408608\,1\,16\,14.9405684754522\,GO:0050862 positive regulation of T cell receptor signaling pathway\,http://amigo.geneontology.org/amigo/term/GO:0050862\,RPS3,3
0.199281660408608\,11\,745\,1.67131782945736\,GO:0051129 negative regulation of cellular component organization\,http://amigo.geneontology.org/amigo/term/GO:0051129\,SVIP  TMSB4X  ITM2C  SNCA  MID1  EFNB3  DPYSL3  NR2F1  FEZ1  GPX1  MAP2,3
0.199281660408608\,6\,629\,2.11756088628456\,GO:0051249 regulation of lymphocyte activation\,http://amigo.geneontology.org/amigo/term/GO:0051249\,ACTB  HLA-A  GAL  EFNB3  BTN2A2  RPS3,3
0.199281660408608\,1\,9\,14.9405684754522\,GO:0051584 regulation of dopamine uptake involved in synaptic transmission\,http://amigo.geneontology.org/amigo/term/GO:0051584\, SNCA,3
0.199281660408608\,1\,20\,14.9405684754522\,GO:0051767 nitric-oxide synthase biosynthetic process\,http://amigo.geneontology.org/amigo/term/GO:0051767\,GSTP1,3
0.199281660408608\,1\,20\,14.9405684754522\,GO:0051769 regulation of nitric-oxide synthase biosynthetic process\,http://amigo.geneontology.org/amigo/term/GO:0051769\,GSTP1,3
0.199281660408608\,1\,9\,14.9405684754522\,GO:0051940 regulation of catecholamine uptake involved in synaptic transmission\,http://amigo.geneontology.org/amigo/term/GO:0051940\, SNCA,3
0.199281660408608\,1\,10\,14.9405684754522\,GO:0060056 mammary gland involution\,http://amigo.geneontology.org/amigo/term/GO:0060056\,IGFBP5,3
0.199281660408608\,2\,90\,4.71807425540596\,GO:0060191 regulation of lipase activity\,http://amigo.geneontology.org/amigo/term/GO:0060191\, SNCA  AGT,3
0.199281660408608\,13\,852\,1.60077519379845\,GO:0060341 regulation of cellular localization\,http://amigo.geneontology.org/amigo/term/GO:0060341\,EZR  CALM2  CALM3  SVIP  CALM1  NGFR  SNCA  OAZ1  FEZ1  ACTB  ATP5IF1  MAP2  JPH4,3
0.199281660408608\,1\,6\,14.9405684754522\,GO:0060770 negative regulation of epithelial cell proliferation involved in prostate gland development\,http://amigo.geneontology.org/amigo/term/GO:0060770\,SERPINF1,3
0.199281660408608\,2\,102\,4.71807425540596\,GO:0060993 kidney morphogenesis\,http://amigo.geneontology.org/amigo/term/GO:0060993\,AGT  PBX1,3
0.199281660408608\,2\,104\,4.71807425540596\,GO:0061326 renal tubule development\,http://amigo.geneontology.org/amigo/term/GO:0061326\,AGT  PBX1,3
0.199281660408608\,1\,5\,14.9405684754522\,GO:0061523 cilium disassembly\,http://amigo.geneontology.org/amigo/term/GO:0061523\,KIF19,3
0.199281660408608\,2\,51\,4.9801894918174\,GO:0070303 negative regulation of stress-activated protein kinase signaling cascade\,http://amigo.geneontology.org/amigo/term/GO:0070303\,GSTP1  EZR,3
0.199281660408608\,1\,12\,14.9405684754522\,GO:0070493 thrombin-activated receptor signaling pathway\,http://amigo.geneontology.org/amigo/term/GO:0070493\, SNCA,3
0.199281660408608\,3\,139\,3.27963698241634\,GO:0071326 cellular response to monosaccharide stimulus\,http://amigo.geneontology.org/amigo/term/GO:0071326\,SERPINF1  NEUROD1  GPX1,3
0.199281660408608\,3\,137\,3.27963698241634\,GO:0071331 cellular response to hexose stimulus\,http://amigo.geneontology.org/amigo/term/GO:0071331\,SERPINF1  NEUROD1  GPX1,3
0.199281660408608\,3\,135\,3.27963698241634\,GO:0071333 cellular response to glucose stimulus\,http://amigo.geneontology.org/amigo/term/GO:0071333\,SERPINF1  NEUROD1  GPX1,3
0.199281660408608\,3\,223\,3.27963698241634\,GO:0071805 potassium ion transmembrane transport\,http://amigo.geneontology.org/amigo/term/GO:0071805\,ATP1B1  GAL  CD63,3
0.199281660408608\,2\,101\,4.71807425540596\,GO:0072080 nephron tubule development\,http://amigo.geneontology.org/amigo/term/GO:0072080\,AGT  PBX1,3
0.199281660408608\,1\,16\,14.9405684754522\,GO:0072148 epithelial cell fate commitment\,http://amigo.geneontology.org/amigo/term/GO:0072148\,NEUROD1,3
0.199281660408608\,2\,102\,4.9801894918174\,GO:0072163 mesonephric epithelium development\,http://amigo.geneontology.org/amigo/term/GO:0072163\,AGT  PBX1,3
0.199281660408608\,2\,102\,4.9801894918174\,GO:0072164 mesonephric tubule development\,http://amigo.geneontology.org/amigo/term/GO:0072164\,AGT  PBX1,3
0.199281660408608\,5\,321\,2.35903712770298\,GO:0090287 regulation of cellular response to growth factor stimulus\,http://amigo.geneontology.org/amigo/term/GO:0090287\,CD63  ARID4A  AGT  PEG10  NGFR,3
0.199281660408608\,1\,4\,14.9405684754522\,GO:0097368 establishment of Sertoli cell barrier\,http://amigo.geneontology.org/amigo/term/GO:0097368\,ARID4A,3
0.199281660408608\,2\,143\,4.71807425540596\,GO:0097746 blood vessel diameter maintenance\,http://amigo.geneontology.org/amigo/term/GO:0097746\,AGT  GPX1,3
0.199281660408608\,1\,6\,14.9405684754522\,GO:0098957 anterograde axonal transport of mitochondrion\,http://amigo.geneontology.org/amigo/term/GO:0098957\,FEZ1,3
0.199281660408608\,1\,5\,14.9405684754522\,GO:0099159 regulation of modification of postsynaptic structure\,http://amigo.geneontology.org/amigo/term/GO:0099159\,BAIAP2,3
0.199281660408608\,2\,55\,4.71807425540596\,GO:0099172 presynapse organization\,http://amigo.geneontology.org/amigo/term/GO:0099172\,MDGA1  SNCA,3
0.199281660408608\,1\,3\,14.9405684754522\,GO:0099185 postsynaptic intermediate filament cytoskeleton organization\,http://amigo.geneontology.org/amigo/term/GO:0099185\, NEFL,3
0.199281660408608\,1\,13\,14.9405684754522\,GO:1901862 negative regulation of muscle tissue development\,http://amigo.geneontology.org/amigo/term/GO:1901862\,IGFBP5,3
0.199281660408608\,1\,7\,14.9405684754522\,GO:1902022 L-lysine transport\,http://amigo.geneontology.org/amigo/term/GO:1902022\, AGT,3
0.199281660408608\,1\,7\,14.9405684754522\,GO:1902047 polyamine transmembrane transport\,http://amigo.geneontology.org/amigo/term/GO:1902047\,OAZ1,3
0.199281660408608\,1\,5\,14.9405684754522\,GO:1902267 regulation of polyamine transmembrane transport\,http://amigo.geneontology.org/amigo/term/GO:1902267\,OAZ1,3
0.199281660408608\,1\,7\,14.9405684754522\,GO:1902803 regulation of synaptic vesicle transport\,http://amigo.geneontology.org/amigo/term/GO:1902803\,MAP2,3
0.199281660408608\,1\,25\,14.9405684754522\,GO:1902932 positive regulation of alcohol biosynthetic process\,http://amigo.geneontology.org/amigo/term/GO:1902932\, SNCA,3
0.199281660408608\,1\,4\,14.9405684754522\,GO:1903061 positive regulation of protein lipidation\,http://amigo.geneontology.org/amigo/term/GO:1903061\, SVIP,3
0.199281660408608\,1\,3\,14.9405684754522\,GO:1903070 negative regulation of ER-associated ubiquitin-dependent protein catabolic process\,http://amigo.geneontology.org/amigo/term/GO:1903070\, SVIP,3
0.199281660408608\,1\,4\,14.9405684754522\,GO:1903276 regulation of sodium ion export across plasma membrane\,http://amigo.geneontology.org/amigo/term/GO:1903276\,ATP1B1,3
0.199281660408608\,1\,4\,14.9405684754522\,GO:1903278 positive regulation of sodium ion export across plasma membrane\,http://amigo.geneontology.org/amigo/term/GO:1903278\,ATP1B1,3
0.199281660408608\,1\,7\,14.9405684754522\,GO:1903401 L-lysine transmembrane transport\,http://amigo.geneontology.org/amigo/term/GO:1903401\, AGT,3
0.199281660408608\,1\,3\,14.9405684754522\,GO:1904715 negative regulation of chaperone-mediated autophagy\,http://amigo.geneontology.org/amigo/term/GO:1904715\, SNCA,3
0.199281660408608\,1\,6\,14.9405684754522\,GO:1905868 regulation of 3-prime-UTR-mediated mRNA stabilization\,http://amigo.geneontology.org/amigo/term/GO:1905868\,ELAVL4,3
0.199281660408608\,1\,7\,14.9405684754522\,GO:1905936 regulation of germ cell proliferation\,http://amigo.geneontology.org/amigo/term/GO:1905936\, PTGDS,3
0.199281660408608\,1\,5\,14.9405684754522\,GO:1990048 anterograde neuronal dense core vesicle transport\,http://amigo.geneontology.org/amigo/term/GO:1990048\,MAP2,3
0.199281660408608\,2\,63\,4.71807425540596\,GO:1990874 vascular associated smooth muscle cell proliferation\,http://amigo.geneontology.org/amigo/term/GO:1990874\,AGT  IGFBP5,3
0.199281660408608\,1\,6\,14.9405684754522\,GO:2000254 regulation of male germ cell proliferation\,http://amigo.geneontology.org/amigo/term/GO:2000254\, PTGDS,3
0.199281660408608\,1\,6\,14.9405684754522\,GO:2000675 negative regulation of type B pancreatic cell apoptotic process\,http://amigo.geneontology.org/amigo/term/GO:2000675\,NEUROD1,3
0.199281660408608\,1\,11\,14.9405684754522\,GO:2000849 regulation of glucocorticoid secretion\,http://amigo.geneontology.org/amigo/term/GO:2000849\, GAL,3
0.199281660408608\,1\,27\,14.9405684754522\,GO:2001185 regulation of CD8-positive alpha-beta T cell activation\,http://amigo.geneontology.org/amigo/term/GO:2001185\, HLA-A,3
0.199281660408608\,1\,6\,14.9405684754522\,GO:2001270 regulation of cysteine-type endopeptidase activity involved in execution phase of apoptosis\,http://amigo.geneontology.org/amigo/term/GO:2001270\,RPS3,3
0.199621779361036\,3\,66\,3.2015503875969\,GO:0006120 mitochondrial electron transport NADH to ubiquinone\,http://amigo.geneontology.org/amigo/term/GO:0006120\,NDUFB10  NDUFB1  SNCA,3
0.000993455115575248\,21\,178\,3.6\,GO:0002181 cytoplasmic translation\,http://amigo.geneontology.org/amigo/term/GO:0002181\,EIF3A  EIF4A2  RPL22L1  RPSA  RPL15  MCTS1  RPS5  RPS19  RPL19  RPS12  RPL21  RPL13A  RPL37  RPL10  RPL13  RPS26  RPL39  RACK1  RPS29  RPL41  PKM,5
0.00109640668989365\,23\,628\,3.2093023255814\,GO:0032787 monocarboxylic acid metabolic process\,http://amigo.geneontology.org/amigo/term/GO:0032787\,PKM  HACD3  ENO1  TECR  PGK1  ENO3  GAPDH  ACAT2  EPHX1  ALDOA  DBI  AKR1C1  PTGDS  GPX4  PGAM1  PHGDH  IDH1  IDH2  INSIG1    MSMO1  XBP1  VDAC1,5
0.00246204230426781\,46\,999\,2.02197802197802\,GO:0006518 peptide metabolic process\,http://amigo.geneontology.org/amigo/term/GO:0006518\,RPS5  EIF3A  RPL13A  EEF1A1  EIF4A2  RPL22L1  RPSA  GSTA4  RPL15  RACK1  MCTS1  RPS19  RPL19  RPS12  RPL21  RPL37  RPL10  RPL13  RPS26  RPL39  RPS29  RPL41  MRPS6  CIRBP  EIF4G2  GAPDH  RTN4  RTN3  RTN1  EIF1  CALR  NPM1  ATP6AP2  PKM  ELOB  OAZ1  APLP1  EIF1B  NGDN  IDH1  SRP9  GPX4  SELENOW  OAZ2  CLIC1,5
0.00246204230426781\,4\,5\,24\,GO:0051343 positive regulation of cyclic-nucleotide phosphodiesterase activity\,http://amigo.geneontology.org/amigo/term/GO:0051343\,CALM2  CALM3  CALM1  RACK1,5
0.00246204230426781\,62\,1888\,1.75471698113208\,GO:1901566 organonitrogen compound biosynthetic process\,http://amigo.geneontology.org/amigo/term/GO:1901566\,ASNS  HACD3  RPS5  TMEM14A  EIF3A  RPN2  ATP5F1E  PAICS  ITM2C  ITM2B  RPL13A  EEF1A1  EIF4A2  RPL22L1  RPSA  RPL15  RACK1  MCTS1  RPS19  RPL19  RPS12  SDHB  RPL21  RPL37  RPL10  ATP5PF  NDUFB8  RPL13  ATP5ME  ATP5MK  NDUFA11  RPS26  RPL39  RPS29  RPL41  MRPS6  ENO1  CIRBP  EIF4G2  GAPDH  DBI  EIF1  CALR  NPM1  PKM  PHGDH  ELOB  TUSC3  OAZ1  APLP1  AK1  EIF1B  NGDN  SRP9  SELENOW  OAZ2  AFMID    ALDOA  CTNNB1  SVIP  TECR,5
0.00266716802068479\,9\,51\,6.75\,GO:0021762 substantia nigra development\,http://amigo.geneontology.org/amigo/term/GO:0021762\,HSPA5  ACTB  DYNLL1  ENO3  YWHAQ  CALM2  ATP5PF  CALM3  CALM1,5
0.00270860238789444\,35\,1677\,2.22811671087533\,GO:0006811 ion transport\,http://amigo.geneontology.org/amigo/term/GO:0006811\,ATP1B3  FKBP1B  NDFIP1  SARAF  CALM2  CALM3  FTH1  SLC25A6  SMDT1  CLIC1  ATP6AP2  CALM1  MFSD10  VDAC2  CTNNB1  GLRX  PSAP  VDAC1  VDAC3  FTL  TUSC3  RAB3A  ATP5F1E  COX4I1  AGT  FXYD6  ATP5PF  ATP5ME  ARL6IP1  COX8A  ATOX1  ATP6V1G2  MAGED2  VAMP2  AKR1C1,5
0.0038001787481678\,8\,54\,6.85714285714286\,GO:0006695 cholesterol biosynthetic process\,http://amigo.geneontology.org/amigo/term/GO:0006695\,FDFT1  EBP  DHCR7  INSIG1  TM7SF2  MSMO1  IDI1  FDPS,5
0.0038001787481678\,10\,102\,5.33333333333333\,GO:0030901 midbrain development\,http://amigo.geneontology.org/amigo/term/GO:0030901\,HSPA5  ACTB  DYNLL1  ENO3  YWHAQ  CALM2  ATP5PF  CALM3  CALM1  CTNNB1,5
0.0038001787481678\,49\,1301\,1.86963434022258\,GO:0043603 cellular amide metabolic process\,http://amigo.geneontology.org/amigo/term/GO:0043603\,RPS5  EIF3A  RPL13A  EEF1A1  EIF4A2  RPL22L1  RPSA  GSTA4  RPL15  RACK1  MCTS1  RPS19  RPL19  RPS12  RPL21  RPL37  RPL10  RPL13  RPS26  RPL39  RPS29  RPL41  MRPS6  CIRBP  EIF4G2  GAPDH  RTN4  RTN3  RTN1  PGAM1  EIF1  CALR  NPM1  ATP6AP2  PKM  ASNS  ELOB  OAZ1  APLP1  EIF1B  NGDN  IDH1  SRP9  GPX4  SELENOW  OAZ2  CLIC1    TECR,5
0.0038001787481678\,9\,72\,6\,GO:0048857 neural nucleus development\,http://amigo.geneontology.org/amigo/term/GO:0048857\,HSPA5  ACTB  DYNLL1  ENO3  YWHAQ  CALM2  ATP5PF  CALM3  CALM1,5
0.0038001787481678\,38\,1160\,2.08219178082192\,GO:0051248 negative regulation of protein metabolic process\,http://amigo.geneontology.org/amigo/term/GO:0051248\,SERPINF1  AGT  ITM2C  ITM2B  RPL13A  SERPINI1  SVBP  SVIP  XBP1  CST3  GTPBP4  GAPDH  RTN4  FKBP1B  RTN3  RTN1  UCHL1  DBI  CTNNB1  ARL6IP1  CALR  NPM1  PPIA  APLP2  CIRBP  GADD45A  PRDX5  SRP9  RPL37  RACK1  GABARAPL2  BEX4  LAPTM4B  MDM4  SET  CALM2  CALM3  CALM1,5
0.0038001787481678\,8\,54\,6.85714285714286\,GO:1902653 secondary alcohol biosynthetic process\,http://amigo.geneontology.org/amigo/term/GO:1902653\,FDFT1  EBP  DHCR7  INSIG1  TM7SF2  MSMO1  IDI1  FDPS,5
0.00536585627223088\,26\,967\,2.4375\,GO:0019725 cellular homeostasis\,http://amigo.geneontology.org/amigo/term/GO:0019725\,ATP1B3  FTL  FKBP1B  PRDX5  CALM2  CALM3  PRDX2  FTH1  SMDT1  ATP6AP2  CALM1  TXN  HMGB1  RACK1  RTN4  SERPINF1  AGT  GNG3  NEUROD1  ATOX1  NPM1  NDFIP1  ALDOA  XBP1  HSP90B1  CALR,5
0.00571851449535584\,10\,152\,5\,GO:1902652 secondary alcohol metabolic process\,http://amigo.geneontology.org/amigo/term/GO:1902652\,FDFT1  IDH1  EBP  DHCR7  IDH2  INSIG1  TM7SF2  MSMO1  IDI1  FDPS,5
0.00605547762725624\,28\,983\,2.30927835051546\,GO:0019752 carboxylic acid metabolic process\,http://amigo.geneontology.org/amigo/term/GO:0019752\,MDH1  PKM  ASNS  HACD3  ENO1  TECR  PGK1  ENO3  GAPDH  ACAT2  IDH1  EPHX1  ALDOA  DBI  IDH2  AFMID  AKR1C1  PTGDS  MGST3  GPX4  PGAM1  PHGDH  SDHB  INSIG1    MSMO1  XBP1  VDAC1,5
0.00626993869648248\,28\,1028\,2.27796610169492\,GO:0006082 organic acid metabolic process\,http://amigo.geneontology.org/amigo/term/GO:0006082\,MDH1  PKM  ASNS  HACD3  ENO1  TECR  PGK1  ENO3  GAPDH  ACAT2  IDH1  EPHX1  ALDOA  DBI  IDH2  AFMID  AKR1C1  PTGDS  MGST3  GPX4  PGAM1  PHGDH  SDHB  INSIG1    MSMO1  XBP1  VDAC1,5
0.00626993869648248\,8\,61\,6.19354838709677\,GO:0016126 sterol biosynthetic process\,http://amigo.geneontology.org/amigo/term/GO:0016126\,MSMO1  FDFT1  EBP  TM7SF2  DHCR7  INSIG1  IDI1  FDPS,5
0.00626993869648248\,28\,1009\,2.27796610169492\,GO:0043436 oxoacid metabolic process\,http://amigo.geneontology.org/amigo/term/GO:0043436\,MDH1  PKM  ASNS  HACD3  ENO1  TECR  PGK1  ENO3  GAPDH  ACAT2  IDH1  EPHX1  ALDOA  DBI  IDH2  AFMID  AKR1C1  PTGDS  MGST3  GPX4  PGAM1  PHGDH  SDHB  INSIG1    MSMO1  XBP1  VDAC1,5
0.00626993869648248\,20\,318\,2.75862068965517\,GO:0046034 ATP metabolic process\,http://amigo.geneontology.org/amigo/term/GO:0046034\,PKM  ENO1  PGK1  ENO3  GAPDH  ATP5F1E  COX4I1  ALDOA  SDHB  ATP5PF  COX6C  NDUFB8  ATP5ME  ATP5MK  NDUFA11  COX8A  PGAM1  AK1    GHITM,5
0.00728020633780736\,4\,13\,16\,GO:0051280 negative regulation of release of sequestered calcium ion into cytosol\,http://amigo.geneontology.org/amigo/term/GO:0051280\,FKBP1B  CALM2  CALM1  CALM3,5
0.00728020633780736\,4\,10\,16\,GO:0051342 regulation of cyclic-nucleotide phosphodiesterase activity\,http://amigo.geneontology.org/amigo/term/GO:0051342\,CALM2  CALM3  CALM1  RACK1,5
0.00728020633780736\,4\,11\,16\,GO:0060315 negative regulation of ryanodine-sensitive calcium-release channel activity\,http://amigo.geneontology.org/amigo/term/GO:0060315\,FKBP1B  CALM2  CALM1  CALM3,5
0.00824277456838244\,44\,1936\,1.82068965517241\,GO:0044281 small molecule metabolic process\,http://amigo.geneontology.org/amigo/term/GO:0044281\,MDH1  PKM  ASNS  HACD3  ENO1  FDFT1  TECR  PGK1  AK1  ENO3  GAPDH  ACAT2  ATP5F1E  PAICS  IDH1  EPHX1  EBP  ALDOA  DBI  DHCR7  IDH2  AFMID  INSIG1  AKR1C1  SDHB  ATP5PF  NDUFB8  ATP5ME  ATP5MK  NDUFA11  PTGDS  MGST3  TM7SF2  GPX4  PGAM1  MSMO1  IDI1  PHGDH  PLTP  FDPS    XBP1  GLRX  VDAC1,5
0.00990250889245143\,38\,784\,1.91194968553459\,GO:0006412 translation\,http://amigo.geneontology.org/amigo/term/GO:0006412\,RPS5  EIF3A  RPL13A  EEF1A1  EIF4A2  RPL22L1  RPSA  RPL15  RACK1  MCTS1  RPS19  RPL19  RPS12  RPL21  RPL37  RPL10  RPL13  RPS26  RPL39  RPS29  RPL41  MRPS6  CIRBP  EIF4G2  GAPDH  EIF1  CALR  NPM1  PKM  ELOB  OAZ1  APLP1  EIF1B  NGDN  SRP9  SELENOW  OAZ2,5
0.0103514085221373\,3\,14\,24\,GO:0034163 regulation of toll-like receptor 9 signaling pathway\,http://amigo.geneontology.org/amigo/term/GO:0034163\,RTN4  PTPRS  HMGB1,5
0.0103514085221373\,7\,57\,6.46153846153846\,GO:0043388 positive regulation of DNA binding\,http://amigo.geneontology.org/amigo/term/GO:0043388\,TXN  NEUROD1  HMGB1  CALM2  CALM3  CTNNB1  CALM1,5
0.0103514085221373\,3\,4\,24\,GO:0071787 endoplasmic reticulum tubular network formation\,http://amigo.geneontology.org/amigo/term/GO:0071787\,RTN4  RTN3  ARL6IP1,5
0.0111981393157344\,38\,814\,1.88819875776398\,GO:0043043 peptide biosynthetic process\,http://amigo.geneontology.org/amigo/term/GO:0043043\,RPS5  EIF3A  RPL13A  EEF1A1  EIF4A2  RPL22L1  RPSA  RPL15  RACK1  MCTS1  RPS19  RPL19  RPS12  RPL21  RPL37  RPL10  RPL13  RPS26  RPL39  RPS29  RPL41  MRPS6  CIRBP  EIF4G2  GAPDH  EIF1  CALR  NPM1  PKM  ELOB  OAZ1  APLP1  EIF1B  NGDN  SRP9  SELENOW  OAZ2,5
0.011294814550383\,31\,1112\,2.05524861878453\,GO:0060548 negative regulation of cell death\,http://amigo.geneontology.org/amigo/term/GO:0060548\,SLC25A6  PTMA  ENO1  XBP1  SON  ARL6IP1  NPM1  MYDGF  CTTN  PRDX5  SERPINF1  DRAXIN  NEUROD1  VDAC2  GPX4  PRDX2  CTNNB1  SOX11  MDM4  RACK1  SET  TXN  HSPA5  ASNS  TMEM14A  RPL10  GHITM  HSP90B1  PPIA  VDAC1  CFL1,5
0.0119346973707745\,45\,1259\,1.75609756097561\,GO:0034645 cellular macromolecule biosynthetic process\,http://amigo.geneontology.org/amigo/term/GO:0034645\,RPS5  EIF3A  RPN2  ITM2C  ITM2B  RPL13A  EEF1A1  EIF4A2  RPL22L1  RPSA  RPL15  RACK1  MCTS1  RPS19  RPL19  RPS12  RPL21  RPL37  RPL10  RPL13  RPS26  RPL39  RPS29  RPL41  MRPS6  CIRBP  EIF4G2  GAPDH  DBI  EIF1  CALR  NPM1  PKM  ELOB  TUSC3  OAZ1  APLP1  EIF1B  NGDN  SRP9  SELENOW  OAZ2    CTNNB1  SVIP,5
0.0119346973707745\,4\,12\,13.7142857142857\,GO:0034975 protein folding in endoplasmic reticulum\,http://amigo.geneontology.org/amigo/term/GO:0034975\,HSPA5  HSP90B1  PDIA3  CALR,5
0.0119346973707745\,32\,1222\,2.01047120418848\,GO:0044092 negative regulation of molecular function\,http://amigo.geneontology.org/amigo/term/GO:0044092\,SERPINF1  AGT  SERPINI1  CST3  GAPDH  ID2  FKBP1B  CALM2  UCHL1  EIF4A2  ARL6IP1  NPM1  TCEAL7  PPIA  CALM1  RACK1  ACTB  APLP2  OAZ1  GADD45A  SET  PRDX5  RPL37  CALM3  PRDX2  SOX11  OAZ2  PPP1R27  GTPBP4  STMN1  NDFIP1  MDFI,5
0.0165359246635413\,40\,959\,1.80451127819549\,GO:0043604 amide biosynthetic process\,http://amigo.geneontology.org/amigo/term/GO:0043604\,RPS5  EIF3A  RPL13A  EEF1A1  EIF4A2  RPL22L1  RPSA  RPL15  RACK1  MCTS1  RPS19  RPL19  RPS12  RPL21  RPL37  RPL10  RPL13  RPS26  RPL39  RPS29  RPL41  MRPS6  CIRBP  EIF4G2  GAPDH  EIF1  CALR  NPM1  PKM  ASNS  ELOB  OAZ1  APLP1  EIF1B  NGDN  SRP9  SELENOW  OAZ2    TECR,5
0.0172504060407508\,6\,129\,6.85714285714286\,GO:0006690 icosanoid metabolic process\,http://amigo.geneontology.org/amigo/term/GO:0006690\,EPHX1  AKR1C1  PTGDS  MGST3  GPX4,5
0.0172504060407508\,19\,591\,2.53333333333333\,GO:0044283 small molecule biosynthetic process\,http://amigo.geneontology.org/amigo/term/GO:0044283\,ASNS  HACD3  FDFT1  TECR  PGK1  EBP  DHCR7  INSIG1  PTGDS  MGST3  TM7SF2  MSMO1  IDI1  PHGDH  PLTP  FDPS    XBP1  GPX4,5
0.0172504060407508\,21\,867\,2.4\,GO:0055082 cellular chemical homeostasis\,http://amigo.geneontology.org/amigo/term/GO:0055082\,ATP1B3  FTL  FKBP1B  CALM2  CALM3  FTH1  SMDT1  ATP6AP2  CALM1  HMGB1  RACK1  RTN4  SERPINF1  AGT  GNG3  NEUROD1  ATOX1  NDFIP1  XBP1  HSP90B1  CALR,5
0.0185365680844255\,4\,15\,12\,GO:0051284 positive regulation of sequestering of calcium ion\,http://amigo.geneontology.org/amigo/term/GO:0051284\,FKBP1B  CALM2  CALM1  CALM3,5
0.0185365680844255\,12\,236\,3.38823529411765\,GO:0051651 maintenance of location in cell\,http://amigo.geneontology.org/amigo/term/GO:0051651\,TMSB10  FTL  FKBP1B  CALM2  CALM3  FTH1  INSIG1  CALM1  TXN  HSPA5  HSP90B1  CALR,5
0.0185365680844255\,5\,48\,8.57142857142857\,GO:1903018 regulation of glycoprotein metabolic process\,http://amigo.geneontology.org/amigo/term/GO:1903018\,ITM2C  ITM2B  RAB1A  CST3  CTNNB1,5
0.0200303667480137\,39\,1449\,1.78967495219885\,GO:0030182 neuron differentiation\,http://amigo.geneontology.org/amigo/term/GO:0030182\,STMN4  ACTB  APLP2  STMN2  APLP1  RAB3A  STMN1  NEUROD4  NREP  DRAXIN  NEUROD1  GAP43  BSG  SOX11  TUBB3  CTNNB1  CBFA2T2  RTN4  ITM2C  CALR  HSPA5  PHGDH  CECR2  PTPRS  FKBP1B  SERPINF1  AGT  UCHL1  SERPINI1  PPIA  RTN1  TUBB2B  RAB13  CFL1  SVBP  CTTN  XBP1  ID2  HMGB1,5
0.0208417472987918\,34\,1169\,1.88018433179724\,GO:0048666 neuron development\,http://amigo.geneontology.org/amigo/term/GO:0048666\,STMN4  ACTB  APLP2  STMN2  APLP1  RAB3A  STMN1  NREP  DRAXIN  GAP43  BSG  TUBB3  CBFA2T2  RTN4  ITM2C  HSPA5  PHGDH  CECR2  PTPRS  FKBP1B  NEUROD4  SERPINF1  AGT  UCHL1  NEUROD1  SERPINI1  TUBB2B  RAB13  CTNNB1  CFL1  SVBP  CTTN  XBP1  HMGB1,5
0.0238726815599445\,23\,532\,2.199203187251\,GO:0006091 generation of precursor metabolites and energy\,http://amigo.geneontology.org/amigo/term/GO:0006091\,MDH1  PKM  ENO1  PGK1  ENO3  GAPDH  SDHB  ATP5F1E  COX4I1  ALDOA  COX6C  NDUFB8  NDUFA11  COX8A  ATP5PF  ATP5ME  PGAM1  PHGDH  IDH1  IDH2  PPP1CB    GHITM,5
0.0238726815599445\,3\,23\,18\,GO:0034162 toll-like receptor 9 signaling pathway\,http://amigo.geneontology.org/amigo/term/GO:0034162\,RTN4  PTPRS  HMGB1,5
0.0238726815599445\,40\,1522\,1.74545454545455\,GO:0048699 generation of neurons\,http://amigo.geneontology.org/amigo/term/GO:0048699\,STMN4  ACTB  APLP2  STMN2  APLP1  RAB3A  STMN1  NEUROD4  NREP  TUBB2A  TUBB2B  DRAXIN  NEUROD1  GAP43  BSG  SOX11  TUBB3  CTNNB1  CBFA2T2  RTN4  ITM2C  CALR  HSPA5  PHGDH  CECR2  PTPRS  FKBP1B  SERPINF1  AGT  UCHL1  SERPINI1  PPIA  RTN1  RAB13  CFL1  SVBP  CTTN  XBP1  ID2  HMGB1,5
0.0238726815599445\,7\,107\,5.25\,GO:0098869 cellular oxidant detoxification\,http://amigo.geneontology.org/amigo/term/GO:0098869\,PRDX2  PRDX5  TXN  MGST3  GPX4  GLRX  SELENOW,5
0.0238726815599445\,3\,5\,18\,GO:1905912 regulation of calcium ion export across plasma membrane\,http://amigo.geneontology.org/amigo/term/GO:1905912\,CALM2  CALM3  CALM1,5
0.0238726815599445\,3\,5\,18\,GO:1905913 negative regulation of calcium ion export across plasma membrane\,http://amigo.geneontology.org/amigo/term/GO:1905913\,CALM2  CALM3  CALM1,5
0.0240504541374632\,4\,23\,10.6666666666667\,GO:0010523 negative regulation of calcium ion transport into cytosol\,http://amigo.geneontology.org/amigo/term/GO:0010523\,FKBP1B  CALM2  CALM1  CALM3,5
0.0240504541374632\,31\,1001\,1.91752577319588\,GO:0031175 neuron projection development\,http://amigo.geneontology.org/amigo/term/GO:0031175\,STMN4  ACTB  APLP2  STMN2  APLP1  RAB3A  STMN1  NREP  DRAXIN  GAP43  BSG  TUBB3  CBFA2T2  RTN4  ITM2C  HSPA5  PHGDH  CECR2  PTPRS  FKBP1B  SERPINF1  AGT  UCHL1  SERPINI1  TUBB2B  RAB13  CTNNB1  CFL1  SVBP  CTTN  HMGB1,5
0.0240504541374632\,61\,2748\,1.5202492211838\,GO:0031324 negative regulation of cellular metabolic process\,http://amigo.geneontology.org/amigo/term/GO:0031324\,CBFA2T2  MAGED2  ID2  SERPINF1  AGT  ITM2C  ITM2B  RPL13A  SERPINI1  SOX11  SVBP  SVIP  MDM4  ENO1  DYNLL1  CIRBP  XBP1  CST3  GTPBP4  GAPDH  SUB1  RTN4  SET  FKBP1B  PRDX5  RTN3  YWHAQ  RTN1  UCHL1  DBI  EIF4A2  CTNNB1  ARL6IP1  CALR  NPM1  TCEAL7  HMGB1  PPIA  RPS26  APLP2  EIF4G2  GADD45A  HNRNPA2B1  NDFIP1  TXN  SRP9  TAGLN3  RPL37  INSIG1  RACK1  VDAC1  GABARAPL2  EZR  BEX4  LAPTM4B  HNRNPA1  RPL10  MDFI  CALM2  CALM3  CALM1,5
0.0240504541374632\,37\,1916\,1.79032258064516\,GO:0042592 homeostatic process\,http://amigo.geneontology.org/amigo/term/GO:0042592\,ACTB  ACTG1  ATP1B3  FTL  FKBP1B  PRDX5  CALM2  CALM3  PRDX2  FTH1  SMDT1  ATP6AP2  CALM1  TXN  BSG  INSIG1  HMGB1  RACK1  RTN4  SERPINF1  AGT  GNG3  NEUROD1  CTNNB1  ATOX1  NPM1  HACD3  RPS19  STMN1  NDFIP1  DYNLT1  ALDOA  XBP1  ID2  HSP90B1  CALR  AKR1C1,5
0.0240504541374632\,26\,1241\,2.05940594059406\,GO:0048878 chemical homeostasis\,http://amigo.geneontology.org/amigo/term/GO:0048878\,ATP1B3  FTL  FKBP1B  CALM2  CALM3  FTH1  SMDT1  ATP6AP2  CALM1  INSIG1  HMGB1  RACK1  RTN4  SERPINF1  AGT  GNG3  NEUROD1  ATOX1  HACD3  STMN1  NDFIP1  DYNLT1  XBP1  HSP90B1  CALR  AKR1C1,5
0.0243622082266838\,8\,142\,4.46511627906977\,GO:0008203 cholesterol metabolic process\,http://amigo.geneontology.org/amigo/term/GO:0008203\,FDFT1  EBP  DHCR7  INSIG1  TM7SF2  MSMO1  IDI1  FDPS,5
0.0243622082266838\,32\,1073\,1.88235294117647\,GO:0032269 negative regulation of cellular protein metabolic process\,http://amigo.geneontology.org/amigo/term/GO:0032269\,SERPINF1  AGT  RPL13A  SERPINI1  SVBP  SVIP  XBP1  CST3  GTPBP4  GAPDH  FKBP1B  UCHL1  DBI  CTNNB1  ARL6IP1  CALR  NPM1  PPIA  APLP2  CIRBP  GADD45A  PRDX5  SRP9  RPL37  RACK1  GABARAPL2  BEX4  LAPTM4B  SET  CALM2  CALM3  CALM1,5
0.0243848995355002\,15\,625\,2.72727272727273\,GO:0006875 cellular metal ion homeostasis\,http://amigo.geneontology.org/amigo/term/GO:0006875\,ATP1B3  FTL  FKBP1B  CALM2  CALM3  FTH1  SMDT1  CALM1  HMGB1  AGT  GNG3  ATOX1  NDFIP1  HSP90B1  CALR,5
0.0243848995355002\,52\,2320\,1.58576874205845\,GO:0008219 cell death\,http://amigo.geneontology.org/amigo/term/GO:0008219\,BEX2  AGT  SLC25A6  PTMA  MLLT11  ACTB  PKM  ENO1  CECR2  XBP1  GADD45A  SON  CTNNB1  ARL6IP1  NPM1  HMGB1  PPIA  RACK1  VDAC1  HSPA5  MYDGF  CTTN  DYNLL1  TMEM14A  APLP1  MFSD10  GAPDH  PRDX5  SERPINF1  RTN3  ITM2C  DRAXIN  NEUROD1  VDAC2  GHITM  BEX3  PDIA3  GPX4  PRDX2  SOX11  MDM4  MARCKS  SET  TXN  ASNS  RPL10  HSP90B1  NSG1  RTN4  EIF4G2  CFL1  CALR,5
0.0243848995355002\,27\,987\,2.01242236024845\,GO:0043069 negative regulation of programmed cell death\,http://amigo.geneontology.org/amigo/term/GO:0043069\,SLC25A6  PTMA  ENO1  XBP1  SON  ARL6IP1  NPM1  MYDGF  CTTN  PRDX5  DRAXIN  NEUROD1  VDAC2  GPX4  PRDX2  CTNNB1  MDM4  SET  HSPA5  ASNS  TMEM14A  RPL10  GHITM  HSP90B1  PPIA  VDAC1  CFL1,5
0.0243848995355002\,64\,2795\,1.49126213592233\,GO:0051246 regulation of protein metabolic process\,http://amigo.geneontology.org/amigo/term/GO:0051246\,OAZ1  NEDD8  NDFIP1  SERPINF1  AGT  ITM2C  ITM2B  RPL13A  SERPINI1  SVBP  OAZ2  SVIP  RACK1  TXN  CIRBP  XBP1  CST3  GTPBP4  EIF4G2  GAPDH  RTN4  FKBP1B  RTN3  RTN1  CALM2  UCHL1  DBI  CALM3  HSP90B1  CTNNB1  ARL6IP1  EIF1  CALR  NPM1  SUMO2  HMGB1  PPIA  CALM1  HSPA5  PKM  MYDGF  APLP2  APLP1  GADD45A  PRDX5  NGDN  SRP9  RPL37  RPL10  SELENOW  EZR  RAB1A  GABARAPL2  ENO1  BEX4  LAPTM4B  MDM4  ACTB  ELOB  EIF1B  EEF1A1  SET  EIF4A2  BEX3,5
0.0243848995355002\,5\,46\,7.5\,GO:1903170 negative regulation of calcium ion transmembrane transport\,http://amigo.geneontology.org/amigo/term/GO:1903170\,FKBP1B  CALM2  CALM1  CALM3  VDAC1,5
0.0256955026527979\,9\,128\,3.92727272727273\,GO:0051101 regulation of DNA binding\,http://amigo.geneontology.org/amigo/term/GO:0051101\,TXN  NEUROD1  HMGB1  CALM2  CALM3  CTNNB1  SOX11  CALM1  MDFI,5
0.0293545965974657\,57\,2618\,1.52849162011173\,GO:0007399 nervous system development\,http://amigo.geneontology.org/amigo/term/GO:0007399\,HSPA5  ACTB  DYNLL1  ENO3  YWHAQ  CALM2  ATP5PF  CALM3  CALM1  STMN4  PAFAH1B3  APLP2  STMN2  APLP1  RAB3A  STMN1  NEUROD4  NREP  TUBB2A  TUBB2B  DRAXIN  NEUROD1  GAP43  BSG  MARCKSL1  SOX11  TUBB3  MARCKS  CTNNB1  CBFA2T2  RTN4  SERPINF1  ITM2C  CALR  PHGDH  CECR2  TBCB  PTPRS  FKBP1B  AGT  DYNLT1  UCHL1  SERPINI1  SSTR2  ATP6AP2  PPIA  RTN1  RAB13  CFL1  SVBP  CTTN  XBP1  ID2  HMGB1  MSI1  ITM2B  TAGLN3,5
0.0327897022066649\,8\,163\,4.17391304347826\,GO:0016125 sterol metabolic process\,http://amigo.geneontology.org/amigo/term/GO:0016125\,MSMO1  FDFT1  EBP  TM7SF2  DHCR7  INSIG1  IDI1  FDPS,5
0.0327897022066649\,8\,97\,4.17391304347826\,GO:0046031 ADP metabolic process\,http://amigo.geneontology.org/amigo/term/GO:0046031\,PKM  ENO1  PGK1  ENO3  GAPDH  ALDOA  PGAM1  AK1,5
0.0327897022066649\,8\,139\,4.17391304347826\,GO:0046165 alcohol biosynthetic process\,http://amigo.geneontology.org/amigo/term/GO:0046165\,FDFT1  EBP  DHCR7  INSIG1  TM7SF2  MSMO1  IDI1  FDPS,5
0.0327897022066649\,58\,2613\,1.5114006514658\,GO:0051172 negative regulation of nitrogen compound metabolic process\,http://amigo.geneontology.org/amigo/term/GO:0051172\,CBFA2T2  MAGED2  ID2  SERPINF1  AGT  ITM2C  ITM2B  RPL13A  SERPINI1  SOX11  SVBP  SVIP  MDM4  ENO1  CIRBP  XBP1  CST3  GTPBP4  GAPDH  SUB1  RTN4  SET  FKBP1B  PRDX5  RTN3  YWHAQ  RTN1  UCHL1  DBI  EIF4A2  CTNNB1  ARL6IP1  CALR  NPM1  TCEAL7  HMGB1  PPIA  RPS26  APLP2  EIF4G2  GADD45A  HNRNPA2B1  NDFIP1  TXN  SRP9  TAGLN3  RPL37  RACK1  GABARAPL2  EZR  BEX4  LAPTM4B  HNRNPA1  RPL10  MDFI  CALM2  CALM3  CALM1,5
0.0369344276873496\,41\,1810\,1.66779661016949\,GO:0010941 regulation of cell death\,http://amigo.geneontology.org/amigo/term/GO:0010941\,BEX2  AGT  SLC25A6  PTMA  ACTB  ENO1  XBP1  GADD45A  SON  CTNNB1  ARL6IP1  NPM1  HMGB1  RACK1  MYDGF  CTTN  PRDX5  SERPINF1  ITM2C  DRAXIN  NEUROD1  VDAC2  PDIA3  GPX4  PRDX2  SOX11  MDM4  SET  TXN  HSPA5  ASNS  TMEM14A  RPL10  GHITM  HSP90B1  PPIA  MLLT11  VDAC1  RTN4  CFL1  CALR,5
0.0372923632739763\,3\,66\,14.4\,GO:0002474 antigen processing and presentation of peptide antigen via MHC class I\,http://amigo.geneontology.org/amigo/term/GO:0002474\,PDIA3  HLA-A  CALR,5
0.0372923632739763\,5\,37\,6.66666666666667\,GO:0006734 NADH metabolic process\,http://amigo.geneontology.org/amigo/term/GO:0006734\,MDH1  ENO1  PKM  PGK1  ENO3,5
0.0372923632739763\,42\,1757\,1.64975450081833\,GO:0022008 neurogenesis\,http://amigo.geneontology.org/amigo/term/GO:0022008\,STMN4  ACTB  APLP2  STMN2  APLP1  RAB3A  STMN1  NEUROD4  NREP  TUBB2A  TUBB2B  DRAXIN  NEUROD1  GAP43  BSG  SOX11  TUBB3  CTNNB1  CBFA2T2  RTN4  SERPINF1  ITM2C  CALR  HSPA5  PHGDH  CECR2  PTPRS  FKBP1B  AGT  UCHL1  SERPINI1  PPIA  MARCKS  RTN1  RAB13  CFL1  SVBP  CTTN  XBP1  ID2  DYNLT1  HMGB1,5
0.0372923632739763\,26\,964\,1.9622641509434\,GO:0043066 negative regulation of apoptotic process\,http://amigo.geneontology.org/amigo/term/GO:0043066\,SLC25A6  PTMA  ENO1  XBP1  SON  ARL6IP1  NPM1  MYDGF  CTTN  PRDX5  DRAXIN  NEUROD1  VDAC2  PRDX2  CTNNB1  MDM4  SET  HSPA5  ASNS  TMEM14A  RPL10  GHITM  HSP90B1  PPIA  VDAC1  CFL1,5
0.0372923632739763\,5\,76\,6.66666666666667\,GO:0051926 negative regulation of calcium ion transport\,http://amigo.geneontology.org/amigo/term/GO:0051926\,FKBP1B  CALM2  CALM1  CALM3  VDAC1,5
0.0372923632739763\,3\,10\,14.4\,GO:1990034 calcium ion export across plasma membrane\,http://amigo.geneontology.org/amigo/term/GO:1990034\,CALM2  CALM3  CALM1,5
0.0393559906832662\,8\,105\,4\,GO:0006165 nucleoside diphosphate phosphorylation\,http://amigo.geneontology.org/amigo/term/GO:0006165\,PKM  ENO1  PGK1  AK1  ENO3  GAPDH  ALDOA  PGAM1,5
0.0395851949595837\,4\,23\,8.72727272727273\,GO:0010881 regulation of cardiac muscle contraction by regulation of the release of sequestered calcium ion\,http://amigo.geneontology.org/amigo/term/GO:0010881\,FKBP1B  CALM2  CALM3  CALM1,5
0.0395851949595837\,4\,142\,8.72727272727273\,GO:0019730 antimicrobial humoral response\,http://amigo.geneontology.org/amigo/term/GO:0019730\,RPS19  GAPDH  RPL39  HLA-A,5
0.0395851949595837\,13\,354\,2.76106194690266\,GO:0051235 maintenance of location\,http://amigo.geneontology.org/amigo/term/GO:0051235\,TMSB10  FTL  FKBP1B  CALM2  CALM3  FTH1  INSIG1  CALM1  TXN  HSPA5  HSP90B1  MDFI  CALR,5
0.0395851949595837\,22\,1130\,2.08695652173913\,GO:0051241 negative regulation of multicellular organismal process\,http://amigo.geneontology.org/amigo/term/GO:0051241\,SERPINF1  LAPTM4B  RPS19  RTN4  HMGB1  PTPRS  PTGDS  GADD45A  FKBP1B  NDFIP1  AGT  DRAXIN  PRDX2  CTNNB1  SOX11  CST3  SVBP  EZR  PGK1  CALR  ID2  DYNLT1,5
0.0395851949595837\,4\,33\,8.72727272727273\,GO:0051481 negative regulation of cytosolic calcium ion concentration\,http://amigo.geneontology.org/amigo/term/GO:0051481\,FKBP1B  CALM2  CALM1  CALM3,5
0.0409565671135782\,38\,1627\,1.68576709796673\,GO:0043067 regulation of programmed cell death\,http://amigo.geneontology.org/amigo/term/GO:0043067\,BEX2  AGT  SLC25A6  PTMA  ACTB  ENO1  XBP1  GADD45A  SON  CTNNB1  ARL6IP1  NPM1  HMGB1  RACK1  MYDGF  CTTN  PRDX5  ITM2C  DRAXIN  NEUROD1  VDAC2  PDIA3  GPX4  PRDX2  MDM4  SET  HSPA5  ASNS  TMEM14A  RPL10  GHITM  HSP90B1  PPIA  MLLT11  VDAC1  RTN4  CFL1  CALR,5
0.041157014024778\,16\,700\,2.43037974683544\,GO:0030003 cellular cation homeostasis\,http://amigo.geneontology.org/amigo/term/GO:0030003\,ATP1B3  FTL  FKBP1B  CALM2  CALM3  FTH1  SMDT1  ATP6AP2  CALM1  HMGB1  AGT  GNG3  ATOX1  NDFIP1  HSP90B1  CALR,5
0.0411937715157496\,7\,122\,4.42105263157895\,GO:1990748 cellular detoxification\,http://amigo.geneontology.org/amigo/term/GO:1990748\,PRDX2  PRDX5  TXN  MGST3  GPX4  GLRX  SELENOW,5
0.0417109908629695\,48\,2127\,1.56309362279512\,GO:0012501 programmed cell death\,http://amigo.geneontology.org/amigo/term/GO:0012501\,BEX2  AGT  SLC25A6  PTMA  MLLT11  ACTB  PKM  ENO1  CECR2  XBP1  GADD45A  SON  CTNNB1  ARL6IP1  NPM1  HMGB1  PPIA  RACK1  VDAC1  HSPA5  MYDGF  CTTN  DYNLL1  TMEM14A  APLP1  MFSD10  GAPDH  PRDX5  RTN3  ITM2C  DRAXIN  NEUROD1  VDAC2  GHITM  BEX3  PDIA3  GPX4  PRDX2  MDM4  MARCKS  SET  ASNS  RPL10  HSP90B1  NSG1  RTN4  CFL1  CALR,5
0.0417109908629695\,23\,1218\,2.02941176470588\,GO:0034220 ion transmembrane transport\,http://amigo.geneontology.org/amigo/term/GO:0034220\,ATP1B3  FKBP1B  CALM2  CALM3  SLC25A6  SMDT1  ATP6AP2  CALM1  GLRX  VDAC3  TUSC3  MFSD10  COX4I1  AGT  ATP5PF  VDAC2  ATP5ME  ARL6IP1  COX8A  VDAC1  CLIC1  ATP6V1G2  VAMP2,5
0.0453661770517835\,8\,107\,3.84\,GO:0046939 nucleotide phosphorylation\,http://amigo.geneontology.org/amigo/term/GO:0046939\,PKM  ENO1  PGK1  AK1  ENO3  GAPDH  ALDOA  PGAM1,5
0.048179491427488\,8\,114\,3.76470588235294\,GO:0006090 pyruvate metabolic process\,http://amigo.geneontology.org/amigo/term/GO:0006090\,PKM  ENO1  PGK1  ENO3  GAPDH  ALDOA  PGAM1  VDAC1,5
0.048179491427488\,4\,16\,8\,GO:0006735 NADH regeneration\,http://amigo.geneontology.org/amigo/term/GO:0006735\,ENO1  PKM  PGK1  ENO3,5
0.048179491427488\,16\,717\,2.37037037037037\,GO:0006873 cellular ion homeostasis\,http://amigo.geneontology.org/amigo/term/GO:0006873\,ATP1B3  FTL  FKBP1B  CALM2  CALM3  FTH1  SMDT1  ATP6AP2  CALM1  HMGB1  AGT  GNG3  ATOX1  NDFIP1  HSP90B1  CALR,5
0.048179491427488\,8\,110\,3.76470588235294\,GO:0009135 purine nucleoside diphosphate metabolic process\,http://amigo.geneontology.org/amigo/term/GO:0009135\,PKM  ENO1  PGK1  ENO3  GAPDH  ALDOA  PGAM1  AK1,5
0.048179491427488\,8\,110\,3.76470588235294\,GO:0009179 purine ribonucleoside diphosphate metabolic process\,http://amigo.geneontology.org/amigo/term/GO:0009179\,PKM  ENO1  PGK1  ENO3  GAPDH  ALDOA  PGAM1  AK1,5
0.048179491427488\,4\,19\,8\,GO:0061615 glycolytic process through fructose-6-phosphate\,http://amigo.geneontology.org/amigo/term/GO:0061615\,ENO1  PKM  PGK1  ENO3,5
0.048179491427488\,4\,18\,8\,GO:0061620 glycolytic process through glucose-6-phosphate\,http://amigo.geneontology.org/amigo/term/GO:0061620\,ENO1  PKM  PGK1  ENO3,5
0.048179491427488\,4\,16\,8\,GO:0061621 canonical glycolysis\,http://amigo.geneontology.org/amigo/term/GO:0061621\,ENO1  PKM  PGK1  ENO3,5
0.048179491427488\,4\,16\,8\,GO:0061718 glucose catabolic process to pyruvate\,http://amigo.geneontology.org/amigo/term/GO:0061718\,ENO1  PKM  PGK1  ENO3,5
0.0489258912691989\,7\,130\,4.2\,GO:0097237 cellular response to toxic substance\,http://amigo.geneontology.org/amigo/term/GO:0097237\,PRDX2  PRDX5  TXN  MGST3  GPX4  GLRX  SELENOW,5
0.0500709120728781\,37\,1594\,1.66604127579737\,GO:0042981 regulation of apoptotic process\,http://amigo.geneontology.org/amigo/term/GO:0042981\,BEX2  AGT  SLC25A6  PTMA  ACTB  ENO1  XBP1  GADD45A  SON  CTNNB1  ARL6IP1  NPM1  HMGB1  RACK1  MYDGF  CTTN  PRDX5  ITM2C  DRAXIN  NEUROD1  VDAC2  PDIA3  PRDX2  MDM4  SET  HSPA5  ASNS  TMEM14A  RPL10  GHITM  HSP90B1  PPIA  MLLT11  VDAC1  RTN4  CFL1  CALR,5
0.0525196659040514\,7\,88\,4.09756097560976\,GO:0006096 glycolytic process\,http://amigo.geneontology.org/amigo/term/GO:0006096\,PKM  ENO1  PGK1  ENO3  GAPDH  ALDOA  PGAM1,5
0.0525196659040514\,7\,89\,4.09756097560976\,GO:0006757 ATP generation from ADP\,http://amigo.geneontology.org/amigo/term/GO:0006757\,PKM  ENO1  PGK1  ENO3  GAPDH  ALDOA  PGAM1,5
0.0525196659040514\,14\,214\,2.50746268656716\,GO:0009060 aerobic respiration\,http://amigo.geneontology.org/amigo/term/GO:0009060\,MDH1  SDHB  ATP5F1E  COX4I1  COX6C  NDUFB8  NDUFA11  COX8A  ATP5PF  ATP5ME  IDH1  IDH2    GHITM,5
0.0525196659040514\,3\,9\,12\,GO:0060316 positive regulation of ryanodine-sensitive calcium-release channel activity\,http://amigo.geneontology.org/amigo/term/GO:0060316\,CALM3  CALM2  CALM1,5
0.0525196659040514\,7\,147\,4.09756097560976\,GO:0098754 detoxification\,http://amigo.geneontology.org/amigo/term/GO:0098754\,PRDX2  PRDX5  TXN  MGST3  GPX4  GLRX  SELENOW,5
0.0525196659040514\,3\,12\,12\,GO:1901844 regulation of cell communication by electrical coupling involved in cardiac conduction\,http://amigo.geneontology.org/amigo/term/GO:1901844\,CALM2  CALM3  CALM1,5
0.0525196659040514\,3\,15\,12\,GO:1903019 negative regulation of glycoprotein metabolic process\,http://amigo.geneontology.org/amigo/term/GO:1903019\,ITM2C  ITM2B  CST3,5
0.0531206933593239\,13\,762\,2.53658536585366\,GO:0002252 immune effector process\,http://amigo.geneontology.org/amigo/term/GO:0002252\,MFAP4  XBP1  RPS19  HLA-A  PTGDS  NDFIP1  PRDX2    HMGB1  VAMP2  RTN4  TUBB4B  TUBB,5
0.0531206933593239\,2\,8\,24\,GO:0002397 MHC class I protein complex assembly\,http://amigo.geneontology.org/amigo/term/GO:0002397\,PDIA3  CALR,5
0.0531206933593239\,2\,8\,24\,GO:0002502 peptide antigen assembly with MHC class I protein complex\,http://amigo.geneontology.org/amigo/term/GO:0002502\,PDIA3  CALR,5
0.0531206933593239\,11\,382\,2.83870967741935\,GO:0006066 alcohol metabolic process\,http://amigo.geneontology.org/amigo/term/GO:0006066\,FDFT1  IDH1  EBP  DHCR7  IDH2  INSIG1  AKR1C1  TM7SF2  MSMO1  IDI1  FDPS,5
0.0531206933593239\,2\,3\,24\,GO:0006452 translational frameshifting\,http://amigo.geneontology.org/amigo/term/GO:0006452\,OAZ1  OAZ2,5
0.0531206933593239\,12\,414\,2.69158878504673\,GO:0006631 fatty acid metabolic process\,http://amigo.geneontology.org/amigo/term/GO:0006631\,HACD3  TECR  ACAT2  EPHX1  DBI  AKR1C1  PTGDS  GPX4  INSIG1    MSMO1  XBP1,5
0.0531206933593239\,7\,166\,4\,GO:0006633 fatty acid biosynthetic process\,http://amigo.geneontology.org/amigo/term/GO:0006633\,HACD3  TECR  PTGDS  INSIG1    XBP1  GPX4,5
0.0531206933593239\,8\,193\,3.62264150943396\,GO:0006694 steroid biosynthetic process\,http://amigo.geneontology.org/amigo/term/GO:0006694\,MSMO1  FDFT1  EBP  TM7SF2  DHCR7  INSIG1  IDI1  FDPS,5
0.0531206933593239\,24\,1274\,1.90728476821192\,GO:0006812 cation transport\,http://amigo.geneontology.org/amigo/term/GO:0006812\,ATP1B3  FKBP1B  NDFIP1  SARAF  CALM2  CALM3  FTH1  SMDT1  ATP6AP2  CALM1  CTNNB1  GLRX  FTL  TUSC3  RAB3A  COX4I1  AGT  ATP5PF  ATP5ME  COX8A  ATP6V1G2  MAGED2  VDAC1  VAMP2,5
0.0531206933593239\,7\,172\,4\,GO:0006937 regulation of muscle contraction\,http://amigo.geneontology.org/amigo/term/GO:0006937\,FKBP1B  CALM2  CALM3  CALM1  SSTR2  ENO1  CTTN,5
0.0531206933593239\,2\,65\,24\,GO:0007187 G protein-coupled receptor signaling pathway coupled to cyclic nucleotide second messenger\,http://amigo.geneontology.org/amigo/term/GO:0007187\,SSTR2  AGT,5
0.0531206933593239\,8\,120\,3.55555555555556\,GO:0009185 ribonucleoside diphosphate metabolic process\,http://amigo.geneontology.org/amigo/term/GO:0009185\,PKM  ENO1  PGK1  ENO3  GAPDH  ALDOA  PGAM1  AK1,5
0.0531206933593239\,4\,28\,7.38461538461539\,GO:0010882 regulation of cardiac muscle contraction by calcium ion signaling\,http://amigo.geneontology.org/amigo/term/GO:0010882\,FKBP1B  CALM2  CALM3  CALM1,5
0.0531206933593239\,2\,5\,24\,GO:0022009 central nervous system vasculogenesis\,http://amigo.geneontology.org/amigo/term/GO:0022009\,CTNNB1  RTN4,5
0.0531206933593239\,2\,15\,24\,GO:0032905 transforming growth factor beta1 production\,http://amigo.geneontology.org/amigo/term/GO:0032905\,LAPTM4B  ATP6AP2,5
0.0531206933593239\,2\,12\,24\,GO:0032908 regulation of transforming growth factor beta1 production\,http://amigo.geneontology.org/amigo/term/GO:0032908\,LAPTM4B  ATP6AP2,5
0.0531206933593239\,2\,6\,24\,GO:0034165 positive regulation of toll-like receptor 9 signaling pathway\,http://amigo.geneontology.org/amigo/term/GO:0034165\,RTN4  HMGB1,5
0.0531206933593239\,2\,39\,24\,GO:0034367 protein-containing complex remodeling\,http://amigo.geneontology.org/amigo/term/GO:0034367\, PLTP  AGT,5
0.0531206933593239\,2\,37\,24\,GO:0034368 protein-lipid complex remodeling\,http://amigo.geneontology.org/amigo/term/GO:0034368\, PLTP  AGT,5
0.0531206933593239\,2\,37\,24\,GO:0034369 plasma lipoprotein particle remodeling\,http://amigo.geneontology.org/amigo/term/GO:0034369\, PLTP  AGT,5
0.0531206933593239\,15\,714\,2.36842105263158\,GO:0055065 metal ion homeostasis\,http://amigo.geneontology.org/amigo/term/GO:0055065\,ATP1B3  FTL  FKBP1B  CALM2  CALM3  FTH1  SMDT1  CALM1  HMGB1  AGT  GNG3  ATOX1  NDFIP1  HSP90B1  CALR,5
0.0531206933593239\,4\,79\,7.38461538461539\,GO:0070527 platelet aggregation\,http://amigo.geneontology.org/amigo/term/GO:0070527\,ACTB  ACTG1  CLIC1  PPIA,5
0.0531206933593239\,4\,28\,7.38461538461539\,GO:0086064 cell communication by electrical coupling involved in cardiac conduction\,http://amigo.geneontology.org/amigo/term/GO:0086064\,CALM2  CALM3  CALM1  FKBP1B,5
0.0531206933593239\,2\,4\,24\,GO:0150111 regulation of transepithelial transport\,http://amigo.geneontology.org/amigo/term/GO:0150111\,ACTB  ACTG1,5
0.0531206933593239\,4\,41\,7.38461538461539\,GO:1901020 negative regulation of calcium ion transmembrane transporter activity\,http://amigo.geneontology.org/amigo/term/GO:1901020\,FKBP1B  CALM2  CALM1  CALM3,5
0.0531206933593239\,2\,5\,24\,GO:1901842 negative regulation of high voltage-gated calcium channel activity\,http://amigo.geneontology.org/amigo/term/GO:1901842\,CALM3  CALM1,5
0.0531206933593239\,2\,3\,24\,GO:1902268 negative regulation of polyamine transmembrane transport\,http://amigo.geneontology.org/amigo/term/GO:1902268\,OAZ1  OAZ2,5
0.0531206933593239\,2\,8\,24\,GO:1905918 regulation of CoA-transferase activity\,http://amigo.geneontology.org/amigo/term/GO:1905918\, AGT  DBI,5
0.0531206933593239\,2\,8\,24\,GO:1905920 positive regulation of CoA-transferase activity\,http://amigo.geneontology.org/amigo/term/GO:1905920\, AGT  DBI,5
0.057010224535955\,9\,246\,3.17647058823529\,GO:1901617 organic hydroxy compound biosynthetic process\,http://amigo.geneontology.org/amigo/term/GO:1901617\,MSMO1  FDFT1  EBP  TM7SF2  DHCR7  INSIG1  IDI1  PLTP  FDPS,5
0.0572946498271255\,46\,2065\,1.52486187845304\,GO:0006915 apoptotic process\,http://amigo.geneontology.org/amigo/term/GO:0006915\,BEX2  AGT  SLC25A6  PTMA  MLLT11  ACTB  ENO1  CECR2  XBP1  GADD45A  SON  CTNNB1  ARL6IP1  NPM1  HMGB1  PPIA  RACK1  VDAC1  HSPA5  MYDGF  CTTN  DYNLL1  TMEM14A  APLP1  MFSD10  GAPDH  PRDX5  RTN3  ITM2C  DRAXIN  NEUROD1  VDAC2  GHITM  BEX3  PDIA3  PRDX2  MDM4  MARCKS  SET  ASNS  RPL10  HSP90B1  NSG1  RTN4  CFL1  CALR,5
0.0605385762683971\,4\,24\,6.85714285714286\,GO:0006007 glucose catabolic process\,http://amigo.geneontology.org/amigo/term/GO:0006007\,ENO1  PKM  PGK1  ENO3,5
0.0605385762683971\,13\,1482\,2.47619047619048\,GO:0007186 G protein-coupled receptor signaling pathway\,http://amigo.geneontology.org/amigo/term/GO:0007186\,GNG3  SSTR2  PSAP  APLP1  AGT  EZR  STMN1  DYNLT1  APLP2  CALM2  CALM3  GAP43  CALM1,5
0.0605385762683971\,4\,31\,6.85714285714286\,GO:0010880 regulation of release of sequestered calcium ion into cytosol by sarcoplasmic reticulum\,http://amigo.geneontology.org/amigo/term/GO:0010880\,FKBP1B  CALM2  CALM3  CALM1,5
0.0605385762683971\,7\,125\,3.81818181818182\,GO:0034763 negative regulation of transmembrane transport\,http://amigo.geneontology.org/amigo/term/GO:0034763\,FKBP1B  CALM2  CALM1  OAZ1  CALM3  OAZ2  VDAC1,5
0.0605385762683971\,6\,85\,4.36363636363636\,GO:0042982 amyloid precursor protein metabolic process\,http://amigo.geneontology.org/amigo/term/GO:0042982\,ITM2C  ITM2B  RTN4  RTN3  RTN1  NSG1,5
0.0605385762683971\,9\,309\,3.1304347826087\,GO:0045765 regulation of angiogenesis\,http://amigo.geneontology.org/amigo/term/GO:0045765\,MYDGF  SERPINF1  XBP1  GADD45A  AGT  CTNNB1  PKM  PGK1  RTN4,5
0.0605385762683971\,4\,28\,6.85714285714286\,GO:0060314 regulation of ryanodine-sensitive calcium-release channel activity\,http://amigo.geneontology.org/amigo/term/GO:0060314\,CALM2  CALM3  FKBP1B  CALM1,5
0.0605385762683971\,4\,47\,6.85714285714286\,GO:0070839 metal ion export\,http://amigo.geneontology.org/amigo/term/GO:0070839\,ATP1B3  CALM2  CALM3  CALM1,5
0.0625995092357286\,3\,42\,10.2857142857143\,GO:0002347 response to tumor cell\,http://amigo.geneontology.org/amigo/term/GO:0002347\,HLA-A  PRDX2  HMGB1,5
0.0641181290446461\,8\,275\,3.36842105263158\,GO:0010951 negative regulation of endopeptidase activity\,http://amigo.geneontology.org/amigo/term/GO:0010951\,SERPINF1  AGT  SERPINI1  GAPDH  ARL6IP1  APLP2  CST3  PRDX5,5
0.06419509441469\,9\,313\,3.08571428571429\,GO:1901342 regulation of vasculature development\,http://amigo.geneontology.org/amigo/term/GO:1901342\,MYDGF  SERPINF1  XBP1  GADD45A  AGT  CTNNB1  PKM  PGK1  RTN4,5
0.0649074532483281\,7\,69\,3.73333333333333\,GO:0006414 translational elongation\,http://amigo.geneontology.org/amigo/term/GO:0006414\,EEF1A1  RACK1  ELOB  OAZ1  SRP9  SELENOW  OAZ2,5
0.0659744334409113\,10\,354\,2.85714285714286\,GO:0006936 muscle contraction\,http://amigo.geneontology.org/amigo/term/GO:0006936\,FKBP1B  CALM2  CALM3  CALM1  AGT  SSTR2  ENO1  CTTN  ALDOA  MYL6,5
0.0684530125936048\,64\,3283\,1.38753387533875\,GO:0009892 negative regulation of metabolic process\,http://amigo.geneontology.org/amigo/term/GO:0009892\,CBFA2T2  MAGED2  ID2  SERPINF1  AGT  ITM2C  ITM2B  RPL13A  SERPINI1  SOX11  SVBP  SVIP  MDM4  ENO1  DYNLL1  CIRBP  XBP1  CST3  LAPTM4B  RPS19  GTPBP4  GAPDH  SUB1  RTN4  SET  FKBP1B  HNRNPA2B1  PRDX5  RTN3  YWHAQ  RTN1  UCHL1  DBI  EIF4A2  CTNNB1  ARL6IP1  CALR  NPM1  TCEAL7  HMGB1  PPIA  RPS26  APLP2  EIF4G2  GADD45A  NDFIP1  TXN  SRP9  TAGLN3  RPL37  INSIG1  RACK1  VDAC1  GABARAPL2  EZR  BEX4  PTPRS  SRSF3  HNRNPA1  RPL10  MDFI  CALM2  CALM3  CALM1,5
0.072925026613309\,25\,1729\,1.80722891566265\,GO:0007155 cell adhesion\,http://amigo.geneontology.org/amigo/term/GO:0007155\,ACTB  ACTG1  CLIC1  PTPRS  PODXL2  BSG  XBP1  GTPBP4  RTN4  HMGB1  HLA-A  PPP1CB  APLP1  LGALS3BP  NDFIP1  RAB1A  SERPINI1  MFAP4  PRDX2  RPSA  CTNNB1  PPIA  EZR  CALR  CTTN,5
0.0729884433319245\,4\,37\,6.4\,GO:0014808 release of sequestered calcium ion into cytosol by sarcoplasmic reticulum\,http://amigo.geneontology.org/amigo/term/GO:0014808\,FKBP1B  CALM2  CALM3  CALM1,5
0.0729884433319245\,4\,42\,6.4\,GO:0019320 hexose catabolic process\,http://amigo.geneontology.org/amigo/term/GO:0019320\,ENO1  PKM  PGK1  ENO3,5
0.0729884433319245\,4\,141\,6.4\,GO:0048565 digestive tract development\,http://amigo.geneontology.org/amigo/term/GO:0048565\,CBFA2T2  CTNNB1  SOX11  ID2,5
0.0729884433319245\,4\,66\,6.4\,GO:0140115 export across plasma membrane\,http://amigo.geneontology.org/amigo/term/GO:0140115\,ATP1B3  CALM2  CALM3  CALM1,5
0.0729884433319245\,4\,38\,6.4\,GO:1903514 release of sequestered calcium ion into cytosol by endoplasmic reticulum\,http://amigo.geneontology.org/amigo/term/GO:1903514\,FKBP1B  CALM2  CALM3  CALM1,5
0.0729884433319245\,4\,50\,6.4\,GO:2001258 negative regulation of cation channel activity\,http://amigo.geneontology.org/amigo/term/GO:2001258\,FKBP1B  CALM2  CALM1  CALM3,5
0.0730026296048191\,8\,284\,3.25423728813559\,GO:0010466 negative regulation of peptidase activity\,http://amigo.geneontology.org/amigo/term/GO:0010466\,SERPINF1  AGT  SERPINI1  CST3  GAPDH  ARL6IP1  APLP2  PRDX5,5
0.0730026296048191\,17\,501\,2.10309278350515\,GO:0061564 axon development\,http://amigo.geneontology.org/amigo/term/GO:0061564\,ACTB  APLP2  APLP1  RAB3A  NREP  DRAXIN  GAP43  BSG  TUBB3  RTN4  PTPRS  STMN1  FKBP1B  UCHL1  TUBB2B  SVBP  CTTN,5
0.0730026296048191\,8\,288\,3.25423728813559\,GO:0098656 anion transmembrane transport\,http://amigo.geneontology.org/amigo/term/GO:0098656\,SLC25A6  VDAC3  MFSD10  AGT  VDAC2  ARL6IP1  VDAC1  CLIC1,5
0.0734172670491691\,16\,794\,2.15730337078652\,GO:0055080 cation homeostasis\,http://amigo.geneontology.org/amigo/term/GO:0055080\,ATP1B3  FTL  FKBP1B  CALM2  CALM3  FTH1  SMDT1  ATP6AP2  CALM1  HMGB1  AGT  GNG3  ATOX1  NDFIP1  HSP90B1  CALR,5
0.0802586157261944\,8\,139\,3.2\,GO:0009132 nucleoside diphosphate metabolic process\,http://amigo.geneontology.org/amigo/term/GO:0009132\,PKM  ENO1  PGK1  AK1  ENO3  GAPDH  ALDOA  PGAM1,5
0.0802760802017494\,27\,1653\,1.7372654155496\,GO:0055085 transmembrane transport\,http://amigo.geneontology.org/amigo/term/GO:0055085\,ATP1B3  FKBP1B  CALM2  CALM3  SLC25A6  SMDT1  ATP6AP2  CALM1  GLRX  VDAC3  TUSC3  OAZ1  MFSD10  COX4I1  AGT  ATP5PF  VDAC2  ATP5ME  ARL6IP1  COX8A  OAZ2  VDAC1  CLIC1  ATP6V1G2  ACTB  HSPA5  VAMP2,5
0.080721404921455\,3\,14\,9\,GO:0005513 detection of calcium ion\,http://amigo.geneontology.org/amigo/term/GO:0005513\,CALM2  CALM3  CALM1,5
0.080721404921455\,9\,120\,2.91891891891892\,GO:0006754 ATP biosynthetic process\,http://amigo.geneontology.org/amigo/term/GO:0006754\,ATP5F1E  SDHB  ATP5PF  NDUFB8  ATP5ME  ATP5MK  NDUFA11  ENO1  ALDOA,5
0.080721404921455\,10\,148\,2.72727272727273\,GO:0009142 nucleoside triphosphate biosynthetic process\,http://amigo.geneontology.org/amigo/term/GO:0009142\,AK1  ATP5F1E  SDHB  ATP5PF  NDUFB8  ATP5ME  ATP5MK  NDUFA11  ENO1  ALDOA,5
0.080721404921455\,17\,453\,2.07106598984772\,GO:0009150 purine ribonucleotide metabolic process\,http://amigo.geneontology.org/amigo/term/GO:0009150\,PKM  ENO1  PGK1  ENO3  GAPDH  ATP5F1E  PAICS  ALDOA  SDHB  ATP5PF  NDUFB8  ATP5ME  ATP5MK  NDUFA11  PGAM1  AK1  TECR,5
0.080721404921455\,3\,17\,9\,GO:0010649 regulation of cell communication by electrical coupling\,http://amigo.geneontology.org/amigo/term/GO:0010649\,CALM2  CALM3  CALM1,5
0.080721404921455\,3\,19\,9\,GO:0010801 negative regulation of peptidyl-threonine phosphorylation\,http://amigo.geneontology.org/amigo/term/GO:0010801\,CALM2  CALM3  CALM1,5
0.080721404921455\,3\,29\,9\,GO:0031954 positive regulation of protein autophosphorylation\,http://amigo.geneontology.org/amigo/term/GO:0031954\,CALM2  CALM3  CALM1,5
0.080721404921455\,3\,166\,9\,GO:0048002 antigen processing and presentation of peptide antigen\,http://amigo.geneontology.org/amigo/term/GO:0048002\,PDIA3  HLA-A  CALR,5
0.080721404921455\,3\,94\,9\,GO:0061844 antimicrobial humoral immune response mediated by antimicrobial peptide\,http://amigo.geneontology.org/amigo/term/GO:0061844\,RPS19  GAPDH  RPL39,5
0.080721404921455\,3\,18\,9\,GO:1902430 negative regulation of amyloid-beta formation\,http://amigo.geneontology.org/amigo/term/GO:1902430\,RTN4  RTN3  RTN1,5
0.080721404921455\,3\,16\,9\,GO:1990403 embryonic brain development\,http://amigo.geneontology.org/amigo/term/GO:1990403\,TUBB2B  CTNNB1  RPL10,5
0.0809161785403653\,76\,4617\,1.32078204199855\,GO:0048731 system development\,http://amigo.geneontology.org/amigo/term/GO:0048731\,HSPA5  ACTB  DYNLL1  ENO3  YWHAQ  CALM2  ATP5PF  CALM3  CALM1  STMN4  MYDGF  PAFAH1B3  APLP2  STMN2  APLP1  RAB3A  STMN1  NEUROD4  SERPINF1  NREP  TUBB2A  TUBB2B  DRAXIN  NEUROD1  GAP43  BSG  MARCKSL1  SOX11  PSAP  TUBB3  MARCKS  CTNNB1  CBFA2T2  XBP1  RTN4  AGT  ITM2C  CALR  HMGB1  PHGDH  CECR2  TBCB  PTPRS  MDFI  GADD45A  FKBP1B  NDFIP1  IDH1  DYNLT1  EBP  UCHL1  SERPINI1  PRDX2  SSTR2  ATP6AP2  CRIP2  INSIG1  PPIA  RTN1  PKM  PGK1  RPS19  RAB13  TPPP3  PPIB  RPL13  CFL1  SVBP  ACTG1  CTTN  ID2  MDM4  MSI1  ITM2B  TAGLN3  CRELD1,5
0.0812833465763203\,60\,3057\,1.38862102217936\,GO:0010605 negative regulation of macromolecule metabolic process\,http://amigo.geneontology.org/amigo/term/GO:0010605\,CBFA2T2  MAGED2  ID2  SERPINF1  AGT  ITM2C  ITM2B  RPL13A  SERPINI1  SOX11  SVBP  SVIP  MDM4  ENO1  CIRBP  XBP1  CST3  LAPTM4B  GTPBP4  GAPDH  SUB1  RTN4  SET  FKBP1B  HNRNPA2B1  PRDX5  RTN3  YWHAQ  RTN1  UCHL1  DBI  EIF4A2  CTNNB1  ARL6IP1  CALR  NPM1  TCEAL7  HMGB1  PPIA  RPS26  APLP2  EIF4G2  GADD45A  NDFIP1  TXN  SRP9  TAGLN3  RPL37  RACK1  GABARAPL2  EZR  BEX4  PTPRS  SRSF3  HNRNPA1  RPL10  MDFI  CALM2  CALM3  CALM1,5
0.0824671956566309\,4\,36\,6\,GO:0010644 cell communication by electrical coupling\,http://amigo.geneontology.org/amigo/term/GO:0010644\,CALM2  CALM3  CALM1  FKBP1B,5
0.0824671956566309\,4\,34\,6\,GO:0019674 NAD metabolic process\,http://amigo.geneontology.org/amigo/term/GO:0019674\,ENO1  PKM  PGK1  ENO3,5
0.0824671956566309\,4\,46\,6\,GO:0046365 monosaccharide catabolic process\,http://amigo.geneontology.org/amigo/term/GO:0046365\,ENO1  PKM  PGK1  ENO3,5
0.0836646797622044\,10\,329\,2.69662921348315\,GO:0046394 carboxylic acid biosynthetic process\,http://amigo.geneontology.org/amigo/term/GO:0046394\,ASNS  HACD3  TECR  PTGDS  MGST3  PHGDH  INSIG1    XBP1  GPX4,5
0.0838642881912515\,14\,260\,2.24\,GO:0045333 cellular respiration\,http://amigo.geneontology.org/amigo/term/GO:0045333\,MDH1  SDHB  ATP5F1E  COX4I1  COX6C  NDUFB8  NDUFA11  COX8A  ATP5PF  ATP5ME  IDH1  IDH2    GHITM,5
0.0851090236537245\,5\,107\,4.61538461538462\,GO:0002027 regulation of heart rate\,http://amigo.geneontology.org/amigo/term/GO:0002027\,FKBP1B  AGT  CALM2  CALM3  CALM1,5
0.0851090236537245\,5\,302\,4.61538461538462\,GO:0006959 humoral immune response\,http://amigo.geneontology.org/amigo/term/GO:0006959\,MFAP4  RPS19  GAPDH  RPL39  HLA-A,5
0.0851090236537245\,7\,355\,3.42857142857143\,GO:0060326 cell chemotaxis\,http://amigo.geneontology.org/amigo/term/GO:0060326\,RPS19  PPIB  HMGB1  PPIA  RAB13  BSG  CALR,5
0.0851090236537245\,6\,277\,3.89189189189189\,GO:0097529 myeloid leukocyte migration\,http://amigo.geneontology.org/amigo/term/GO:0097529\,RPS19  PPIB  HMGB1  PPIA  BSG  RTN4,5
0.0851090236537245\,16\,809\,2.09836065573771\,GO:0098771 inorganic ion homeostasis\,http://amigo.geneontology.org/amigo/term/GO:0098771\,ATP1B3  FTL  FKBP1B  CALM2  CALM3  FTH1  SMDT1  ATP6AP2  CALM1  HMGB1  AGT  GNG3  ATOX1  NDFIP1  HSP90B1  CALR,5
0.0893629215595117\,11\,163\,2.51428571428571\,GO:0006119 oxidative phosphorylation\,http://amigo.geneontology.org/amigo/term/GO:0006119\,ATP5F1E  COX4I1  SDHB  COX6C  NDUFB8  NDUFA11  COX8A  ATP5PF  ATP5ME    GHITM,5
0.0941058372149332\,10\,331\,2.63736263736264\,GO:0016053 organic acid biosynthetic process\,http://amigo.geneontology.org/amigo/term/GO:0016053\,ASNS  HACD3  TECR  PTGDS  MGST3  PHGDH  INSIG1    XBP1  GPX4,5
0.0947702907485964\,14\,930\,2.18181818181818\,GO:0001816 cytokine production\,http://amigo.geneontology.org/amigo/term/GO:0001816\,LAPTM4B  GAPDH  BSG  ATP6AP2  HMGB1  HLA-A  PLD3  NDFIP1  EZR  PTPRS  RAB1A  XBP1  RTN4  AGT,5
0.0947702907485964\,14\,922\,2.19607843137255\,GO:0001817 regulation of cytokine production\,http://amigo.geneontology.org/amigo/term/GO:0001817\,LAPTM4B  GAPDH  BSG  ATP6AP2  HMGB1  HLA-A  PLD3  NDFIP1  EZR  PTPRS  RAB1A  XBP1  RTN4  AGT,5
0.0947702907485964\,2\,89\,16\,GO:0002396 MHC protein complex assembly\,http://amigo.geneontology.org/amigo/term/GO:0002396\,PDIA3  CALR,5
0.0947702907485964\,2\,28\,16\,GO:0002407 dendritic cell chemotaxis\,http://amigo.geneontology.org/amigo/term/GO:0002407\,CALR  HMGB1,5
0.0947702907485964\,2\,11\,16\,GO:0002424 T cell mediated immune response to tumor cell\,http://amigo.geneontology.org/amigo/term/GO:0002424\,HLA-A  HMGB1,5
0.0947702907485964\,2\,89\,16\,GO:0002501 peptide antigen assembly with MHC protein complex\,http://amigo.geneontology.org/amigo/term/GO:0002501\,PDIA3  CALR,5
0.0947702907485964\,2\,8\,16\,GO:0002536 respiratory burst involved in inflammatory response\,http://amigo.geneontology.org/amigo/term/GO:0002536\,RPS19  PRDX2,5
0.0947702907485964\,2\,95\,16\,GO:0002548 monocyte chemotaxis\,http://amigo.geneontology.org/amigo/term/GO:0002548\,RPS19  HMGB1,5
0.0947702907485964\,17\,481\,2.00985221674877\,GO:0006163 purine nucleotide metabolic process\,http://amigo.geneontology.org/amigo/term/GO:0006163\,PKM  ENO1  PGK1  ENO3  GAPDH  ATP5F1E  PAICS  ALDOA  SDHB  ATP5PF  NDUFB8  ATP5ME  ATP5MK  NDUFA11  PGAM1  AK1  TECR,5
0.0947702907485964\,2\,5\,16\,GO:0006880 intracellular sequestering of iron ion\,http://amigo.geneontology.org/amigo/term/GO:0006880\,FTL  FTH1,5
0.0947702907485964\,12\,245\,2.34146341463415\,GO:0009152 purine ribonucleotide biosynthetic process\,http://amigo.geneontology.org/amigo/term/GO:0009152\,ATP5F1E  PAICS  SDHB  ATP5PF  NDUFB8  ATP5ME  ATP5MK  NDUFA11  ENO1  AK1  ALDOA  TECR,5
0.0947702907485964\,17\,472\,2\,GO:0009259 ribonucleotide metabolic process\,http://amigo.geneontology.org/amigo/term/GO:0009259\,PKM  ENO1  PGK1  ENO3  GAPDH  ATP5F1E  PAICS  ALDOA  SDHB  ATP5PF  NDUFB8  ATP5ME  ATP5MK  NDUFA11  PGAM1  AK1  TECR,5
0.0947702907485964\,3\,639\,8\,GO:0009593 detection of chemical stimulus\,http://amigo.geneontology.org/amigo/term/GO:0009593\,CALM2  CALM3  CALM1,5
0.0947702907485964\,3\,60\,8\,GO:0019369 arachidonic acid metabolic process\,http://amigo.geneontology.org/amigo/term/GO:0019369\,EPHX1  GPX4  PTGDS,5
0.0947702907485964\,17\,949\,2\,GO:0030001 metal ion transport\,http://amigo.geneontology.org/amigo/term/GO:0030001\,ATP1B3  FKBP1B  NDFIP1  SARAF  CALM2  CALM3  FTH1  SMDT1  CALM1  CTNNB1  GLRX  FTL  TUSC3  AGT  MAGED2  VDAC1  VAMP2,5
0.0947702907485964\,14\,596\,2.19607843137255\,GO:0034762 regulation of transmembrane transport\,http://amigo.geneontology.org/amigo/term/GO:0034762\,FKBP1B  CALM2  CALM3  CALM1  ATP1B3  GLRX  OAZ1  AGT  ARL6IP1  OAZ2  CLIC1  ACTB  VDAC1  VAMP2,5
0.0947702907485964\,15\,745\,2.11764705882353\,GO:0043269 regulation of ion transport\,http://amigo.geneontology.org/amigo/term/GO:0043269\,FKBP1B  SARAF  CALM2  CALM3  CALM1  ATP1B3  CTNNB1  GLRX  RAB3A  AGT  FXYD6  ARL6IP1  CLIC1  VDAC1  VAMP2,5
0.0947702907485964\,2\,8\,16\,GO:0046487 glyoxylate metabolic process\,http://amigo.geneontology.org/amigo/term/GO:0046487\,IDH1  IDH2,5
0.0947702907485964\,3\,51\,8\,GO:0048546 digestive tract morphogenesis\,http://amigo.geneontology.org/amigo/term/GO:0048546\,CTNNB1  SOX11  ID2,5
0.0947702907485964\,2\,17\,16\,GO:0048557 embryonic digestive tract morphogenesis\,http://amigo.geneontology.org/amigo/term/GO:0048557\,SOX11  ID2,5
0.0947702907485964\,2\,40\,16\,GO:0048566 embryonic digestive tract development\,http://amigo.geneontology.org/amigo/term/GO:0048566\,SOX11  ID2,5
0.0947702907485964\,16\,819\,2.05347593582888\,GO:0050801 ion homeostasis\,http://amigo.geneontology.org/amigo/term/GO:0050801\,ATP1B3  FTL  FKBP1B  CALM2  CALM3  FTH1  SMDT1  ATP6AP2  CALM1  HMGB1  AGT  GNG3  ATOX1  NDFIP1  HSP90B1  CALR,5
0.0947702907485964\,37\,1874\,1.54166666666667\,GO:0051049 regulation of transport\,http://amigo.geneontology.org/amigo/term/GO:0051049\,EZR  RAB3A  FKBP1B  SARAF  RAB13  CALM2  CALM3  SLC25A6  SVIP  NEUROD1  CALM1  ATP1B3  XBP1  PLTP  DBI  CTNNB1  BSG  GLRX  INSIG1  HMGB1  OAZ1  AGT  TXN  FXYD6  ARL6IP1  SOX11  CALR  OAZ2  CLIC1  ACTB  TMEM14A  NDFIP1  ACTG1  PPIA  RACK1  VDAC1  VAMP2,5
0.0947702907485964\,6\,140\,3.69230769230769\,GO:0051208 sequestering of calcium ion\,http://amigo.geneontology.org/amigo/term/GO:0051208\,FKBP1B  CALM2  CALM3  CALM1  HSP90B1  CALR,5
0.0947702907485964\,4\,44\,5.64705882352941\,GO:0070296 sarcoplasmic reticulum calcium ion transport\,http://amigo.geneontology.org/amigo/term/GO:0070296\,FKBP1B  CALM2  CALM3  CALM1,5
0.0947702907485964\,2\,6\,16\,GO:0097577 sequestering of iron ion\,http://amigo.geneontology.org/amigo/term/GO:0097577\,FTL  FTH1,5
0.0947702907485964\,2\,7\,16\,GO:1902047 polyamine transmembrane transport\,http://amigo.geneontology.org/amigo/term/GO:1902047\,OAZ1  OAZ2,5
0.0947702907485964\,2\,5\,16\,GO:1902267 regulation of polyamine transmembrane transport\,http://amigo.geneontology.org/amigo/term/GO:1902267\,OAZ1  OAZ2,5
0.0947702907485964\,2\,4\,16\,GO:1990809 endoplasmic reticulum tubular network membrane organization\,http://amigo.geneontology.org/amigo/term/GO:1990809\,ARL6IP1  RTN4,5
0.0947702907485964\,21\,533\,1.83272727272727\,GO:2000112 regulation of cellular macromolecule biosynthetic process\,http://amigo.geneontology.org/amigo/term/GO:2000112\,ITM2C  ITM2B  RPL13A  CIRBP  EIF4G2  GAPDH  DBI  EIF1  CALR  NPM1  PKM  APLP1  NGDN  SRP9  RPL10  SELENOW  RACK1  CTNNB1  SVIP  EIF1B  EIF4A2,5
0.0954379262821001\,28\,1123\,1.65925925925926\,GO:0007417 central nervous system development\,http://amigo.geneontology.org/amigo/term/GO:0007417\,HSPA5  ACTB  DYNLL1  ENO3  YWHAQ  CALM2  ATP5PF  CALM3  CALM1  PAFAH1B3  APLP2  APLP1  DRAXIN  MARCKSL1  MARCKS  CTNNB1  PHGDH  PTPRS  RTN4  NEUROD4  NEUROD1  GAP43  SOX11  SSTR2  ATP6AP2  ID2  TAGLN3  SERPINI1,5
0.0954379262821001\,20\,835\,1.86046511627907\,GO:0043086 negative regulation of catalytic activity\,http://amigo.geneontology.org/amigo/term/GO:0043086\,SERPINF1  AGT  SERPINI1  CST3  GAPDH  FKBP1B  UCHL1  EIF4A2  ARL6IP1  NPM1  PPIA  APLP2  OAZ1  GADD45A  SET  PRDX5  RPL37  OAZ2  PPP1R27  RACK1,5
0.0963129680939536\,9\,341\,2.73417721518987\,GO:0008202 steroid metabolic process\,http://amigo.geneontology.org/amigo/term/GO:0008202\,MSMO1  FDFT1  EBP  TM7SF2  DHCR7  INSIG1  AKR1C1  IDI1  FDPS,5
0.0963129680939536\,5\,119\,4.28571428571429\,GO:0016525 negative regulation of angiogenesis\,http://amigo.geneontology.org/amigo/term/GO:0016525\,SERPINF1  GADD45A  AGT  CTNNB1  PGK1,5
0.0963129680939536\,5\,86\,4.28571428571429\,GO:0032410 negative regulation of transporter activity\,http://amigo.geneontology.org/amigo/term/GO:0032410\,FKBP1B  CALM2  CALM1  CALM3  NDFIP1,5
0.0963129680939536\,5\,117\,4.28571428571429\,GO:0033559 unsaturated fatty acid metabolic process\,http://amigo.geneontology.org/amigo/term/GO:0033559\,EPHX1  AKR1C1  PTGDS  GPX4,5
0.0963129680939536\,5\,131\,4.28571428571429\,GO:0046683 response to organophosphorus\,http://amigo.geneontology.org/amigo/term/GO:0046683\,HSP90B1  HSPA5  BSG  AKR1C1  EZR,5
0.0963129680939536\,13\,456\,2.22857142857143\,GO:0051051 negative regulation of transport\,http://amigo.geneontology.org/amigo/term/GO:0051051\,SVIP  FKBP1B  CALM2  INSIG1  HMGB1  CALM1  OAZ1  TXN  CALM3  OAZ2  NDFIP1  RACK1  VDAC1,5
0.0963129680939536\,23\,1271\,1.76357827476038\,GO:0060429 epithelium development\,http://amigo.geneontology.org/amigo/term/GO:0060429\,PSAP  AGT  BSG  AKR1C1  TUBB  CBFA2T2  PHGDH  CECR2  PTPRS  MSI1  NEUROD1  CTNNB1  SOX11  MARCKS  PGK1  VDAC1  EZR  ACTB  RTN4  ATP6AP2  ACTG1  ID2  RAB13,5
0.0963129680939536\,5\,121\,4.28571428571429\,GO:1901343 negative regulation of vasculature development\,http://amigo.geneontology.org/amigo/term/GO:1901343\,SERPINF1  GADD45A  AGT  CTNNB1  PGK1,5
0.0963129680939536\,5\,120\,4.28571428571429\,GO:2000181 negative regulation of blood vessel morphogenesis\,http://amigo.geneontology.org/amigo/term/GO:2000181\,SERPINF1  GADD45A  AGT  CTNNB1  PGK1,5
0.0990685980812266\,14\,756\,2.14012738853503\,GO:0030855 epithelial cell differentiation\,http://amigo.geneontology.org/amigo/term/GO:0030855\,PSAP  AKR1C1  TUBB  CBFA2T2  PTPRS  MSI1  NEUROD1  CTNNB1  SOX11  PGK1  VDAC1  EZR  ID2  RAB13,5
0.0990691138764194\,4\,143\,5.33333333333333\,GO:0030168 platelet activation\,http://amigo.geneontology.org/amigo/term/GO:0030168\,ACTB  ACTG1  CLIC1  PPIA,5
0.0990691138764194\,4\,152\,5.33333333333333\,GO:0055123 digestive system development\,http://amigo.geneontology.org/amigo/term/GO:0055123\,CBFA2T2  CTNNB1  SOX11  ID2,5
0.0990691138764194\,4\,120\,5.33333333333333\,GO:1902106 negative regulation of leukocyte differentiation\,http://amigo.geneontology.org/amigo/term/GO:1902106\,HMGB1  PRDX2  CTNNB1  ID2,5
0.0990691138764194\,4\,75\,5.33333333333333\,GO:1903036 positive regulation of response to wounding\,http://amigo.geneontology.org/amigo/term/GO:1903036\,XBP1  FKBP1B  PRDX2  ACTG1,5
0.0992307793880052\,9\,131\,2.7\,GO:0009206 purine ribonucleoside triphosphate biosynthetic process\,http://amigo.geneontology.org/amigo/term/GO:0009206\,ATP5F1E  SDHB  ATP5PF  NDUFB8  ATP5ME  ATP5MK  NDUFA11  ENO1  ALDOA,5
0.0992307793880052\,6\,272\,3.6\,GO:0030595 leukocyte chemotaxis\,http://amigo.geneontology.org/amigo/term/GO:0030595\,RPS19  PPIB  HMGB1  PPIA  BSG  CALR,5
0.0992307793880052\,36\,1563\,1.53191489361702\,GO:0120036 plasma membrane bounded cell projection organization\,http://amigo.geneontology.org/amigo/term/GO:0120036\,STMN4  ACTB  APLP2  DYNLL1  STMN2  APLP1  RAB3A  STMN1  EPS8L1  NREP  DRAXIN  GAP43  BSG  TUBB3  CBFA2T2  RTN4  ITM2C  HSPA5  VDAC3  CTTN  PHGDH  EZR  CECR2  PTPRS  FKBP1B  SERPINF1  AGT  UCHL1  SERPINI1  TUBB2B  RAB13  CCDC28B  CTNNB1  CFL1  SVBP  HMGB1,5
0.100864114351835\,10\,489\,2.52631578947368\,GO:0006874 cellular calcium ion homeostasis\,http://amigo.geneontology.org/amigo/term/GO:0006874\,FKBP1B  CALM2  CALM3  SMDT1  CALM1  HMGB1  AGT  GNG3  HSP90B1  CALR,5
0.101169937072363\,18\,551\,1.91150442477876\,GO:0031400 negative regulation of protein modification process\,http://amigo.geneontology.org/amigo/term/GO:0031400\,SVBP  XBP1  GTPBP4  FKBP1B  UCHL1  DBI  CTNNB1  NPM1  PPIA  GADD45A  RPL37  RACK1  BEX4  AGT  SET  CALM2  CALM3  CALM1,5
0.105531812344172\,9\,132\,2.66666666666667\,GO:0009145 purine nucleoside triphosphate biosynthetic process\,http://amigo.geneontology.org/amigo/term/GO:0009145\,ATP5F1E  SDHB  ATP5PF  NDUFB8  ATP5ME  ATP5MK  NDUFA11  ENO1  ALDOA,5
0.105893134383618\,82\,4823\,1.27378640776699\,GO:0006810 transport\,http://amigo.geneontology.org/amigo/term/GO:0006810\,ATP1B3  EZR  PLTP  RAB3A  FKBP1B  NDFIP1  SARAF  RAB1A  SRP14  RAB13  SRP9  CALM2  CALM3  FTH1  NSG1  SLC25A6  TRAPPC1  ARL6IP1  ATOX1  SVBP  NPM1  SMDT1  SVIP  CLIC1  VAMP2  HNRNPA1  NEUROD1  ATP6AP2  CALM1  XBP1  LAPTM4B  MFSD10  SRSF3  HNRNPA2B1  DBI  VDAC2  CTNNB1  BSG  GLRX  CALR  INSIG1  HMGB1  PSAP  VDAC1  GABARAPL2  HSPA5  ACTB  VDAC3  CTTN  FTL  TUSC3  OAZ1  APLP1  PTGDS  LGALS3BP  ATP5F1E  COX4I1  RTN3  YWHAQ  AGT  TXN  FXYD6  UCHL1  ATP5PF  ATP5ME  COX8A  SOX11  OAZ2  ACTG1  ATP6V1G2    TMEM14A  MAGED2  DYNLT1  HSP90B1  PPIA  RACK1  CECR2  TUBA1B  TUBA1A  AKR1C1  TUBB,5
0.105893134383618\,17\,482\,1.94285714285714\,GO:0019693 ribose phosphate metabolic process\,http://amigo.geneontology.org/amigo/term/GO:0019693\,PKM  ENO1  PGK1  ENO3  GAPDH  ATP5F1E  PAICS  ALDOA  SDHB  ATP5PF  NDUFB8  ATP5ME  ATP5MK  NDUFA11  PGAM1  AK1  TECR,5
0.105893134383618\,5\,204\,4.13793103448276\,GO:0051250 negative regulation of lymphocyte activation\,http://amigo.geneontology.org/amigo/term/GO:0051250\,HMGB1  NDFIP1  PRDX2  SOX11  ID2,5
0.105893134383618\,10\,508\,2.5\,GO:0055074 calcium ion homeostasis\,http://amigo.geneontology.org/amigo/term/GO:0055074\,FKBP1B  CALM2  CALM3  SMDT1  CALM1  HMGB1  AGT  GNG3  HSP90B1  CALR,5
0.106198100999927\,12\,509\,2.26771653543307\,GO:0052547 regulation of peptidase activity\,http://amigo.geneontology.org/amigo/term/GO:0052547\,SERPINF1  AGT  SERPINI1  CST3  GAPDH  ARL6IP1  HMGB1  APLP2  PRDX5  SVBP  RACK1  BEX3,5
0.108763499659613\,11\,427\,2.35714285714286\,GO:0010959 regulation of metal ion transport\,http://amigo.geneontology.org/amigo/term/GO:0010959\,FKBP1B  SARAF  CALM2  CALM3  CALM1  ATP1B3  CTNNB1  GLRX  AGT  VDAC1  VAMP2,5
0.108763499659613\,7\,176\,3.11111111111111\,GO:0034767 positive regulation of ion transmembrane transport\,http://amigo.geneontology.org/amigo/term/GO:0034767\,CALM3  ATP1B3  CALM2  GLRX  CALM1  AGT  ARL6IP1,5
0.108763499659613\,7\,220\,3.11111111111111\,GO:0072330 monocarboxylic acid biosynthetic process\,http://amigo.geneontology.org/amigo/term/GO:0072330\,HACD3  TECR  PTGDS  INSIG1    XBP1  GPX4,5
0.108763499659613\,17\,505\,1.93364928909953\,GO:0072521 purine-containing compound metabolic process\,http://amigo.geneontology.org/amigo/term/GO:0072521\,PKM  ENO1  PGK1  ENO3  GAPDH  ATP5F1E  PAICS  ALDOA  SDHB  ATP5PF  NDUFB8  ATP5ME  ATP5MK  NDUFA11  PGAM1  AK1  TECR,5
0.108763499659613\,14\,395\,2.1\,GO:2001233 regulation of apoptotic signaling pathway\,http://amigo.geneontology.org/amigo/term/GO:2001233\,SLC25A6  ENO1  XBP1  AGT  CTTN  ITM2C  VDAC2  PDIA3  PRDX2  CTNNB1  TMEM14A  GHITM  PPIA  RACK1,5
0.108866977987146\,9\,533\,2.63414634146341\,GO:0002683 negative regulation of immune system process\,http://amigo.geneontology.org/amigo/term/GO:0002683\,RPS19  HMGB1  HLA-A  NDFIP1  PRDX2  CTNNB1  EZR  SOX11  ID2,5
0.108866977987146\,9\,137\,2.63414634146341\,GO:0009201 ribonucleoside triphosphate biosynthetic process\,http://amigo.geneontology.org/amigo/term/GO:0009201\,ATP5F1E  SDHB  ATP5PF  NDUFB8  ATP5ME  ATP5MK  NDUFA11  ENO1  ALDOA,5
0.109209650842134\,4\,44\,5.05263157894737\,GO:0006739 NADP metabolic process\,http://amigo.geneontology.org/amigo/term/GO:0006739\,IDH1  IDH2  MDH1  PGAM1,5
0.109209650842134\,12\,258\,2.25\,GO:0009260 ribonucleotide biosynthetic process\,http://amigo.geneontology.org/amigo/term/GO:0009260\,ATP5F1E  PAICS  SDHB  ATP5PF  NDUFB8  ATP5ME  ATP5MK  NDUFA11  ENO1  AK1  ALDOA  TECR,5
0.109209650842134\,3\,29\,7.2\,GO:0010800 positive regulation of peptidyl-threonine phosphorylation\,http://amigo.geneontology.org/amigo/term/GO:0010800\,CALM2  CALM3  CALM1,5
0.109209650842134\,3\,23\,7.2\,GO:0032516 positive regulation of phosphoprotein phosphatase activity\,http://amigo.geneontology.org/amigo/term/GO:0032516\,CALM2  CALM3  CALM1,5
0.109209650842134\,3\,37\,7.2\,GO:0045730 respiratory burst\,http://amigo.geneontology.org/amigo/term/GO:0045730\,RPS19  PGAM1  PRDX2,5
0.109209650842134\,42\,2239\,1.45875542691751\,GO:0048468 cell development\,http://amigo.geneontology.org/amigo/term/GO:0048468\,STMN4  ACTB  APLP2  STMN2  APLP1  RAB3A  STMN1  NREP  DRAXIN  GAP43  BSG  TUBB3  CTNNB1  CBFA2T2  RPS19  RTN4  SERPINF1  ITM2C  HSPA5  PHGDH  CECR2  PTPRS  FKBP1B  NEUROD4  AGT  RAB1A  UCHL1  NEUROD1  SERPINI1  SOX11  ACTG1  EZR  TUBB2B  RAB13  CFL1  SVBP  CALR  CTTN  XBP1  ID2  DYNLT1  HMGB1,5
0.109209650842134\,8\,286\,2.82352941176471\,GO:0051924 regulation of calcium ion transport\,http://amigo.geneontology.org/amigo/term/GO:0051924\,FKBP1B  SARAF  CALM2  CALM3  CALM1  CTNNB1  AGT  VDAC1,5
0.109209650842134\,4\,124\,5.05263157894737\,GO:1903707 negative regulation of hemopoiesis\,http://amigo.geneontology.org/amigo/term/GO:1903707\,HMGB1  PRDX2  CTNNB1  ID2,5
0.109987327536101\,15\,568\,2.02247191011236\,GO:0010035 response to inorganic substance\,http://amigo.geneontology.org/amigo/term/GO:0010035\,PRDX2  SELENOW  HNRNPA1  CALM2  CALM3  CALM1  HSPA5  CUTA  FKBP1B  SERPINF1  BSG  CALR  ACTG1  RACK1  TXN,5
0.111131277148581\,25\,1516\,1.67597765363128\,GO:0006629 lipid metabolic process\,http://amigo.geneontology.org/amigo/term/GO:0006629\,MSMO1  IDI1  HACD3  FDFT1  TECR  ACAT2  EPHX1  EBP  TM7SF2  DBI  FDPS  DHCR7  INSIG1  AKR1C1  PSAP  PTGDS  MGST3  GPX4  PAFAH1B3  XBP1  PLTP  PLD3  IDH1    ID2,5
0.111795945533011\,12\,590\,2.23255813953488\,GO:1901615 organic hydroxy compound metabolic process\,http://amigo.geneontology.org/amigo/term/GO:1901615\,MSMO1  FDFT1  IDH1  EBP  TM7SF2  DHCR7  IDH2  INSIG1  AKR1C1  IDI1  PLTP  FDPS,5
0.111800148060933\,5\,125\,4\,GO:0002065 columnar/cuboidal epithelial cell differentiation\,http://amigo.geneontology.org/amigo/term/GO:0002065\,TUBB  CBFA2T2  NEUROD1  CTNNB1  SOX11,5
0.111800148060933\,10\,173\,2.44897959183673\,GO:0009141 nucleoside triphosphate metabolic process\,http://amigo.geneontology.org/amigo/term/GO:0009141\,AK1  ATP5F1E  SDHB  ATP5PF  NDUFB8  ATP5ME  ATP5MK  NDUFA11  ENO1  ALDOA,5
0.111800148060933\,40\,3073\,1.47013782542113\,GO:0009605 response to external stimulus\,http://amigo.geneontology.org/amigo/term/GO:0009605\,GABARAPL2  DRAXIN  MFAP4  GAP43  BSG  TUBB3  HSPA5  ASNS  XBP1  RPS19  GAPDH  RPL13A  PPIB  HMGB1  PPIA  RPL39  HLA-A  PTPRS  FKBP1B  NDFIP1  SERPINF1  AGT  RAB13  GPX4  PRDX2  CALR  SSTR2  ACTG1  PPP1CB  ENO1  GADD45A  STMN1  CFL1  HNRNPA1  TUBB2B  RAB1A  ID2  TUBB4B  TUBB  CTNNB1,5
0.111800148060933\,5\,93\,4\,GO:1904063 negative regulation of cation transmembrane transport\,http://amigo.geneontology.org/amigo/term/GO:1904063\,FKBP1B  CALM2  CALM1  CALM3  VDAC1,5
0.112151889040594\,25\,1083\,1.67130919220056\,GO:0019637 organophosphate metabolic process\,http://amigo.geneontology.org/amigo/term/GO:0019637\,IDI1  PKM  ENO1  FDFT1  PGK1  AK1  ENO3  GAPDH  ATP5F1E  PAICS  ALDOA  FDPS  SDHB  ATP5PF  NDUFB8  ATP5ME  ATP5MK  NDUFA11  DBI  PGAM1  IDH1  AFMID  TECR  XBP1  GPX4,5
0.112151889040594\,36\,1606\,1.50785340314136\,GO:0030030 cell projection organization\,http://amigo.geneontology.org/amigo/term/GO:0030030\,STMN4  ACTB  APLP2  DYNLL1  STMN2  APLP1  RAB3A  STMN1  EPS8L1  NREP  DRAXIN  GAP43  BSG  TUBB3  CBFA2T2  RTN4  ITM2C  HSPA5  VDAC3  CTTN  PHGDH  EZR  CECR2  PTPRS  FKBP1B  SERPINF1  AGT  UCHL1  CCDC28B  SERPINI1  TUBB2B  RAB13  CTNNB1  CFL1  SVBP  HMGB1,5
0.11497297989304\,66\,4103\,1.31670822942643\,GO:0065008 regulation of biological quality\,http://amigo.geneontology.org/amigo/term/GO:0065008\,ACTB  ACTG1  CLIC1  TMSB10  ATP1B3  CTTN  FTL  EZR  RAB3A  FKBP1B  PRDX5  CALM2  CALM3  PRDX2  FTH1  SLC25A6  DHCR7  SMDT1  AKR1C1  MLLT11  NEUROD1  ATP6AP2  CALM1  CIRBP  XBP1  GTPBP4  RTN4  TXN  ALDOA  BSG  GLRX  INSIG1  HMGB1  RACK1  PTPRS  DSTN  SERPINF1  AGT  GNG3  DRAXIN  TUBA1A  CTNNB1  NSG1  SOX11  ATOX1  CALR  NPM1  TUBB  PPIA  MDM4  RPS5  HACD3  TMEM14A  LAPTM4B  RPS19  STMN1  NDFIP1  RAB1A  DYNLT1  VDAC2  PPIB  CFL1  GAPDH  ID2  VAMP2  HSP90B1,5
0.115206309551807\,12\,269\,2.21538461538462\,GO:0006164 purine nucleotide biosynthetic process\,http://amigo.geneontology.org/amigo/term/GO:0006164\,ATP5F1E  PAICS  SDHB  ATP5PF  NDUFB8  ATP5ME  ATP5MK  NDUFA11  ENO1  AK1  ALDOA  TECR,5
0.117593221381942\,10\,388\,2.42424242424242\,GO:0045861 negative regulation of proteolysis\,http://amigo.geneontology.org/amigo/term/GO:0045861\,SERPINF1  AGT  SERPINI1  SVIP  CST3  GAPDH  ARL6IP1  APLP2  PRDX5  GABARAPL2,5
0.118847150406705\,13\,334\,2.12244897959184\,GO:0009165 nucleotide biosynthetic process\,http://amigo.geneontology.org/amigo/term/GO:0009165\,ATP5F1E  PAICS  SDHB  ATP5PF  NDUFB8  ATP5ME  ATP5MK  NDUFA11  ENO1  AK1  AFMID  ALDOA  TECR,5
0.118847150406705\,13\,337\,2.12244897959184\,GO:1901293 nucleoside phosphate biosynthetic process\,http://amigo.geneontology.org/amigo/term/GO:1901293\,AK1  ATP5F1E  PAICS  SDHB  ATP5PF  NDUFB8  ATP5ME  ATP5MK  NDUFA11  ENO1  AFMID  ALDOA  TECR,5
0.119998332750769\,19\,831\,1.81673306772908\,GO:0030162 regulation of proteolysis\,http://amigo.geneontology.org/amigo/term/GO:0030162\,NEDD8  SERPINF1  AGT  SERPINI1  SVIP  CST3  GAPDH  ARL6IP1  SUMO2  HMGB1  RACK1  APLP2  PRDX5  GABARAPL2  ENO1  SVBP  ELOB  XBP1  BEX3,5
0.119998332750769\,20\,514\,1.78438661710037\,GO:0034248 regulation of cellular amide metabolic process\,http://amigo.geneontology.org/amigo/term/GO:0034248\,RPL13A  CIRBP  EIF4G2  GAPDH  RTN4  RTN3  RTN1  PGAM1  EIF1  CALR  NPM1  PKM  APLP1  NGDN  SRP9  RPL10  SELENOW  RACK1  EIF1B  EIF4A2,5
0.120176845896345\,8\,250\,2.74285714285714\,GO:0009636 response to toxic substance\,http://amigo.geneontology.org/amigo/term/GO:0009636\,PRDX2  PRDX5  TXN  MGST3  EPHX1  GPX4  GLRX  SELENOW,5
0.120176845896345\,15\,352\,1.98895027624309\,GO:0015980 energy derivation by oxidation of organic compounds\,http://amigo.geneontology.org/amigo/term/GO:0015980\,MDH1  SDHB  ATP5F1E  COX4I1  COX6C  NDUFB8  NDUFA11  COX8A  ATP5PF  ATP5ME  IDH1  IDH2  PPP1CB    GHITM,5
0.121103454775835\,5\,277\,3.87096774193548\,GO:0001906 cell killing\,http://amigo.geneontology.org/amigo/term/GO:0001906\,RPS19  GAPDH  HLA-A  TUBB4B  TUBB,5
0.121103454775835\,4\,64\,4.8\,GO:0010596 negative regulation of endothelial cell migration\,http://amigo.geneontology.org/amigo/term/GO:0010596\,HMGB1  GADD45A  SERPINF1  SVBP,5
0.121103454775835\,4\,104\,4.8\,GO:0034109 homotypic cell-cell adhesion\,http://amigo.geneontology.org/amigo/term/GO:0034109\,ACTB  ACTG1  CLIC1  PPIA,5
0.121103454775835\,5\,79\,3.87096774193548\,GO:0043666 regulation of phosphoprotein phosphatase activity\,http://amigo.geneontology.org/amigo/term/GO:0043666\,FKBP1B  CALM2  CALM3  HSP90B1  CALM1,5
0.121103454775835\,5\,100\,3.87096774193548\,GO:0061337 cardiac conduction\,http://amigo.geneontology.org/amigo/term/GO:0061337\,CALM2  CALM3  CALM1  AGT  FKBP1B,5
0.121103454775835\,4\,149\,4.8\,GO:1990266 neutrophil migration\,http://amigo.geneontology.org/amigo/term/GO:1990266\,PPIB  PPIA  BSG  RTN4,5
0.122804540535942\,2\,27\,12\,GO:0002418 immune response to tumor cell\,http://amigo.geneontology.org/amigo/term/GO:0002418\,HLA-A  HMGB1,5
0.122804540535942\,10\,540\,2.35294117647059\,GO:0006820 anion transport\,http://amigo.geneontology.org/amigo/term/GO:0006820\,SLC25A6  CLIC1  MFSD10  VDAC2  PSAP  VDAC1  VDAC3  AGT  ARL6IP1  AKR1C1,5
0.122804540535942\,7\,342\,2.89655172413793\,GO:0007204 positive regulation of cytosolic calcium ion concentration\,http://amigo.geneontology.org/amigo/term/GO:0007204\,FKBP1B  CALM2  CALM3  CALM1  HMGB1  AGT  GNG3,5
0.122804540535942\,2\,11\,12\,GO:0009950 dorsal/ventral axis specification\,http://amigo.geneontology.org/amigo/term/GO:0009950\,CTNNB1  MDFI,5
0.122804540535942\,3\,43\,6.54545454545454\,GO:0010559 regulation of glycoprotein biosynthetic process\,http://amigo.geneontology.org/amigo/term/GO:0010559\,ITM2C  ITM2B  CTNNB1,5
0.122804540535942\,2\,8\,12\,GO:0015846 polyamine transport\,http://amigo.geneontology.org/amigo/term/GO:0015846\,OAZ1  OAZ2,5
0.122804540535942\,2\,23\,12\,GO:0015874 norepinephrine transport\,http://amigo.geneontology.org/amigo/term/GO:0015874\, AGT  ACTB,5
0.122804540535942\,7\,173\,2.94736842105263\,GO:0016052 carbohydrate catabolic process\,http://amigo.geneontology.org/amigo/term/GO:0016052\,PKM  ENO1  PGK1  ENO3  GAPDH  ALDOA  PGAM1,5
0.122804540535942\,2\,4\,12\,GO:0030043 actin filament fragmentation\,http://amigo.geneontology.org/amigo/term/GO:0030043\,DSTN  CFL1,5
0.122804540535942\,3\,52\,6.54545454545454\,GO:0030850 prostate gland development\,http://amigo.geneontology.org/amigo/term/GO:0030850\,PSAP  SERPINF1  CTNNB1,5
0.122804540535942\,8\,152\,2.70422535211268\,GO:0031333 negative regulation of protein-containing complex assembly\,http://amigo.geneontology.org/amigo/term/GO:0031333\,TMSB10  SVIP  STMN2  RPL13A  HMGB1  STMN1  VDAC2  HSPA5,5
0.122804540535942\,2\,28\,12\,GO:0031639 plasminogen activation\,http://amigo.geneontology.org/amigo/term/GO:0031639\,ENO1  PGK1,5
0.122804540535942\,3\,45\,6.54545454545454\,GO:0031952 regulation of protein autophosphorylation\,http://amigo.geneontology.org/amigo/term/GO:0031952\,CALM2  CALM3  CALM1,5
0.122804540535942\,2\,8\,12\,GO:0032071 regulation of endodeoxyribonuclease activity\,http://amigo.geneontology.org/amigo/term/GO:0032071\,NPM1  HMGB1,5
0.122804540535942\,2\,4\,12\,GO:0033489 cholesterol biosynthetic process via desmosterol\,http://amigo.geneontology.org/amigo/term/GO:0033489\,EBP  DHCR7,5
0.122804540535942\,2\,4\,12\,GO:0033490 cholesterol biosynthetic process via lathosterol\,http://amigo.geneontology.org/amigo/term/GO:0033490\,EBP  DHCR7,5
0.122804540535942\,2\,26\,12\,GO:0034104 negative regulation of tissue remodeling\,http://amigo.geneontology.org/amigo/term/GO:0034104\,AGT  CST3,5
0.122804540535942\,5\,100\,3.75\,GO:0034766 negative regulation of ion transmembrane transport\,http://amigo.geneontology.org/amigo/term/GO:0034766\,FKBP1B  CALM2  CALM1  CALM3  VDAC1,5
0.122804540535942\,2\,12\,12\,GO:0035881 amacrine cell differentiation\,http://amigo.geneontology.org/amigo/term/GO:0035881\,NEUROD4  NEUROD1,5
0.122804540535942\,2\,37\,12\,GO:0036336 dendritic cell migration\,http://amigo.geneontology.org/amigo/term/GO:0036336\,CALR  HMGB1,5
0.122804540535942\,2\,24\,12\,GO:0040019 positive regulation of embryonic development\,http://amigo.geneontology.org/amigo/term/GO:0040019\,CFL1  RACK1,5
0.122804540535942\,66\,4821\,1.30693069306931\,GO:0042221 response to chemical\,http://amigo.geneontology.org/amigo/term/GO:0042221\,HSPA5  PKM  XBP1  PRDX5  NREP  RAB13  DRAXIN  HSP90B1  PRDX2  GSTA4  GAP43  BSG  SELENOW  CALR  SSTR2  INSIG1  SVIP  TUBB3  ENO1  PGK1  STMN2  APLP1  RPS19  GAPDH  HNRNPA1  AGT  RPL13A  CALM2  EEF1A1  CALM3  PPIB  CTNNB1  NPM1  AKR1C1  HMGB1  PPIA  CALM1  RACK1  PTGDS  SRSF3  CUTA  RPN2  FKBP1B  TUBA1B  SERPINF1  MSI1  TXN  IDH1  MGST3  EPHX1  UCHL1  EIF4A2  NEUROD1  PDIA3  GPX4  NSG1  GLRX  RPL15  SOX11  ACTG1  MDM4  ACTB  EZR  TUBB2B  RTN4  VAMP2,5
0.122804540535942\,2\,7\,12\,GO:0042985 negative regulation of amyloid precursor protein biosynthetic process\,http://amigo.geneontology.org/amigo/term/GO:0042985\,ITM2C  ITM2B,5
0.122804540535942\,8\,235\,2.66666666666667\,GO:0043542 endothelial cell migration\,http://amigo.geneontology.org/amigo/term/GO:0043542\,AGT  BSG  HMGB1  GADD45A  SERPINF1  RAB13  SVBP  CALR,5
0.122804540535942\,2\,6\,12\,GO:0045338 farnesyl diphosphate metabolic process\,http://amigo.geneontology.org/amigo/term/GO:0045338\,FDFT1  FDPS,5
0.122804540535942\,3\,59\,6.54545454545454\,GO:0045620 negative regulation of lymphocyte differentiation\,http://amigo.geneontology.org/amigo/term/GO:0045620\,HMGB1  PRDX2  ID2,5
0.122804540535942\,12\,265\,2.18181818181818\,GO:0046390 ribose phosphate biosynthetic process\,http://amigo.geneontology.org/amigo/term/GO:0046390\,ATP5F1E  PAICS  SDHB  ATP5PF  NDUFB8  ATP5ME  ATP5MK  NDUFA11  ENO1  AK1  ALDOA  TECR,5
0.122804540535942\,2\,8\,12\,GO:0046836 glycolipid transport\,http://amigo.geneontology.org/amigo/term/GO:0046836\, PLTP  PSAP,5
0.122804540535942\,8\,448\,2.70422535211268\,GO:0050900 leukocyte migration\,http://amigo.geneontology.org/amigo/term/GO:0050900\,PODXL2  RPS19  PPIB  HMGB1  PPIA  BSG  CALR  RTN4,5
0.122804540535942\,2\,15\,12\,GO:0051238 sequestering of metal ion\,http://amigo.geneontology.org/amigo/term/GO:0051238\,FTL  FTH1,5
0.122804540535942\,2\,8\,12\,GO:0051901 positive regulation of mitochondrial depolarization\,http://amigo.geneontology.org/amigo/term/GO:0051901\,MLLT11  RACK1,5
0.122804540535942\,11\,480\,2.25641025641026\,GO:0052548 regulation of endopeptidase activity\,http://amigo.geneontology.org/amigo/term/GO:0052548\,SERPINF1  AGT  SERPINI1  GAPDH  ARL6IP1  HMGB1  APLP2  CST3  PRDX5  RACK1  BEX3,5
0.122804540535942\,2\,25\,12\,GO:0060571 morphogenesis of an epithelial fold\,http://amigo.geneontology.org/amigo/term/GO:0060571\,CECR2  CTNNB1,5
0.122804540535942\,2\,11\,12\,GO:0060742 epithelial cell differentiation involved in prostate gland development\,http://amigo.geneontology.org/amigo/term/GO:0060742\,PSAP  CTNNB1,5
0.122804540535942\,2\,11\,12\,GO:0060767 epithelial cell proliferation involved in prostate gland development\,http://amigo.geneontology.org/amigo/term/GO:0060767\,SERPINF1  CTNNB1,5
0.122804540535942\,2\,10\,12\,GO:0060768 regulation of epithelial cell proliferation involved in prostate gland development\,http://amigo.geneontology.org/amigo/term/GO:0060768\,SERPINF1  CTNNB1,5
0.122804540535942\,12\,280\,2.14925373134328\,GO:0072522 purine-containing compound biosynthetic process\,http://amigo.geneontology.org/amigo/term/GO:0072522\,ATP5F1E  PAICS  SDHB  ATP5PF  NDUFB8  ATP5ME  ATP5MK  NDUFA11  ENO1  AK1  ALDOA  TECR,5
0.122804540535942\,8\,239\,2.66666666666667\,GO:0090257 regulation of muscle system process\,http://amigo.geneontology.org/amigo/term/GO:0090257\,FKBP1B  CALM2  CALM3  CALM1  AGT  SSTR2  ENO1  CTTN,5
0.122804540535942\,3\,21\,6.54545454545454\,GO:1902992 negative regulation of amyloid precursor protein catabolic process\,http://amigo.geneontology.org/amigo/term/GO:1902992\,RTN4  RTN3  RTN1,5
0.122804540535942\,2\,13\,12\,GO:1904754 positive regulation of vascular associated smooth muscle cell migration\,http://amigo.geneontology.org/amigo/term/GO:1904754\,XBP1  AGT,5
0.122804540535942\,2\,7\,12\,GO:1990791 dorsal root ganglion development\,http://amigo.geneontology.org/amigo/term/GO:1990791\,TUBB3  CTNNB1,5
0.122804540535942\,2\,11\,12\,GO:2000347 positive regulation of hepatocyte proliferation\,http://amigo.geneontology.org/amigo/term/GO:2000347\,XBP1  RTN4,5
0.123356866031083\,17\,942\,1.85454545454545\,GO:0098660 inorganic ion transmembrane transport\,http://amigo.geneontology.org/amigo/term/GO:0098660\,ATP1B3  FKBP1B  CALM2  CALM3  SMDT1  ATP6AP2  CALM1  GLRX  TUSC3  COX4I1  ATP5PF  ATP5ME  COX8A  CLIC1  ATP6V1G2  VDAC1  VAMP2,5
0.124641012386197\,4\,49\,4.57142857142857\,GO:0035307 positive regulation of protein dephosphorylation\,http://amigo.geneontology.org/amigo/term/GO:0035307\,CALM2  CALM3  CALM1  PPIA,5
0.124641012386197\,4\,63\,4.57142857142857\,GO:0086065 cell communication involved in cardiac conduction\,http://amigo.geneontology.org/amigo/term/GO:0086065\,CALM2  CALM3  CALM1  FKBP1B,5
0.126841015584107\,10\,531\,2.33009708737864\,GO:0072503 cellular divalent inorganic cation homeostasis\,http://amigo.geneontology.org/amigo/term/GO:0072503\,FKBP1B  CALM2  CALM3  SMDT1  CALM1  HMGB1  AGT  GNG3  HSP90B1  CALR,5
0.129039424566873\,8\,501\,2.63013698630137\,GO:0002443 leukocyte mediated immunity\,http://amigo.geneontology.org/amigo/term/GO:0002443\,HLA-A  PTGDS  NDFIP1    VAMP2  HMGB1  TUBB4B  TUBB,5
0.129641138740757\,9\,145\,2.45454545454545\,GO:0009205 purine ribonucleoside triphosphate metabolic process\,http://amigo.geneontology.org/amigo/term/GO:0009205\,ATP5F1E  SDHB  ATP5PF  NDUFB8  ATP5ME  ATP5MK  NDUFA11  ENO1  ALDOA,5
0.131451140262664\,7\,181\,2.84745762711864\,GO:0010594 regulation of endothelial cell migration\,http://amigo.geneontology.org/amigo/term/GO:0010594\,AGT  BSG  HMGB1  GADD45A  SERPINF1  SVBP  CALR,5
0.131868336918423\,18\,578\,1.8\,GO:0009117 nucleotide metabolic process\,http://amigo.geneontology.org/amigo/term/GO:0009117\,PKM  ENO1  PGK1  AK1  ENO3  GAPDH  ATP5F1E  PAICS  ALDOA  SDHB  ATP5PF  NDUFB8  ATP5ME  ATP5MK  NDUFA11  PGAM1  AFMID  TECR,5
0.133393792473384\,5\,235\,3.63636363636364\,GO:0002695 negative regulation of leukocyte activation\,http://amigo.geneontology.org/amigo/term/GO:0002695\,HMGB1  NDFIP1  PRDX2  SOX11  ID2,5
0.133393792473384\,20\,958\,1.73285198555957\,GO:0014070 response to organic cyclic compound\,http://amigo.geneontology.org/amigo/term/GO:0014070\,SSTR2  INSIG1  APLP1  HSP90B1  CTNNB1  CALR  NPM1  HSPA5  PTGDS  FKBP1B  SERPINF1  AGT  IDH1  EPHX1  CALM3  GPX4  NSG1  BSG  ACTB  EZR,5
0.133393792473384\,5\,257\,3.63636363636364\,GO:0050866 negative regulation of cell activation\,http://amigo.geneontology.org/amigo/term/GO:0050866\,HMGB1  NDFIP1  PRDX2  SOX11  ID2,5
0.135672724458278\,18\,588\,1.79253112033195\,GO:0006753 nucleoside phosphate metabolic process\,http://amigo.geneontology.org/amigo/term/GO:0006753\,PKM  ENO1  PGK1  AK1  ENO3  GAPDH  ATP5F1E  PAICS  ALDOA  SDHB  ATP5PF  NDUFB8  ATP5ME  ATP5MK  NDUFA11  PGAM1  AFMID  TECR,5
0.136105648509282\,6\,218\,3.1304347826087\,GO:0050679 positive regulation of epithelial cell proliferation\,http://amigo.geneontology.org/amigo/term/GO:0050679\,MYDGF  CTNNB1  SOX11  RTN4  HMGB1  XBP1,5
0.136105648509282\,52\,3300\,1.35357917570499\,GO:0070887 cellular response to chemical stimulus\,http://amigo.geneontology.org/amigo/term/GO:0070887\,HSPA5  PKM  XBP1  PRDX5  NREP  RAB13  PRDX2  GSTA4  SSTR2  INSIG1  ENO1  PGK1  STMN2  APLP1  RPS19  GAPDH  HNRNPA1  AGT  RPL13A  EEF1A1  HSP90B1  PPIB  CTNNB1  CALR  NPM1  AKR1C1  HMGB1  PPIA  RACK1  SRSF3  FKBP1B  TUBA1B  SERPINF1  TXN  MGST3  UCHL1  EIF4A2  NEUROD1  PDIA3  GPX4  NSG1  GLRX  SOX11  SELENOW  ACTG1  MDM4  ACTB  EZR  BSG  RTN4  VAMP2  EPHX1,5
0.136105648509282\,6\,160\,3.1304347826087\,GO:1904064 positive regulation of cation transmembrane transport\,http://amigo.geneontology.org/amigo/term/GO:1904064\,CALM3  ATP1B3  CALM2  GLRX  CALM1  AGT,5
0.137987863407576\,11\,511\,2.18181818181818\,GO:0034765 regulation of ion transmembrane transport\,http://amigo.geneontology.org/amigo/term/GO:0034765\,FKBP1B  CALM2  CALM3  CALM1  ATP1B3  GLRX  AGT  ARL6IP1  CLIC1  VDAC1  VAMP2,5
0.137987863407576\,10\,558\,2.28571428571429\,GO:0072507 divalent inorganic cation homeostasis\,http://amigo.geneontology.org/amigo/term/GO:0072507\,FKBP1B  CALM2  CALM3  SMDT1  CALM1  HMGB1  AGT  GNG3  HSP90B1  CALR,5
0.137987863407576\,16\,840\,1.86407766990291\,GO:0098662 inorganic cation transmembrane transport\,http://amigo.geneontology.org/amigo/term/GO:0098662\,ATP1B3  FKBP1B  CALM2  CALM3  SMDT1  ATP6AP2  CALM1  GLRX  TUSC3  COX4I1  ATP5PF  ATP5ME  COX8A  ATP6V1G2  VDAC1  VAMP2,5
0.137987863407576\,10\,250\,2.28571428571429\,GO:2001234 negative regulation of apoptotic signaling pathway\,http://amigo.geneontology.org/amigo/term/GO:2001234\,SLC25A6  ENO1  XBP1  CTTN  VDAC2  PRDX2  CTNNB1  TMEM14A  GHITM  PPIA,5
0.138093525447497\,7\,377\,2.8\,GO:0051480 regulation of cytosolic calcium ion concentration\,http://amigo.geneontology.org/amigo/term/GO:0051480\,FKBP1B  CALM2  CALM3  CALM1  HMGB1  AGT  GNG3,5
0.138093525447497\,3\,60\,6\,GO:0060688 regulation of morphogenesis of a branching structure\,http://amigo.geneontology.org/amigo/term/GO:0060688\,AGT  RTN4  CTNNB1,5
0.138093525447497\,3\,36\,6\,GO:0070670 response to interleukin-4\,http://amigo.geneontology.org/amigo/term/GO:0070670\,HSPA5  TUBA1B  XBP1,5
0.138093525447497\,3\,33\,6\,GO:0071353 cellular response to interleukin-4\,http://amigo.geneontology.org/amigo/term/GO:0071353\,HSPA5  TUBA1B  XBP1,5
0.138093525447497\,3\,62\,6\,GO:0090303 positive regulation of wound healing\,http://amigo.geneontology.org/amigo/term/GO:0090303\,XBP1  PRDX2  ACTG1,5
0.138093525447497\,3\,20\,6\,GO:1900102 negative regulation of endoplasmic reticulum unfolded protein response\,http://amigo.geneontology.org/amigo/term/GO:1900102\,XBP1  HSPA5  RACK1,5
0.139450711790956\,9\,140\,2.4\,GO:0006413 translational initiation\,http://amigo.geneontology.org/amigo/term/GO:0006413\,EIF3A  EIF4A2  MCTS1  RPS5  EIF4G2  RPL13A  EIF1  NPM1  EIF1B,5
0.139450711790956\,9\,150\,2.4\,GO:0009144 purine nucleoside triphosphate metabolic process\,http://amigo.geneontology.org/amigo/term/GO:0009144\,ATP5F1E  SDHB  ATP5PF  NDUFB8  ATP5ME  ATP5MK  NDUFA11  ENO1  ALDOA,5
0.139450711790956\,9\,152\,2.4\,GO:0009199 ribonucleoside triphosphate metabolic process\,http://amigo.geneontology.org/amigo/term/GO:0009199\,ATP5F1E  SDHB  ATP5PF  NDUFB8  ATP5ME  ATP5MK  NDUFA11  ENO1  ALDOA,5
0.139450711790956\,19\,1002\,1.74712643678161\,GO:0051093 negative regulation of developmental process\,http://amigo.geneontology.org/amigo/term/GO:0051093\,SERPINF1  ACTB  RTN4  CALR  HMGB1  PTPRS  GADD45A  NDFIP1  AGT  DRAXIN  PRDX2  CTNNB1  SOX11  INSIG1  CST3  PGK1  XBP1  ID2  DYNLT1,5
0.14394714797399\,6\,114\,3.06382978723404\,GO:0035304 regulation of protein dephosphorylation\,http://amigo.geneontology.org/amigo/term/GO:0035304\,FKBP1B  CALM2  CALM3  HSP90B1  CALM1  PPIA,5
0.14394714797399\,6\,271\,3.06382978723404\,GO:0042098 T cell proliferation\,http://amigo.geneontology.org/amigo/term/GO:0042098\,HLA-A  FKBP1B  NDFIP1  PRDX2  CTNNB1  HMGB1,5
0.144791810000152\,14\,452\,1.94219653179191\,GO:0007409 axonogenesis\,http://amigo.geneontology.org/amigo/term/GO:0007409\,ACTB  APLP2  APLP1  RAB3A  DRAXIN  GAP43  BSG  TUBB3  RTN4  PTPRS  STMN1  UCHL1  TUBB2B  CTTN,5
0.144791810000152\,83\,4987\,1.23803604723431\,GO:0051234 establishment of localization\,http://amigo.geneontology.org/amigo/term/GO:0051234\,ATP1B3  EZR  PLTP  RAB3A  FKBP1B  NDFIP1  SARAF  RAB1A  SRP14  RAB13  SRP9  CALM2  CALM3  FTH1  NSG1  SLC25A6  TRAPPC1  ARL6IP1  ATOX1  SVBP  NPM1  SMDT1  SVIP  CLIC1  VAMP2  HNRNPA1  NEUROD1  ATP6AP2  CALM1  XBP1  LAPTM4B  MFSD10  SRSF3  HNRNPA2B1  DBI  VDAC2  CTNNB1  BSG  GLRX  CALR  INSIG1  HMGB1  PSAP  VDAC1  GABARAPL2  HSPA5  ACTB  VDAC3  CTTN  FTL  TUSC3  OAZ1  APLP1  PTGDS  LGALS3BP  ATP5F1E  COX4I1  RTN3  YWHAQ  AGT  TXN  FXYD6  UCHL1  ATP5PF  ATP5ME  COX8A  SOX11  OAZ2  ACTG1  ATP6V1G2    TMEM14A  MAGED2  DYNLT1  HSP90B1  PPIA  RACK1  CFL1  CECR2  TUBA1B  TUBA1A  AKR1C1  TUBB,5
0.14605509927207\,25\,1151\,1.59574468085106\,GO:1901135 carbohydrate derivative metabolic process\,http://amigo.geneontology.org/amigo/term/GO:1901135\,PKM  ENO1  PGK1  ENO3  GAPDH  RPN2  ATP5F1E  PAICS  ITM2C  ITM2B  ALDOA  AKR1C1  SDHB  ATP5PF  NDUFB8  ATP5ME  ATP5MK  NDUFA11  PGAM1  TUSC3  AK1  RAB1A  CST3  CTNNB1  TECR,5
0.152531296514115\,19\,660\,1.72727272727273\,GO:0055086 nucleobase-containing small molecule metabolic process\,http://amigo.geneontology.org/amigo/term/GO:0055086\,PKM  ENO1  PGK1  AK1  ENO3  GAPDH  ATP5F1E  PAICS  ALDOA  SDHB  ATP5PF  NDUFB8  ATP5ME  ATP5MK  NDUFA11  PGAM1  AFMID  TECR  GLRX,5
0.15395731581308\,4\,34\,4.17391304347826\,GO:0006099 tricarboxylic acid cycle\,http://amigo.geneontology.org/amigo/term/GO:0006099\,MDH1  SDHB  IDH1  IDH2,5
0.15395731581308\,4\,73\,4.17391304347826\,GO:0006749 glutathione metabolic process\,http://amigo.geneontology.org/amigo/term/GO:0006749\,GSTA4  IDH1  GPX4  CLIC1,5
0.15395731581308\,4\,111\,4.17391304347826\,GO:0006939 smooth muscle contraction\,http://amigo.geneontology.org/amigo/term/GO:0006939\,FKBP1B  AGT  SSTR2  CTTN,5
0.15395731581308\,7\,92\,2.70967741935484\,GO:0015986 proton motive force-driven ATP synthesis\,http://amigo.geneontology.org/amigo/term/GO:0015986\,ATP5F1E  SDHB  ATP5PF  NDUFB8  ATP5ME  ATP5MK  NDUFA11,5
0.15395731581308\,4\,52\,4.17391304347826\,GO:0031103 axon regeneration\,http://amigo.geneontology.org/amigo/term/GO:0031103\,NREP  GAP43  PTPRS  FKBP1B,5
0.15395731581308\,4\,78\,4.17391304347826\,GO:0032413 negative regulation of ion transmembrane transporter activity\,http://amigo.geneontology.org/amigo/term/GO:0032413\,FKBP1B  CALM2  CALM1  CALM3,5
0.15395731581308\,4\,55\,4.17391304347826\,GO:0042149 cellular response to glucose starvation\,http://amigo.geneontology.org/amigo/term/GO:0042149\,HSPA5  ASNS  HNRNPA1  XBP1,5
0.15395731581308\,6\,153\,3\,GO:0050768 negative regulation of neurogenesis\,http://amigo.geneontology.org/amigo/term/GO:0050768\,RTN4  PTPRS  DRAXIN  CTNNB1  SOX11  DYNLT1,5
0.154118448131594\,5\,246\,3.42857142857143\,GO:0007596 blood coagulation\,http://amigo.geneontology.org/amigo/term/GO:0007596\,ACTB  ACTG1  CLIC1  PRDX2  PPIA,5
0.154118448131594\,33\,1992\,1.47486033519553\,GO:0040011 locomotion\,http://amigo.geneontology.org/amigo/term/GO:0040011\,TMSB10  ACTB  PODXL2  DSTN  TUBB2A  TUBB2B  DRAXIN  GAP43  BSG  CFL1  TUBB3  XBP1  RPS19  GTPBP4  RTN4  AGT  PPIB  HMGB1  PPIA  RACK1  CTTN  PLTP  GADD45A  NEUROD4  SERPINF1  RAB1A  RAB13  CTNNB1  SVBP  HSPA5  BEX4  CALR  ACTG1,5
0.154118448131594\,5\,172\,3.42857142857143\,GO:1903034 regulation of response to wounding\,http://amigo.geneontology.org/amigo/term/GO:1903034\,XBP1  PTPRS  FKBP1B  PRDX2  ACTG1,5
0.159652368506787\,11\,555\,2.0952380952381\,GO:0001525 angiogenesis\,http://amigo.geneontology.org/amigo/term/GO:0001525\,MYDGF  SERPINF1  XBP1  RTN4  GADD45A  AGT  CTNNB1  BSG  PKM  PGK1  ACTG1,5
0.159652368506787\,2\,40\,9.6\,GO:0001990 regulation of systemic arterial blood pressure by hormone\,http://amigo.geneontology.org/amigo/term/GO:0001990\,ATP6AP2  AGT,5
0.159652368506787\,2\,9\,9.6\,GO:0002176 male germ cell proliferation\,http://amigo.geneontology.org/amigo/term/GO:0002176\,PTGDS  UCHL1,5
0.159652368506787\,2\,15\,9.6\,GO:0002679 respiratory burst involved in defense response\,http://amigo.geneontology.org/amigo/term/GO:0002679\,RPS19  PRDX2,5
0.159652368506787\,2\,26\,9.6\,GO:0003081 regulation of systemic arterial blood pressure by renin-angiotensin\,http://amigo.geneontology.org/amigo/term/GO:0003081\,ATP6AP2  AGT,5
0.159652368506787\,2\,6\,9.6\,GO:0006102 isocitrate metabolic process\,http://amigo.geneontology.org/amigo/term/GO:0006102\,IDH1  IDH2,5
0.159652368506787\,3\,24\,5.53846153846154\,GO:0006123 mitochondrial electron transport cytochrome c to oxygen\,http://amigo.geneontology.org/amigo/term/GO:0006123\,COX4I1  COX6C  COX8A,5
0.159652368506787\,3\,50\,5.53846153846154\,GO:0006692 prostanoid metabolic process\,http://amigo.geneontology.org/amigo/term/GO:0006692\,AKR1C1  PTGDS,5
0.159652368506787\,3\,50\,5.53846153846154\,GO:0006693 prostaglandin metabolic process\,http://amigo.geneontology.org/amigo/term/GO:0006693\,AKR1C1  PTGDS,5
0.159652368506787\,2\,12\,9.6\,GO:0010561 negative regulation of glycoprotein biosynthetic process\,http://amigo.geneontology.org/amigo/term/GO:0010561\,ITM2C  ITM2B,5
0.159652368506787\,3\,39\,5.53846153846154\,GO:0010922 positive regulation of phosphatase activity\,http://amigo.geneontology.org/amigo/term/GO:0010922\,CALM2  CALM3  CALM1,5
0.159652368506787\,2\,72\,9.6\,GO:0019731 antibacterial humoral response\,http://amigo.geneontology.org/amigo/term/GO:0019731\,RPL39  HLA-A,5
0.159652368506787\,2\,8\,9.6\,GO:0022417 protein maturation by protein folding\,http://amigo.geneontology.org/amigo/term/GO:0022417\,FKBP1B  CALR,5
0.159652368506787\,2\,13\,9.6\,GO:0030497 fatty acid elongation\,http://amigo.geneontology.org/amigo/term/GO:0030497\,HACD3  TECR,5
0.159652368506787\,3\,46\,5.53846153846154\,GO:0030517 negative regulation of axon extension\,http://amigo.geneontology.org/amigo/term/GO:0030517\,RTN4  PTPRS  DRAXIN,5
0.159652368506787\,9\,300\,2.29787234042553\,GO:0032409 regulation of transporter activity\,http://amigo.geneontology.org/amigo/term/GO:0032409\,CALM2  CALM3  ATP1B3  FKBP1B  GLRX  CALM1  ACTB  NDFIP1  VAMP2,5
0.159652368506787\,2\,10\,9.6\,GO:0036093 germ cell proliferation\,http://amigo.geneontology.org/amigo/term/GO:0036093\,PTGDS  UCHL1,5
0.159652368506787\,2\,13\,9.6\,GO:0042761 very long-chain fatty acid biosynthetic process\,http://amigo.geneontology.org/amigo/term/GO:0042761\,HACD3  TECR,5
0.159652368506787\,3\,61\,5.53846153846154\,GO:0046456 icosanoid biosynthetic process\,http://amigo.geneontology.org/amigo/term/GO:0046456\,PTGDS  MGST3,5
0.159652368506787\,30\,1806\,1.5\,GO:0048870 cell motility\,http://amigo.geneontology.org/amigo/term/GO:0048870\,TMSB10  ACTB  PODXL2  DSTN  TUBB2A  TUBB2B  CFL1  XBP1  RPS19  GTPBP4  RTN4  AGT  PPIB  BSG  HMGB1  PPIA  RACK1  CTTN  PLTP  GADD45A  NEUROD4  SERPINF1  RAB1A  RAB13  CTNNB1  SVBP  HSPA5  BEX4  CALR  ACTG1,5
0.159652368506787\,5\,251\,3.33333333333333\,GO:0050817 coagulation\,http://amigo.geneontology.org/amigo/term/GO:0050817\,ACTB  ACTG1  CLIC1  PRDX2  PPIA,5
0.159652368506787\,5\,807\,3.33333333333333\,GO:0051606 detection of stimulus\,http://amigo.geneontology.org/amigo/term/GO:0051606\,CALM2  CALM3  CALM1  HLA-A  CTNNB1,5
0.159652368506787\,30\,1806\,1.5\,GO:0051674 localization of cell\,http://amigo.geneontology.org/amigo/term/GO:0051674\,TMSB10  ACTB  PODXL2  DSTN  TUBB2A  TUBB2B  CFL1  XBP1  RPS19  GTPBP4  RTN4  AGT  PPIB  BSG  HMGB1  PPIA  RACK1  CTTN  PLTP  GADD45A  NEUROD4  SERPINF1  RAB1A  RAB13  CTNNB1  SVBP  HSPA5  BEX4  CALR  ACTG1,5
0.159652368506787\,2\,18\,9.6\,GO:0051900 regulation of mitochondrial depolarization\,http://amigo.geneontology.org/amigo/term/GO:0051900\,MLLT11  RACK1,5
0.159652368506787\,2\,34\,9.6\,GO:0070633 transepithelial transport\,http://amigo.geneontology.org/amigo/term/GO:0070633\,ACTB  ACTG1,5
0.159652368506787\,5\,185\,3.33333333333333\,GO:0071466 cellular response to xenobiotic stimulus\,http://amigo.geneontology.org/amigo/term/GO:0071466\,GSTA4  HSPA5  UCHL1  AKR1C1  EPHX1,5
0.159652368506787\,2\,53\,9.6\,GO:0071827 plasma lipoprotein particle organization\,http://amigo.geneontology.org/amigo/term/GO:0071827\, PLTP  AGT,5
0.159652368506787\,2\,25\,9.6\,GO:0072574 hepatocyte proliferation\,http://amigo.geneontology.org/amigo/term/GO:0072574\,XBP1  RTN4,5
0.159652368506787\,2\,25\,9.6\,GO:0072575 epithelial cell proliferation involved in liver morphogenesis\,http://amigo.geneontology.org/amigo/term/GO:0072575\,XBP1  RTN4,5
0.159652368506787\,17\,972\,1.77391304347826\,GO:0098655 cation transmembrane transport\,http://amigo.geneontology.org/amigo/term/GO:0098655\,ATP1B3  FKBP1B  CALM2  CALM3  SMDT1  ATP6AP2  CALM1  GLRX  TUSC3  COX4I1  AGT  ATP5PF  ATP5ME  COX8A  ATP6V1G2  VDAC1  VAMP2,5
0.159652368506787\,2\,13\,9.6\,GO:0099150 regulation of postsynaptic specialization assembly\,http://amigo.geneontology.org/amigo/term/GO:0099150\,PTPRS  GAP43,5
0.159652368506787\,2\,12\,9.6\,GO:1903961 positive regulation of anion transmembrane transport\,http://amigo.geneontology.org/amigo/term/GO:1903961\,AGT  ARL6IP1,5
0.159652368506787\,2\,10\,9.6\,GO:1904181 positive regulation of membrane depolarization\,http://amigo.geneontology.org/amigo/term/GO:1904181\,MLLT11  RACK1,5
0.159652368506787\,2\,17\,9.6\,GO:2000345 regulation of hepatocyte proliferation\,http://amigo.geneontology.org/amigo/term/GO:2000345\,XBP1  RTN4,5
0.160857438253762\,4\,134\,4\,GO:0006720 isoprenoid metabolic process\,http://amigo.geneontology.org/amigo/term/GO:0006720\,IDI1  FDFT1  FDPS  AKR1C1,5
0.160857438253762\,4\,59\,4\,GO:0031102 neuron projection regeneration\,http://amigo.geneontology.org/amigo/term/GO:0031102\,NREP  GAP43  PTPRS  FKBP1B,5
0.160857438253762\,4\,66\,4\,GO:0035306 positive regulation of dephosphorylation\,http://amigo.geneontology.org/amigo/term/GO:0035306\,CALM2  CALM3  CALM1  PPIA,5
0.160857438253762\,4\,78\,4\,GO:0055117 regulation of cardiac muscle contraction\,http://amigo.geneontology.org/amigo/term/GO:0055117\,FKBP1B  CALM2  CALM3  CALM1,5
0.160857438253762\,15\,1104\,1.83673469387755\,GO:0098609 cell-cell adhesion\,http://amigo.geneontology.org/amigo/term/GO:0098609\,ACTB  ACTG1  CLIC1  PTPRS  PODXL2  BSG  XBP1  GTPBP4  HMGB1  HLA-A  NDFIP1  PRDX2  CTNNB1  PPIA  EZR,5
0.162729080028888\,25\,986\,1.5625\,GO:0007017 microtubule-based process\,http://amigo.geneontology.org/amigo/term/GO:0007017\,STMN4  STMN2  STMN1  TUBA1B  DYNLRB1  TUBB2A  TUBB2B  DYNLT1  TUBA1A  NPM1  TUBB4B  TUBB  TUBB3  TPPP3  CTNNB1  DYNLL1  PLTP  GADD45A  DCTN3  UCHL1  EZR  RAB1A  SON  GAPDH  CFL1,5
0.165568130525715\,6\,269\,2.88\,GO:0015850 organic hydroxy compound transport\,http://amigo.geneontology.org/amigo/term/GO:0015850\,PLTP  RAB3A  MFSD10  AGT  ACTB  AKR1C1,5
0.165568130525715\,6\,158\,2.88\,GO:0051961 negative regulation of nervous system development\,http://amigo.geneontology.org/amigo/term/GO:0051961\,RTN4  PTPRS  DRAXIN  CTNNB1  SOX11  DYNLT1,5
0.166219091077104\,31\,1777\,1.47619047619048\,GO:0048585 negative regulation of response to stimulus\,http://amigo.geneontology.org/amigo/term/GO:0048585\,DRAXIN  SLC25A6  INSIG1  SVIP  ENO1  XBP1  APLP1  RPS19  AGT  UCHL1  CALR  RACK1  HLA-A  HSPA5  CBFA2T2  CTTN  PTPRS  FKBP1B  NDFIP1  SERPINF1  NEUROD1  VDAC2  PRDX2  CTNNB1  TXN  EZR  TMEM14A  STMN1  GHITM  PPIA  MDFI,5
0.170922920540873\,17\,671\,1.74358974358974\,GO:0090407 organophosphate biosynthetic process\,http://amigo.geneontology.org/amigo/term/GO:0090407\,IDI1  AK1  ATP5F1E  PAICS  FDPS  SDHB  ATP5PF  NDUFB8  ATP5ME  ATP5MK  NDUFA11  ENO1  IDH1  AFMID  ALDOA  TECR  XBP1,5
0.171282824528086\,5\,252\,3.24324324324324\,GO:0007599 hemostasis\,http://amigo.geneontology.org/amigo/term/GO:0007599\,ACTB  ACTG1  CLIC1  PRDX2  PPIA,5
0.171282824528086\,5\,178\,3.24324324324324\,GO:0008037 cell recognition\,http://amigo.geneontology.org/amigo/term/GO:0008037\,GAP43  BSG  RTN4  ALDOA  VDAC2,5
0.171282824528086\,8\,241\,2.4\,GO:0010632 regulation of epithelial cell migration\,http://amigo.geneontology.org/amigo/term/GO:0010632\,AGT  BSG  HMGB1  GADD45A  SERPINF1  SVBP  RTN4  CALR,5
0.171282824528086\,5\,82\,3.24324324324324\,GO:0036465 synaptic vesicle recycling\,http://amigo.geneontology.org/amigo/term/GO:0036465\,ACTB  RAB3A  CALM3  ACTG1  VAMP2,5
0.176021652002071\,3\,82\,5.14285714285714\,GO:0001895 retina homeostasis\,http://amigo.geneontology.org/amigo/term/GO:0001895\,ACTB  ACTG1  BSG,5
0.176021652002071\,3\,104\,5.14285714285714\,GO:0002275 myeloid cell activation involved in immune response\,http://amigo.geneontology.org/amigo/term/GO:0002275\,PTGDS    VAMP2,5
0.176021652002071\,6\,140\,2.82352941176471\,GO:0010977 negative regulation of neuron projection development\,http://amigo.geneontology.org/amigo/term/GO:0010977\,STMN2  RTN4  ITM2C  PTPRS  DRAXIN  CBFA2T2,5
0.176021652002071\,3\,89\,5.14285714285714\,GO:0043299 leukocyte degranulation\,http://amigo.geneontology.org/amigo/term/GO:0043299\,PTGDS    VAMP2,5
0.176021652002071\,3\,43\,5.14285714285714\,GO:0051281 positive regulation of release of sequestered calcium ion into cytosol\,http://amigo.geneontology.org/amigo/term/GO:0051281\,CALM3  CALM2  CALM1,5
0.176021652002071\,6\,85\,2.82352941176471\,GO:0070972 protein localization to endoplasmic reticulum\,http://amigo.geneontology.org/amigo/term/GO:0070972\,SRP14  SRP9  INSIG1  GABARAPL2  RTN4  HSPA5,5
0.176021652002071\,3\,18\,5.14285714285714\,GO:0071786 endoplasmic reticulum tubular network organization\,http://amigo.geneontology.org/amigo/term/GO:0071786\,RTN4  RTN3  ARL6IP1,5
0.176021652002071\,3\,42\,5.14285714285714\,GO:1902003 regulation of amyloid-beta formation\,http://amigo.geneontology.org/amigo/term/GO:1902003\,RTN4  RTN3  RTN1,5
0.176332100028266\,4\,79\,3.84\,GO:0010633 negative regulation of epithelial cell migration\,http://amigo.geneontology.org/amigo/term/GO:0010633\,HMGB1  GADD45A  SERPINF1  SVBP,5
0.176332100028266\,4\,178\,3.84\,GO:0097530 granulocyte migration\,http://amigo.geneontology.org/amigo/term/GO:0097530\,PPIB  PPIA  BSG  RTN4,5
0.176332100028266\,4\,171\,3.84\,GO:0120254 olefinic compound metabolic process\,http://amigo.geneontology.org/amigo/term/GO:0120254\,EPHX1  AKR1C1  GPX4  PTGDS,5
0.18084690196038\,7\,374\,2.54545454545455\,GO:0046651 lymphocyte proliferation\,http://amigo.geneontology.org/amigo/term/GO:0046651\,HLA-A  FKBP1B  NDFIP1  PRDX2  CTNNB1  SOX11  HMGB1,5
0.181910415517339\,19\,689\,1.66423357664234\,GO:0000226 microtubule cytoskeleton organization\,http://amigo.geneontology.org/amigo/term/GO:0000226\,STMN4  STMN2  STMN1  TUBA1B  TUBB2A  TUBB2B  TUBA1A  NPM1  TUBB4B  TUBB  TUBB3  TPPP3  CTNNB1  GADD45A  EZR  SON  GAPDH  DYNLT1  CFL1,5
0.193074283722724\,13\,386\,1.87951807228916\,GO:0051098 regulation of binding\,http://amigo.geneontology.org/amigo/term/GO:0051098\,TXN  NEUROD1  HMGB1  RACK1  ACTB  CALM2  CALM3  CTNNB1  SOX11  CALM1  GTPBP4  STMN1  MDFI,5
0.193229983500697\,7\,152\,2.50746268656716\,GO:0010976 positive regulation of neuron projection development\,http://amigo.geneontology.org/amigo/term/GO:0010976\,CBFA2T2  STMN2  HSPA5  FKBP1B  SERPINF1  AGT  SERPINI1,5
0.193229983500697\,7\,378\,2.50746268656716\,GO:0032943 mononuclear cell proliferation\,http://amigo.geneontology.org/amigo/term/GO:0032943\,HLA-A  FKBP1B  NDFIP1  PRDX2  CTNNB1  SOX11  HMGB1,5
0.196096677935396\,10\,440\,2.08695652173913\,GO:0003012 muscle system process\,http://amigo.geneontology.org/amigo/term/GO:0003012\,FKBP1B  CALM2  CALM3  CALM1  AGT  SSTR2  ENO1  CTTN  ALDOA  MYL6,5
0.197297096790351\,9\,620\,2.18181818181818\,GO:0001819 positive regulation of cytokine production\,http://amigo.geneontology.org/amigo/term/GO:0001819\,GAPDH  BSG  ATP6AP2  HMGB1  HLA-A  RAB1A  XBP1  RTN4  AGT,5
0.197297096790351\,3\,139\,4.8\,GO:0002228 natural killer cell mediated immunity\,http://amigo.geneontology.org/amigo/term/GO:0002228\,HLA-A  TUBB4B  TUBB,5
0.197297096790351\,3\,95\,4.8\,GO:0002532 production of molecular mediator involved in inflammatory response\,http://amigo.geneontology.org/amigo/term/GO:0002532\,RPS19  PLD3  PRDX2,5
0.197297096790351\,2\,51\,8\,GO:0003044 regulation of systemic arterial blood pressure mediated by a chemical signal\,http://amigo.geneontology.org/amigo/term/GO:0003044\,ATP6AP2  AGT,5
0.197297096790351\,3\,111\,4.8\,GO:0006721 terpenoid metabolic process\,http://amigo.geneontology.org/amigo/term/GO:0006721\,FDFT1  FDPS  AKR1C1,5
0.197297096790351\,2\,23\,8\,GO:0006883 cellular sodium ion homeostasis\,http://amigo.geneontology.org/amigo/term/GO:0006883\,ATP1B3  AGT,5
0.197297096790351\,2\,34\,8\,GO:0007263 nitric oxide mediated signal transduction\,http://amigo.geneontology.org/amigo/term/GO:0007263\,NEUROD1  AGT,5
0.197297096790351\,15\,776\,1.77339901477833\,GO:0008610 lipid biosynthetic process\,http://amigo.geneontology.org/amigo/term/GO:0008610\,MSMO1  IDI1  HACD3  FDFT1  TECR  EBP  TM7SF2  FDPS  DHCR7  INSIG1  PTGDS  IDH1    XBP1  GPX4,5
0.197297096790351\,9\,318\,2.18181818181818\,GO:0010631 epithelial cell migration\,http://amigo.geneontology.org/amigo/term/GO:0010631\,AGT  BSG  HMGB1  GADD45A  SERPINF1  RAB13  SVBP  RTN4  CALR,5
0.197297096790351\,3\,45\,4.8\,GO:0010799 regulation of peptidyl-threonine phosphorylation\,http://amigo.geneontology.org/amigo/term/GO:0010799\,CALM2  CALM3  CALM1,5
0.197297096790351\,5\,108\,3.07692307692308\,GO:0010921 regulation of phosphatase activity\,http://amigo.geneontology.org/amigo/term/GO:0010921\,FKBP1B  CALM2  CALM3  HSP90B1  CALM1,5
0.197297096790351\,2\,18\,8\,GO:0010958 regulation of amino acid import across plasma membrane\,http://amigo.geneontology.org/amigo/term/GO:0010958\,AGT  ARL6IP1,5
0.197297096790351\,2\,9\,8\,GO:0015949 nucleobase-containing small molecule interconversion\,http://amigo.geneontology.org/amigo/term/GO:0015949\,AK1  GLRX,5
0.197297096790351\,3\,107\,4.8\,GO:0022600 digestive system process\,http://amigo.geneontology.org/amigo/term/GO:0022600\,EZR  NEUROD1  AKR1C1,5
0.197297096790351\,3\,123\,4.8\,GO:0030593 neutrophil chemotaxis\,http://amigo.geneontology.org/amigo/term/GO:0030593\, PPIB  PPIA  BSG,5
0.197297096790351\,2\,61\,8\,GO:0031640 killing of cells of another organism\,http://amigo.geneontology.org/amigo/term/GO:0031640\,RPS19  GAPDH,5
0.197297096790351\,2\,10\,8\,GO:0032070 regulation of deoxyribonuclease activity\,http://amigo.geneontology.org/amigo/term/GO:0032070\,NPM1  HMGB1,5
0.197297096790351\,52\,2575\,1.30680628272251\,GO:0032268 regulation of cellular protein metabolic process\,http://amigo.geneontology.org/amigo/term/GO:0032268\,NDFIP1  SERPINF1  AGT  RPL13A  SERPINI1  SVBP  SVIP  RACK1  TXN  CIRBP  XBP1  CST3  GTPBP4  EIF4G2  GAPDH  FKBP1B  CALM2  UCHL1  DBI  CALM3  HSP90B1  CTNNB1  ARL6IP1  EIF1  CALR  NPM1  SUMO2  HMGB1  PPIA  CALM1  HSPA5  PKM  MYDGF  APLP2  APLP1  GADD45A  PRDX5  NGDN  SRP9  RPL37  RPL10  SELENOW  GABARAPL2  ENO1  BEX4  LAPTM4B  ACTB  ELOB  EIF1B  SET  EIF4A2  BEX3,5
0.197297096790351\,3\,90\,4.8\,GO:0034121 regulation of toll-like receptor signaling pathway\,http://amigo.geneontology.org/amigo/term/GO:0034121\,RTN4  PTPRS  HMGB1,5
0.197297096790351\,2\,33\,8\,GO:0034123 positive regulation of toll-like receptor signaling pathway\,http://amigo.geneontology.org/amigo/term/GO:0034123\,RTN4  HMGB1,5
0.197297096790351\,3\,136\,4.8\,GO:0042267 natural killer cell mediated cytotoxicity\,http://amigo.geneontology.org/amigo/term/GO:0042267\,HLA-A  TUBB4B  TUBB,5
0.197297096790351\,2\,14\,8\,GO:0042983 amyloid precursor protein biosynthetic process\,http://amigo.geneontology.org/amigo/term/GO:0042983\,ITM2C  ITM2B,5
0.197297096790351\,2\,14\,8\,GO:0042984 regulation of amyloid precursor protein biosynthetic process\,http://amigo.geneontology.org/amigo/term/GO:0042984\,ITM2C  ITM2B,5
0.197297096790351\,2\,33\,8\,GO:0045577 regulation of B cell differentiation\,http://amigo.geneontology.org/amigo/term/GO:0045577\,XBP1  ID2,5
0.197297096790351\,2\,58\,8\,GO:0046633 alpha-beta T cell proliferation\,http://amigo.geneontology.org/amigo/term/GO:0046633\,HLA-A  NDFIP1,5
0.197297096790351\,2\,55\,8\,GO:0046640 regulation of alpha-beta T cell proliferation\,http://amigo.geneontology.org/amigo/term/GO:0046640\,HLA-A  NDFIP1,5
0.197297096790351\,2\,23\,8\,GO:0046697 decidualization\,http://amigo.geneontology.org/amigo/term/GO:0046697\,BSG  TPPP3,5
0.197297096790351\,2\,8\,8\,GO:0046719 regulation by virus of viral protein levels in host cell\,http://amigo.geneontology.org/amigo/term/GO:0046719\,HACD3  DYNLT1,5
0.197297096790351\,2\,41\,8\,GO:0050892 intestinal absorption\,http://amigo.geneontology.org/amigo/term/GO:0050892\,EZR  AKR1C1,5
0.197297096790351\,8\,185\,2.31325301204819\,GO:0051099 positive regulation of binding\,http://amigo.geneontology.org/amigo/term/GO:0051099\,TXN  NEUROD1  HMGB1  CALM2  CALM3  CTNNB1  CALM1  STMN1,5
0.197297096790351\,42\,3024\,1.35483870967742\,GO:0051239 regulation of multicellular organismal process\,http://amigo.geneontology.org/amigo/term/GO:0051239\,MYDGF  FKBP1B  SERPINF1  ACTB  CALM2  CALM3  CTNNB1  CALM1  XBP1  LAPTM4B  RPS19  GAPDH  RTN4  AGT  BSG  ATP6AP2  HMGB1  HLA-A  EZR  PLD3  PTPRS  PTGDS  GADD45A  NDFIP1  DRAXIN  NEUROD1  PRDX2  SOX11  SSTR2  CST3  ENO1  SVBP  PKM  CTTN  PGK1  RAB1A  PPIB  CALR  ID2  DYNLT1  CFL1  RACK1,5
0.197297096790351\,4\,86\,3.69230769230769\,GO:0051279 regulation of release of sequestered calcium ion into cytosol\,http://amigo.geneontology.org/amigo/term/GO:0051279\,FKBP1B  CALM2  CALM3  CALM1,5
0.197297096790351\,6\,211\,2.71698113207547\,GO:0060401 cytosolic calcium ion transport\,http://amigo.geneontology.org/amigo/term/GO:0060401\,FKBP1B  CALM2  CALM3  SMDT1  CALM1  VDAC1,5
0.197297096790351\,2\,56\,8\,GO:0071825 protein-lipid complex subunit organization\,http://amigo.geneontology.org/amigo/term/GO:0071825\, PLTP  AGT,5
0.197297096790351\,2\,26\,8\,GO:0072576 liver morphogenesis\,http://amigo.geneontology.org/amigo/term/GO:0072576\,XBP1  RTN4,5
0.197297096790351\,9\,327\,2.16\,GO:0090130 tissue migration\,http://amigo.geneontology.org/amigo/term/GO:0090130\,AGT  BSG  HMGB1  GADD45A  SERPINF1  RAB13  SVBP  RTN4  CALR,5
0.197297096790351\,9\,321\,2.18181818181818\,GO:0090132 epithelium migration\,http://amigo.geneontology.org/amigo/term/GO:0090132\,AGT  BSG  HMGB1  GADD45A  SERPINF1  RAB13  SVBP  RTN4  CALR,5
0.197297096790351\,2\,19\,8\,GO:1901029 negative regulation of mitochondrial outer membrane permeabilization involved in apoptotic signaling pathway\,http://amigo.geneontology.org/amigo/term/GO:1901029\,SLC25A6  TMEM14A,5
0.197297096790351\,2\,21\,8\,GO:1901386 negative regulation of voltage-gated calcium channel activity\,http://amigo.geneontology.org/amigo/term/GO:1901386\,CALM3  CALM1,5
0.197297096790351\,2\,25\,8\,GO:1903020 positive regulation of glycoprotein metabolic process\,http://amigo.geneontology.org/amigo/term/GO:1903020\,RAB1A  CTNNB1,5
0.197297096790351\,2\,18\,8\,GO:1903789 regulation of amino acid transmembrane transport\,http://amigo.geneontology.org/amigo/term/GO:1903789\,AGT  ARL6IP1,5
0.197297096790351\,3\,76\,4.8\,GO:2000242 negative regulation of reproductive process\,http://amigo.geneontology.org/amigo/term/GO:2000242\,PTGDS  SERPINF1  CALR,5
9.77292088515302E-21\,51\,318\,5.2486388384755\,GO:0046034 ATP metabolic process\,http://amigo.geneontology.org/amigo/term/GO:0046034\,PKM  ENO1  PGK1  ENO3  GAPDH  COX7A2  ATP5F1E  COX7C  COX4I1  COX5B  ALDOA  ATP5MC3  ATP5MC1  UQCRQ  ATP5MG  UQCRH  UQCR10  ATP5MF  NDUFB4  NDUFB2  NDUFB7  SDHB  NDUFB3  NDUFA1  COX6B1  UQCR11  COX7B  NDUFA2  NDUFB10  NDUFB11  ATP5PF  ATP5MJ  COX6C  NDUFB8  NDUFS5  ATP5ME  NDUFA3  ATP5MK  NDUFA11  COX8A  NDUFB1  NDUFA13  NDUFA4  PGAM1  TMSB4X  AK1  PARK7    CHCHD2  ATP5IF1  GHITM,6
1.34825203788567E-17\,37\,163\,6.31012826183105\,GO:0006119 oxidative phosphorylation\,http://amigo.geneontology.org/amigo/term/GO:0006119\,COX7A2  ATP5F1E  COX7C  COX4I1  COX5B  UQCRQ  UQCRH  UQCR10  ATP5MF  NDUFB4  NDUFB2  NDUFB7  SDHB  NDUFB3  NDUFA1  COX6B1  UQCR11  COX7B  NDUFA2  NDUFB10  NDUFB11  COX6C  NDUFB8  NDUFS5  NDUFA3  NDUFA11  COX8A  NDUFB1  NDUFA13  NDUFA4  ATP5PF  ATP5MG  ATP5ME  PARK7    CHCHD2  GHITM,6
2.18795671835938E-16\,40\,214\,5.34540917702509\,GO:0009060 aerobic respiration\,http://amigo.geneontology.org/amigo/term/GO:0009060\,MDH1  COX7A2  SDHB  ATP5F1E  COX7C  COX4I1  COX5B  UQCRQ  UQCRH  UQCR10  ATP5MF  NDUFB4  NDUFB2  NDUFB7  NDUFB3  NDUFA1  COX6B1  UQCR11  COX7B  NDUFA2  NDUFB10  NDUFB11  COX6C  NDUFB8  NDUFS5  NDUFA3  NDUFA11  COX8A  NDUFB1  NDUFA13  NDUFA4  ATP5PF  ATP5MG  ATP5ME  PARK7  IDH1  IDH2    CHCHD2  GHITM,6
1.15225049701398E-14\,29\,116\,6.74424027984399\,GO:0042773 ATP synthesis coupled electron transport\,http://amigo.geneontology.org/amigo/term/GO:0042773\,COX7C  COX4I1  COX5B  UQCRQ  UQCRH  UQCR10  COX7A2  SDHB  COX6B1  UQCR11  COX7B  COX6C  COX8A  NDUFA4  PARK7  NDUFB8    CHCHD2  GHITM  NDUFB4  NDUFB2  NDUFB7  NDUFB3  NDUFA1  NDUFA2  NDUFB10  NDUFS5  NDUFA3  NDUFB1,6
1.15225049701398E-14\,29\,116\,6.74424027984399\,GO:0042775 mitochondrial ATP synthesis coupled electron transport\,http://amigo.geneontology.org/amigo/term/GO:0042775\,COX7C  COX4I1  COX5B  UQCRQ  UQCRH  UQCR10  COX7A2  SDHB  COX6B1  UQCR11  COX7B  COX6C  COX8A  NDUFA4  PARK7  NDUFB8    CHCHD2  GHITM  NDUFB4  NDUFB2  NDUFB7  NDUFB3  NDUFA1  NDUFA2  NDUFB10  NDUFS5  NDUFA3  NDUFB1,6
1.15225049701398E-14\,40\,260\,4.77523219814241\,GO:0045333 cellular respiration\,http://amigo.geneontology.org/amigo/term/GO:0045333\,MDH1  COX7A2  SDHB  ATP5F1E  COX7C  COX4I1  COX5B  UQCRQ  UQCRH  UQCR10  ATP5MF  NDUFB4  NDUFB2  NDUFB7  NDUFB3  NDUFA1  COX6B1  UQCR11  COX7B  NDUFA2  NDUFB10  NDUFB11  COX6C  NDUFB8  NDUFS5  NDUFA3  NDUFA11  COX8A  NDUFB1  NDUFA13  NDUFA4  ATP5PF  ATP5MG  ATP5ME  PARK7  IDH1  IDH2    CHCHD2  GHITM,6
6.31285338226201E-14\,51\,532\,3.63849863703082\,GO:0006091 generation of precursor metabolites and energy\,http://amigo.geneontology.org/amigo/term/GO:0006091\,MDH1  PKM  ENO1  PGK1  ENO3  GAPDH  COX7A2  SDHB  ATP5F1E  COX7C  COX4I1  COX5B  ALDOA  UQCRQ  UQCRH  UQCR10  ATP5MF  NDUFB4  NDUFB2  NDUFB7  NDUFB3  NDUFA1  COX6B1  UQCR11  COX7B  NDUFA2  NDUFB10  NDUFB11  COX6C  NDUFB8  NDUFS5  NDUFA3  NDUFA11  COX8A  NDUFB1  NDUFA13  NDUFA4  ATP5PF  ATP5MG  ATP5ME  PGAM1  PHGDH  PARK7  IDH1  IDH2  PPP1CB    CHCHD2  COX17  GHITM  ATP5IF1,6
8.85313025191868E-14\,27\,108\,6.80975014171718\,GO:0019646 aerobic electron transport chain\,http://amigo.geneontology.org/amigo/term/GO:0019646\,COX7C  COX4I1  COX5B  UQCRQ  UQCRH  UQCR10  COX7A2  SDHB  COX6B1  UQCR11  COX7B  COX6C  COX8A  NDUFA4  PARK7  NDUFB8    NDUFB4  NDUFB2  NDUFB7  NDUFB3  NDUFA1  NDUFA2  NDUFB10  NDUFS5  NDUFA3  NDUFB1,6
1.20045093387725E-13\,29\,137\,6.18222025652366\,GO:0022904 respiratory electron transport chain\,http://amigo.geneontology.org/amigo/term/GO:0022904\,SDHB  COX7C  COX4I1  COX5B  UQCRQ  UQCRH  UQCR10  COX7A2  COX6B1  UQCR11  COX7B  COX6C  COX8A  NDUFA4  PARK7  NDUFB8    CHCHD2  GHITM  NDUFB4  NDUFB2  NDUFB7  NDUFB3  NDUFA1  NDUFA2  NDUFB10  NDUFS5  NDUFA3  NDUFB1,6
2.20835831202262E-13\,27\,120\,6.53367919002594\,GO:0006754 ATP biosynthetic process\,http://amigo.geneontology.org/amigo/term/GO:0006754\,ATP5F1E  ATP5MC3  ATP5MC1  ATP5MG  ATP5MF  NDUFB4  NDUFB2  NDUFB7  SDHB  NDUFB3  NDUFA1  NDUFA2  NDUFB10  NDUFB11  ATP5PF  ATP5MJ  NDUFB8  NDUFS5  ATP5ME  NDUFA3  ATP5MK  NDUFA11  NDUFB1  NDUFA13  ENO1  TMSB4X  ALDOA,6
2.20835831202262E-13\,28\,131\,6.26749226006192\,GO:0009206 purine ribonucleoside triphosphate biosynthetic process\,http://amigo.geneontology.org/amigo/term/GO:0009206\,ATP5F1E  ATP5MC3  ATP5MC1  ATP5MG  ATP5MF  NDUFB4  NDUFB2  NDUFB7  SDHB  NDUFB3  NDUFA1  NDUFA2  NDUFB10  NDUFB11  ATP5PF  ATP5MJ  NDUFB8  NDUFS5  ATP5ME  NDUFA3  ATP5MK  NDUFA11  NDUFB1  NDUFA13  ENO1  TMSB4X  NME1  ALDOA,6
2.91501860148582E-13\,28\,132\,6.19011581240683\,GO:0009145 purine nucleoside triphosphate biosynthetic process\,http://amigo.geneontology.org/amigo/term/GO:0009145\,ATP5F1E  ATP5MC3  ATP5MC1  ATP5MG  ATP5MF  NDUFB4  NDUFB2  NDUFB7  SDHB  NDUFB3  NDUFA1  NDUFA2  NDUFB10  NDUFB11  ATP5PF  ATP5MJ  NDUFB8  NDUFS5  ATP5ME  NDUFA3  ATP5MK  NDUFA11  NDUFB1  NDUFA13  ENO1  TMSB4X  NME1  ALDOA,6
3.47303975636268E-13\,29\,148\,5.9012102448635\,GO:0009142 nucleoside triphosphate biosynthetic process\,http://amigo.geneontology.org/amigo/term/GO:0009142\,AK1  ATP5F1E  ATP5MC3  ATP5MC1  ATP5MG  ATP5MF  NDUFB4  NDUFB2  NDUFB7  SDHB  NDUFB3  NDUFA1  NDUFA2  NDUFB10  NDUFB11  ATP5PF  ATP5MJ  NDUFB8  NDUFS5  ATP5ME  NDUFA3  ATP5MK  NDUFA11  NDUFB1  NDUFA13  ENO1  TMSB4X  NME1  ALDOA,6
3.60541115141839E-13\,28\,137\,6.11462659518236\,GO:0009201 ribonucleoside triphosphate biosynthetic process\,http://amigo.geneontology.org/amigo/term/GO:0009201\,ATP5F1E  ATP5MC3  ATP5MC1  ATP5MG  ATP5MF  NDUFB4  NDUFB2  NDUFB7  SDHB  NDUFB3  NDUFA1  NDUFA2  NDUFB10  NDUFB11  ATP5PF  ATP5MJ  NDUFB8  NDUFS5  ATP5ME  NDUFA3  ATP5MK  NDUFA11  NDUFB1  NDUFA13  ENO1  TMSB4X  NME1  ALDOA,6
7.89409978948612E-13\,41\,352\,4.05630911858782\,GO:0015980 energy derivation by oxidation of organic compounds\,http://amigo.geneontology.org/amigo/term/GO:0015980\,MDH1  COX7A2  SDHB  ATP5F1E  COX7C  COX4I1  COX5B  UQCRQ  UQCRH  UQCR10  ATP5MF  NDUFB4  NDUFB2  NDUFB7  NDUFB3  NDUFA1  COX6B1  UQCR11  COX7B  NDUFA2  NDUFB10  NDUFB11  COX6C  NDUFB8  NDUFS5  NDUFA3  NDUFA11  COX8A  NDUFB1  NDUFA13  NDUFA4  ATP5PF  ATP5MG  ATP5ME  PARK7  IDH1  IDH2  PPP1CB    CHCHD2  GHITM,6
1.41899542377658E-12\,24\,92\,6.93178867472286\,GO:0015986 proton motive force-driven ATP synthesis\,http://amigo.geneontology.org/amigo/term/GO:0015986\,ATP5F1E  ATP5MC3  ATP5MC1  ATP5MG  ATP5MF  NDUFB4  NDUFB2  NDUFB7  SDHB  NDUFB3  NDUFA1  NDUFA2  NDUFB10  NDUFB11  ATP5PF  ATP5MJ  NDUFB8  NDUFS5  ATP5ME  NDUFA3  ATP5MK  NDUFA11  NDUFB1  NDUFA13,6
2.3661973566291E-12\,28\,145\,5.69772023641993\,GO:0009205 purine ribonucleoside triphosphate metabolic process\,http://amigo.geneontology.org/amigo/term/GO:0009205\,ATP5F1E  ATP5MC3  ATP5MC1  ATP5MG  ATP5MF  NDUFB4  NDUFB2  NDUFB7  SDHB  NDUFB3  NDUFA1  NDUFA2  NDUFB10  NDUFB11  ATP5PF  ATP5MJ  NDUFB8  NDUFS5  ATP5ME  NDUFA3  ATP5MK  NDUFA11  NDUFB1  NDUFA13  ENO1  TMSB4X  NME1  ALDOA,6
4.04861509942026E-12\,28\,150\,5.57110423116615\,GO:0009144 purine nucleoside triphosphate metabolic process\,http://amigo.geneontology.org/amigo/term/GO:0009144\,ATP5F1E  ATP5MC3  ATP5MC1  ATP5MG  ATP5MF  NDUFB4  NDUFB2  NDUFB7  SDHB  NDUFB3  NDUFA1  NDUFA2  NDUFB10  NDUFB11  ATP5PF  ATP5MJ  NDUFB8  NDUFS5  ATP5ME  NDUFA3  ATP5MK  NDUFA11  NDUFB1  NDUFA13  ENO1  TMSB4X  NME1  ALDOA,6
4.04861509942026E-12\,28\,152\,5.57110423116615\,GO:0009199 ribonucleoside triphosphate metabolic process\,http://amigo.geneontology.org/amigo/term/GO:0009199\,ATP5F1E  ATP5MC3  ATP5MC1  ATP5MG  ATP5MF  NDUFB4  NDUFB2  NDUFB7  SDHB  NDUFB3  NDUFA1  NDUFA2  NDUFB10  NDUFB11  ATP5PF  ATP5MJ  NDUFB8  NDUFS5  ATP5ME  NDUFA3  ATP5MK  NDUFA11  NDUFB1  NDUFA13  ENO1  TMSB4X  NME1  ALDOA,6
5.31847556602304E-12\,29\,173\,5.29904593416314\,GO:0009141 nucleoside triphosphate metabolic process\,http://amigo.geneontology.org/amigo/term/GO:0009141\,AK1  ATP5F1E  ATP5MC3  ATP5MC1  ATP5MG  ATP5MF  NDUFB4  NDUFB2  NDUFB7  SDHB  NDUFB3  NDUFA1  NDUFA2  NDUFB10  NDUFB11  ATP5PF  ATP5MJ  NDUFB8  NDUFS5  ATP5ME  NDUFA3  ATP5MK  NDUFA11  NDUFB1  NDUFA13  ENO1  TMSB4X  NME1  ALDOA,6
5.31847556602304E-12\,30\,194\,5.11632021229544\,GO:0022900 electron transport chain\,http://amigo.geneontology.org/amigo/term/GO:0022900\,SDHB  COX7C  COX4I1  COX5B  UQCRQ  UQCRH  UQCR10  COX7A2  COX6B1  UQCR11  COX7B  COX6C  COX8A  NDUFA4  PHGDH  PARK7  NDUFB3  NDUFB8    CHCHD2  GHITM  NDUFB4  NDUFB2  NDUFB7  NDUFA1  NDUFA2  NDUFB10  NDUFS5  NDUFA3  NDUFB1,6
7.92477317125785E-11\,31\,245\,4.5131767726346\,GO:0009152 purine ribonucleotide biosynthetic process\,http://amigo.geneontology.org/amigo/term/GO:0009152\,ATP5F1E  PAICS  ATP5MC3  ATP5MC1  ATP5MG  ATP5MF  NDUFB4  NDUFB2  NDUFB7  SDHB  NDUFB3  NDUFA1  NDUFA2  NDUFB10  NDUFB11  ATP5PF  ATP5MJ  NDUFB8  NDUFS5  ATP5ME  NDUFA3  ATP5MK  NDUFA11  NDUFB1  NDUFA13  ENO1  TMSB4X  AK1  NME1  ALDOA  TECR,6
2.41200322664827E-10\,31\,258\,4.33688080495356\,GO:0009260 ribonucleotide biosynthetic process\,http://amigo.geneontology.org/amigo/term/GO:0009260\,ATP5F1E  PAICS  ATP5MC3  ATP5MC1  ATP5MG  ATP5MF  NDUFB4  NDUFB2  NDUFB7  SDHB  NDUFB3  NDUFA1  NDUFA2  NDUFB10  NDUFB11  ATP5PF  ATP5MJ  NDUFB8  NDUFS5  ATP5ME  NDUFA3  ATP5MK  NDUFA11  NDUFB1  NDUFA13  ENO1  TMSB4X  AK1  NME1  ALDOA  TECR,6
3.27670397080845E-10\,95\,1888\,2.00610432852386\,GO:1901566 organonitrogen compound biosynthetic process\,http://amigo.geneontology.org/amigo/term/GO:1901566\,ASNS  HACD3  RPS5  TMEM14A  EIF3A  RPN2  ATP5F1E  PAICS  ATP5IF1  ITM2C  ITM2B  RPLP1  RPL13A  ATP5MC3  EEF1A1  EIF4A2  ATP5MC1  RPL22L1  ATP5MG  RPSA  RPS9  RPL15  RPL12  RACK1  OST4  MCTS1  ATP5MF  NDUFB4  NDUFB2  NDUFB7  RPS19  RPL28  RPL19  RPS12  PARK7  SDHB  NDUFB3  RPL21  NDUFA1  NDUFA2  RPL35  NDUFB10  RPL37  NDUFB11  RPL10  FAU  ATP5PF  ATP5MJ  NDUFB8  RPL13  NDUFS5  ATP5ME  NDUFA3  ATP5MK  NDUFA11  NDUFB1  NDUFA13  RPS26  RPL39  RPS29  RPL41  MRPS6  MRPS21  ENO1  GSTP1  CIRBP  EIF4G2  GAPDH  DBI  EIF1  CALR  NPM1  TMSB4X  PKM  PHGDH  ELOB  TUSC3  OAZ1  APLP1  AK1  EIF1B  FABP3  NGDN  SRP9  FABP5  SELENOW  OAZ2  AFMID  NME1    SOX4  ALDOA  CTNNB1  SVIP  TECR,6
3.46389704874884E-10\,31\,269\,4.27015956180043\,GO:0006164 purine nucleotide biosynthetic process\,http://amigo.geneontology.org/amigo/term/GO:0006164\,ATP5F1E  PAICS  ATP5MC3  ATP5MC1  ATP5MG  ATP5MF  NDUFB4  NDUFB2  NDUFB7  SDHB  NDUFB3  NDUFA1  NDUFA2  NDUFB10  NDUFB11  ATP5PF  ATP5MJ  NDUFB8  NDUFS5  ATP5ME  NDUFA3  ATP5MK  NDUFA11  NDUFB1  NDUFA13  ENO1  TMSB4X  AK1  NME1  ALDOA  TECR,6
5.14960748014521E-10\,31\,265\,4.20546017450042\,GO:0046390 ribose phosphate biosynthetic process\,http://amigo.geneontology.org/amigo/term/GO:0046390\,ATP5F1E  PAICS  ATP5MC3  ATP5MC1  ATP5MG  ATP5MF  NDUFB4  NDUFB2  NDUFB7  SDHB  NDUFB3  NDUFA1  NDUFA2  NDUFB10  NDUFB11  ATP5PF  ATP5MJ  NDUFB8  NDUFS5  ATP5ME  NDUFA3  ATP5MK  NDUFA11  NDUFB1  NDUFA13  ENO1  TMSB4X  AK1  NME1  ALDOA  TECR,6
7.59648360781108E-10\,31\,280\,4.14269211219445\,GO:0072522 purine-containing compound biosynthetic process\,http://amigo.geneontology.org/amigo/term/GO:0072522\,ATP5F1E  PAICS  ATP5MC3  ATP5MC1  ATP5MG  ATP5MF  NDUFB4  NDUFB2  NDUFB7  SDHB  NDUFB3  NDUFA1  NDUFA2  NDUFB10  NDUFB11  ATP5PF  ATP5MJ  NDUFB8  NDUFS5  ATP5ME  NDUFA3  ATP5MK  NDUFA11  NDUFB1  NDUFA13  ENO1  TMSB4X  AK1  NME1  ALDOA  TECR,6
9.64015364719347E-10\,20\,82\,6.39540026536931\,GO:0042776 proton motive force-driven mitochondrial ATP synthesis\,http://amigo.geneontology.org/amigo/term/GO:0042776\,ATP5F1E  ATP5MF  NDUFB4  NDUFB2  NDUFB7  SDHB  NDUFB3  NDUFA1  NDUFA2  NDUFB10  NDUFB11  NDUFB8  NDUFS5  NDUFA3  NDUFA11  NDUFB1  NDUFA13  ATP5PF  ATP5MG  ATP5ME,6
1.74612000477136E-09\,32\,334\,3.89814873317748\,GO:0009165 nucleotide biosynthetic process\,http://amigo.geneontology.org/amigo/term/GO:0009165\,ATP5F1E  PAICS  ATP5MC3  ATP5MC1  ATP5MG  ATP5MF  NDUFB4  NDUFB2  NDUFB7  SDHB  NDUFB3  NDUFA1  NDUFA2  NDUFB10  NDUFB11  ATP5PF  ATP5MJ  NDUFB8  NDUFS5  ATP5ME  NDUFA3  ATP5MK  NDUFA11  NDUFB1  NDUFA13  ENO1  TMSB4X  AK1  AFMID  NME1  ALDOA  TECR,6
1.74612000477136E-09\,32\,337\,3.89814873317748\,GO:1901293 nucleoside phosphate biosynthetic process\,http://amigo.geneontology.org/amigo/term/GO:1901293\,AK1  ATP5F1E  PAICS  ATP5MC3  ATP5MC1  ATP5MG  ATP5MF  NDUFB4  NDUFB2  NDUFB7  SDHB  NDUFB3  NDUFA1  NDUFA2  NDUFB10  NDUFB11  ATP5PF  ATP5MJ  NDUFB8  NDUFS5  ATP5ME  NDUFA3  ATP5MK  NDUFA11  NDUFB1  NDUFA13  ENO1  TMSB4X  AFMID  NME1  ALDOA  TECR,6
4.09775659431633E-09\,37\,453\,3.36326633244802\,GO:0009150 purine ribonucleotide metabolic process\,http://amigo.geneontology.org/amigo/term/GO:0009150\,PKM  ENO1  PGK1  ENO3  GAPDH  ATP5F1E  PAICS  ALDOA  ATP5MC3  ATP5MC1  ATP5MG  HINT1  ATP5MF  NDUFB4  NDUFB2  NDUFB7  SDHB  NDUFB3  NDUFA1  NDUFA2  NDUFB10  NDUFB11  ATP5PF  ATP5MJ  NDUFB8  NDUFS5  ATP5ME  NDUFA3  ATP5MK  NDUFA11  NDUFB1  NDUFA13  PGAM1  TMSB4X  AK1  NME1  TECR,6
6.56574574151347E-09\,71\,1936\,2.19207857371624\,GO:0044281 small molecule metabolic process\,http://amigo.geneontology.org/amigo/term/GO:0044281\,MDH1  PKM  ASNS  HACD3  ENO1  FDFT1  TECR  PGK1  AK1  ENO3  GAPDH  PARK7  ACAT2  ATP5F1E  PAICS  IDH1  EPHX1  EBP  ALDOA  ATP5MC3  DBI  ATP5MC1  ATP5MG  HINT1  DHCR7  IDH2  AFMID  INSIG1  AKR1C1  ATP5MF  NDUFB4  NDUFB2  NDUFB7  SDHB  NDUFB3  NDUFA1  NDUFA2  NDUFB10  NDUFB11  ATP5PF  ATP5MJ  NDUFB8  NDUFS5  ATP5ME  NDUFA3  ATP5MK  NDUFA11  NDUFB1  NDUFA13  GSTP1  PTGDS  LDHB  SOD1  MGST3  TM7SF2  GPX4  PGAM1  TMSB4X  MIF  MSMO1  IDI1  PHGDH  PLTP  FABP3  FDPS  FABP5  NME1    XBP1  GLRX  VDAC1,6
9.65777541141464E-09\,37\,481\,3.26385944577468\,GO:0006163 purine nucleotide metabolic process\,http://amigo.geneontology.org/amigo/term/GO:0006163\,PKM  ENO1  PGK1  ENO3  GAPDH  ATP5F1E  PAICS  ALDOA  ATP5MC3  ATP5MC1  ATP5MG  HINT1  ATP5MF  NDUFB4  NDUFB2  NDUFB7  SDHB  NDUFB3  NDUFA1  NDUFA2  NDUFB10  NDUFB11  ATP5PF  ATP5MJ  NDUFB8  NDUFS5  ATP5ME  NDUFA3  ATP5MK  NDUFA11  NDUFB1  NDUFA13  PGAM1  TMSB4X  AK1  NME1  TECR,6
1.08841104474375E-08\,37\,472\,3.24786013476598\,GO:0009259 ribonucleotide metabolic process\,http://amigo.geneontology.org/amigo/term/GO:0009259\,PKM  ENO1  PGK1  ENO3  GAPDH  ATP5F1E  PAICS  ALDOA  ATP5MC3  ATP5MC1  ATP5MG  HINT1  ATP5MF  NDUFB4  NDUFB2  NDUFB7  SDHB  NDUFB3  NDUFA1  NDUFA2  NDUFB10  NDUFB11  ATP5PF  ATP5MJ  NDUFB8  NDUFS5  ATP5ME  NDUFA3  ATP5MK  NDUFA11  NDUFB1  NDUFA13  PGAM1  TMSB4X  AK1  NME1  TECR,6
2.53371977179447E-08\,37\,482\,3.15506413091552\,GO:0019693 ribose phosphate metabolic process\,http://amigo.geneontology.org/amigo/term/GO:0019693\,PKM  ENO1  PGK1  ENO3  GAPDH  ATP5F1E  PAICS  ALDOA  ATP5MC3  ATP5MC1  ATP5MG  HINT1  ATP5MF  NDUFB4  NDUFB2  NDUFB7  SDHB  NDUFB3  NDUFA1  NDUFA2  NDUFB10  NDUFB11  ATP5PF  ATP5MJ  NDUFB8  NDUFS5  ATP5ME  NDUFA3  ATP5MK  NDUFA11  NDUFB1  NDUFA13  PGAM1  TMSB4X  AK1  NME1  TECR,6
2.83927146714652E-08\,37\,505\,3.14011122034246\,GO:0072521 purine-containing compound metabolic process\,http://amigo.geneontology.org/amigo/term/GO:0072521\,PKM  ENO1  PGK1  ENO3  GAPDH  ATP5F1E  PAICS  ALDOA  ATP5MC3  ATP5MC1  ATP5MG  HINT1  ATP5MF  NDUFB4  NDUFB2  NDUFB7  SDHB  NDUFB3  NDUFA1  NDUFA2  NDUFB10  NDUFB11  ATP5PF  ATP5MJ  NDUFB8  NDUFS5  ATP5ME  NDUFA3  ATP5MK  NDUFA11  NDUFB1  NDUFA13  PGAM1  TMSB4X  AK1  NME1  TECR,6
9.04490599570033E-08\,39\,578\,2.90990712074303\,GO:0009117 nucleotide metabolic process\,http://amigo.geneontology.org/amigo/term/GO:0009117\,PKM  ENO1  PGK1  AK1  ENO3  GAPDH  PARK7  ATP5F1E  PAICS  ALDOA  ATP5MC3  ATP5MC1  ATP5MG  HINT1  ATP5MF  NDUFB4  NDUFB2  NDUFB7  SDHB  NDUFB3  NDUFA1  NDUFA2  NDUFB10  NDUFB11  ATP5PF  ATP5MJ  NDUFB8  NDUFS5  ATP5ME  NDUFA3  ATP5MK  NDUFA11  NDUFB1  NDUFA13  PGAM1  TMSB4X  AFMID  NME1  TECR,6
9.98761178746207E-08\,39\,588\,2.89783281733746\,GO:0006753 nucleoside phosphate metabolic process\,http://amigo.geneontology.org/amigo/term/GO:0006753\,PKM  ENO1  PGK1  AK1  ENO3  GAPDH  PARK7  ATP5F1E  PAICS  ALDOA  ATP5MC3  ATP5MC1  ATP5MG  HINT1  ATP5MF  NDUFB4  NDUFB2  NDUFB7  SDHB  NDUFB3  NDUFA1  NDUFA2  NDUFB10  NDUFB11  ATP5PF  ATP5MJ  NDUFB8  NDUFS5  ATP5ME  NDUFA3  ATP5MK  NDUFA11  NDUFB1  NDUFA13  PGAM1  TMSB4X  AFMID  NME1  TECR,6
1.47522216253565E-07\,38\,671\,2.9079939668175\,GO:0090407 organophosphate biosynthetic process\,http://amigo.geneontology.org/amigo/term/GO:0090407\,IDI1  AK1  ATP5F1E  PAICS  ATP5MC3  ATP5MC1  FDPS  ATP5MG  ATP5MF  NDUFB4  NDUFB2  NDUFB7  SDHB  NDUFB3  FABP3  NDUFA1  NDUFA2  NDUFB10  NDUFB11  ATP5PF  ATP5MJ  NDUFB8  NDUFS5  ATP5ME  NDUFA3  ATP5MK  NDUFA11  NDUFB1  NDUFA13  ENO1  TMSB4X  IDH1  FABP5  AFMID  NME1  ALDOA  TECR  XBP1,6
1.48371949659086E-07\,51\,1677\,2.422448694681\,GO:0006811 ion transport\,http://amigo.geneontology.org/amigo/term/GO:0006811\,ATP1B3  FKBP1B  AKAP9  NDFIP1  SARAF  CALM2  CALM3  FTH1  SLC25A6  SMDT1  CLIC1  ATP6AP2  CALM1  MFSD10  VDAC2  CTNNB1  GLRX  PSAP  TMSB4X  VDAC1  VDAC3  FTL  TUSC3  RAB3A  PARK7  ATP5F1E  COX6B1  COX4I1  COX7B  COX5B  FXYD6  ATP5MC3  ATP5PF  ATP5MC1  ATP5MG  ATP5ME  ARL6IP1  SNCG  UQCRH  COX8A  ATOX1  UQCR10  S100A6  ATP6V1G2  MIF  ATP5MF  MAGED2  COX17  NDUFA4  VAMP2  AKR1C1,6
2.72740033885255E-07\,19\,161\,5.00346020761246\,GO:1902600 proton transmembrane transport\,http://amigo.geneontology.org/amigo/term/GO:1902600\,ATP6AP2  TMSB4X  PARK7  COX6B1  COX4I1  COX7B  COX5B  ATP5MC3  ATP5PF  ATP5MC1  ATP5MG  ATP5ME  UQCRH  COX8A  UQCR10  ATP6V1G2  COX17  NDUFA4  ATP5MF,6
2.93213670925481E-07\,9\,24\,12.3972374374851\,GO:0006123 mitochondrial electron transport cytochrome c to oxygen\,http://amigo.geneontology.org/amigo/term/GO:0006123\,COX7C  COX4I1  COX5B  COX7A2  COX6B1  COX7B  COX6C  COX8A  NDUFA4,6
3.89580411026013E-07\,40\,660\,2.71320011258092\,GO:0055086 nucleobase-containing small molecule metabolic process\,http://amigo.geneontology.org/amigo/term/GO:0055086\,PKM  ENO1  PGK1  AK1  ENO3  GAPDH  PARK7  ATP5F1E  PAICS  ALDOA  ATP5MC3  ATP5MC1  ATP5MG  HINT1  ATP5MF  NDUFB4  NDUFB2  NDUFB7  SDHB  NDUFB3  NDUFA1  NDUFA2  NDUFB10  NDUFB11  ATP5PF  ATP5MJ  NDUFB8  NDUFS5  ATP5ME  NDUFA3  ATP5MK  NDUFA11  NDUFB1  NDUFA13  PGAM1  TMSB4X  AFMID  NME1  TECR  GLRX,6
6.56874472402363E-07\,48\,1083\,2.39426684029425\,GO:0019637 organophosphate metabolic process\,http://amigo.geneontology.org/amigo/term/GO:0019637\,IDI1  PKM  ENO1  FDFT1  PGK1  AK1  ENO3  GAPDH  PARK7  ATP5F1E  PAICS  ALDOA  ATP5MC3  ATP5MC1  FDPS  ATP5MG  HINT1  ATP5MF  NDUFB4  NDUFB2  NDUFB7  SDHB  NDUFB3  FABP3  NDUFA1  NDUFA2  NDUFB10  NDUFB11  ATP5PF  ATP5MJ  NDUFB8  NDUFS5  ATP5ME  NDUFA3  ATP5MK  NDUFA11  NDUFB1  NDUFA13  DBI  PGAM1  TMSB4X  IDH1  FABP5  AFMID  NME1  TECR  XBP1  GPX4,6
8.66572111003075E-07\,27\,178\,3.45351614329942\,GO:0002181 cytoplasmic translation\,http://amigo.geneontology.org/amigo/term/GO:0002181\,EIF3A  RPLP1  EIF4A2  RPL22L1  RPSA  RPL15  MCTS1  RPS5  RPS19  RPL28  RPL19  RPS12  RPL21  RPL35  RPL13A  RPL37  RPL10  FAU  RPL13  RPS9  RPS26  RPL12  RPL39  RACK1  RPS29  RPL41  PKM,6
1.81312363718916E-06\,37\,701\,2.69334742883033\,GO:1901137 carbohydrate derivative biosynthetic process\,http://amigo.geneontology.org/amigo/term/GO:1901137\,RPN2  ATP5F1E  PAICS  ITM2C  ITM2B  ATP5MC3  ATP5MC1  ATP5MG  OST4  ATP5MF  NDUFB4  NDUFB2  NDUFB7  SDHB  NDUFB3  NDUFA1  NDUFA2  NDUFB10  NDUFB11  ATP5PF  ATP5MJ  NDUFB8  NDUFS5  ATP5ME  NDUFA3  ATP5MK  NDUFA11  NDUFB1  NDUFA13  ENO1  TMSB4X  TUSC3  AK1  NME1  ALDOA  CTNNB1  TECR,6
3.66527957768067E-06\,14\,66\,5.83022535819713\,GO:0006120 mitochondrial electron transport NADH to ubiquinone\,http://amigo.geneontology.org/amigo/term/GO:0006120\,PARK7  NDUFB8    NDUFB4  NDUFB2  NDUFB7  NDUFB3  NDUFA1  NDUFA2  NDUFB10  NDUFS5  NDUFA3  NDUFB1  NDUFA4,6
5.3006643234121E-06\,29\,628\,3.01922384620923\,GO:0032787 monocarboxylic acid metabolic process\,http://amigo.geneontology.org/amigo/term/GO:0032787\,PKM  HACD3  ENO1  TECR  PGK1  ENO3  GAPDH  PARK7  ACAT2  EPHX1  ALDOA  DBI  AKR1C1  GSTP1  PTGDS  LDHB  GPX4  PGAM1  MIF  PHGDH  FABP3  IDH1  FABP5  IDH2  INSIG1    MSMO1  XBP1  VDAC1,6
7.42638696228705E-06\,47\,1151\,2.23839009287926\,GO:1901135 carbohydrate derivative metabolic process\,http://amigo.geneontology.org/amigo/term/GO:1901135\,PKM  ENO1  PGK1  ENO3  GAPDH  RPN2  ATP5F1E  PAICS  ITM2C  ITM2B  ALDOA  ATP5MC3  ATP5MC1  ATP5MG  HINT1  AKR1C1  OST4  ATP5MF  NDUFB4  NDUFB2  NDUFB7  SDHB  NDUFB3  NDUFA1  NDUFA2  NDUFB10  NDUFB11  ATP5PF  ATP5MJ  NDUFB8  NDUFS5  ATP5ME  NDUFA3  ATP5MK  NDUFA11  NDUFB1  NDUFA13  PARK7  PGAM1  TMSB4X  TUSC3  AK1  NME1  RAB1A  CST3  CTNNB1  TECR,6
2.42448661661526E-05\,37\,1218\,2.43589510107449\,GO:0034220 ion transmembrane transport\,http://amigo.geneontology.org/amigo/term/GO:0034220\,ATP1B3  FKBP1B  AKAP9  CALM2  CALM3  SLC25A6  SMDT1  ATP6AP2  CALM1  GLRX  TMSB4X  VDAC3  TUSC3  MFSD10  PARK7  COX6B1  COX4I1  COX7B  COX5B  ATP5MC3  ATP5PF  ATP5MC1  VDAC2  ATP5MG  ATP5ME  ARL6IP1  UQCRH  COX8A  UQCR10  S100A6  VDAC1  CLIC1  ATP6V1G2  COX17  NDUFA4  VAMP2  ATP5MF,6
2.77178156823545E-05\,14\,76\,5.01399380804953\,GO:0010257 NADH dehydrogenase complex assembly\,http://amigo.geneontology.org/amigo/term/GO:0010257\,NDUFB3  NDUFS5  NDUFA11  NDUFB4  NDUFB2  NDUFB7  NDUFA1  NDUFA2  NDUFB10  NDUFB11  NDUFB8  NDUFA3  NDUFB1  NDUFA13,6
2.77178156823545E-05\,14\,76\,5.01399380804953\,GO:0032981 mitochondrial respiratory chain complex I assembly\,http://amigo.geneontology.org/amigo/term/GO:0032981\,NDUFB3  NDUFS5  NDUFA11  NDUFB4  NDUFB2  NDUFB7  NDUFA1  NDUFA2  NDUFB10  NDUFB11  NDUFB8  NDUFA3  NDUFB1  NDUFA13,6
4.85632540779502E-05\,13\,102\,5.17316821465428\,GO:0030901 midbrain development\,http://amigo.geneontology.org/amigo/term/GO:0030901\,HSPA5  ACTB  DYNLL1  ENO3  COX6B1  YWHAQ  CALM2  ATP5PF  CALM3  BASP1  CALM1  CTNNB1  UQCRQ,6
5.01944493618772E-05\,11\,51\,6.15557275541796\,GO:0021762 substantia nigra development\,http://amigo.geneontology.org/amigo/term/GO:0021762\,HSPA5  ACTB  DYNLL1  ENO3  COX6B1  YWHAQ  CALM2  ATP5PF  CALM3  BASP1  CALM1,6
5.01944493618772E-05\,11\,107\,6.15557275541796\,GO:0098869 cellular oxidant detoxification\,http://amigo.geneontology.org/amigo/term/GO:0098869\,PRDX1  SOD1  PRDX2  GSTP1  PARK7  PRDX5  TXN  MGST3  GPX4  GLRX  SELENOW,6
6.05861079631513E-05\,9\,129\,7.67448031844317\,GO:0006690 icosanoid metabolic process\,http://amigo.geneontology.org/amigo/term/GO:0006690\,EPHX1  AKR1C1  GSTP1  PTGDS  MGST3  GPX4  MIF  FABP5,6
7.23446800787222E-05\,30\,840\,2.60783311791758\,GO:0098662 inorganic cation transmembrane transport\,http://amigo.geneontology.org/amigo/term/GO:0098662\,ATP1B3  FKBP1B  AKAP9  CALM2  CALM3  SMDT1  ATP6AP2  CALM1  GLRX  TMSB4X  TUSC3  PARK7  COX6B1  COX4I1  COX7B  COX5B  ATP5MC3  ATP5PF  ATP5MC1  ATP5MG  ATP5ME  UQCRH  COX8A  UQCR10  ATP6V1G2  COX17  NDUFA4  VDAC1  VAMP2  ATP5MF,6
8.91467704485845E-05\,44\,1653\,2.11236813054557\,GO:0055085 transmembrane transport\,http://amigo.geneontology.org/amigo/term/GO:0055085\,ATP1B3  FKBP1B  ROMO1  AKAP9  SEC61G  CALM2  CALM3  SLC25A6  SMDT1  ATP6AP2  CALM1  GLRX  TMSB4X  VDAC3  TUSC3  OAZ1  MFSD10  PARK7  COX6B1  COX4I1  COX7B  COX5B  ATP5MC3  ATP5PF  ATP5MC1  FABP5  VDAC2  ATP5MG  ATP5ME  ARL6IP1  UQCRH  COX8A  OAZ2  UQCR10  S100A6  VDAC1  CLIC1  ATP6V1G2  ACTB  HSPA5  COX17  NDUFA4  VAMP2  ATP5MF,6
9.48277742421565E-05\,31\,942\,2.52327610470025\,GO:0098660 inorganic ion transmembrane transport\,http://amigo.geneontology.org/amigo/term/GO:0098660\,ATP1B3  FKBP1B  AKAP9  CALM2  CALM3  SMDT1  ATP6AP2  CALM1  GLRX  TMSB4X  TUSC3  PARK7  COX6B1  COX4I1  COX7B  COX5B  ATP5MC3  ATP5PF  ATP5MC1  ATP5MG  ATP5ME  UQCRH  COX8A  UQCR10  CLIC1  ATP6V1G2  COX17  NDUFA4  VDAC1  VAMP2  ATP5MF,6
0.000102639614834567\,38\,1274\,2.25321386832879\,GO:0006812 cation transport\,http://amigo.geneontology.org/amigo/term/GO:0006812\,ATP1B3  FKBP1B  AKAP9  NDFIP1  SARAF  CALM2  CALM3  FTH1  SMDT1  ATP6AP2  CALM1  CTNNB1  GLRX  TMSB4X  FTL  TUSC3  RAB3A  PARK7  COX6B1  COX4I1  COX7B  COX5B  ATP5MC3  ATP5PF  ATP5MC1  ATP5MG  ATP5ME  SNCG  UQCRH  COX8A  UQCR10  ATP6V1G2  MAGED2  COX17  NDUFA4  VDAC1  VAMP2  ATP5MF,6
0.000114310258977949\,57\,999\,1.8694246929541\,GO:0006518 peptide metabolic process\,http://amigo.geneontology.org/amigo/term/GO:0006518\,RPS5  GSTP1  EIF3A  RPLP1  RPL13A  EEF1A1  EIF4A2  RPL22L1  RPSA  RPS9  GSTA4  RPL15  RPL12  RACK1  MCTS1  RPS19  RPL28  RPL19  RPS12  RPL21  RPL35  RPL37  RPL10  FAU  RPL13  RPS26  RPL39  RPS29  RPL41  MRPS6  MRPS21  CIRBP  EIF4G2  GAPDH  RTN4  PARK7  RTN3  RTN1  EIF1  CALR  NPM1  ATP6AP2  PKM  ELOB  OAZ1  APLP1  EIF1B  NGDN  IDH1  SOD1  SRP9  GPX4  SELENOW  OAZ2  CLIC1    SOX4,6
0.000169396413336916\,11\,72\,5.47162022703818\,GO:0048857 neural nucleus development\,http://amigo.geneontology.org/amigo/term/GO:0048857\,HSPA5  ACTB  DYNLL1  ENO3  COX6B1  YWHAQ  CALM2  ATP5PF  CALM3  BASP1  CALM1,6
0.000301820676221673\,11\,122\,5.18364021508881\,GO:1990748 cellular detoxification\,http://amigo.geneontology.org/amigo/term/GO:1990748\,PRDX1  SOD1  PRDX2  PARK7  GSTP1  PRDX5  TXN  MGST3  GPX4  GLRX  SELENOW,6
0.000439126860497855\,9\,57\,6.19861871874256\,GO:0043388 positive regulation of DNA binding\,http://amigo.geneontology.org/amigo/term/GO:0043388\,TXN  NEUROD1  HMGB1  NME1  CALM2  CALM3  CTNNB1  CALM1  PARK7,6
0.000473170106680541\,13\,128\,4.23259217562623\,GO:0051101 regulation of DNA binding\,http://amigo.geneontology.org/amigo/term/GO:0051101\,RSF1  TXN  NEUROD1  HMGB1  TMSB4X  NME1  CALM2  CALM3  CTNNB1  SOX11  CALM1  PARK7  MDFI,6
0.000500363255378704\,11\,130\,4.92445820433436\,GO:0097237 cellular response to toxic substance\,http://amigo.geneontology.org/amigo/term/GO:0097237\,PRDX1  SOD1  PRDX2  PARK7  GSTP1  PRDX5  TXN  MGST3  GPX4  GLRX  SELENOW,6
0.000621925479793449\,4\,5\,17.9071207430341\,GO:0051343 positive regulation of cyclic-nucleotide phosphodiesterase activity\,http://amigo.geneontology.org/amigo/term/GO:0051343\,CALM2  CALM3  CALM1  RACK1,6
0.000621925479793449\,30\,972\,2.33571140126531\,GO:0098655 cation transmembrane transport\,http://amigo.geneontology.org/amigo/term/GO:0098655\,ATP1B3  FKBP1B  AKAP9  CALM2  CALM3  SMDT1  ATP6AP2  CALM1  GLRX  TMSB4X  TUSC3  PARK7  COX6B1  COX4I1  COX7B  COX5B  ATP5MC3  ATP5PF  ATP5MC1  ATP5MG  ATP5ME  UQCRH  COX8A  UQCR10  ATP6V1G2  COX17  NDUFA4  VDAC1  VAMP2  ATP5MF,6
0.000621925479793449\,11\,147\,4.80434946764328\,GO:0098754 detoxification\,http://amigo.geneontology.org/amigo/term/GO:0098754\,PRDX1  SOD1  PRDX2  PARK7  GSTP1  PRDX5  TXN  MGST3  GPX4  GLRX  SELENOW,6
0.000667464453521143\,6\,142\,9.7675204052913\,GO:0019730 antimicrobial humoral response\,http://amigo.geneontology.org/amigo/term/GO:0019730\,RPS19  GAPDH  FAU  RPL39  HLA-A  ROMO1,6
0.000781028717906794\,9\,54\,5.75586023883237\,GO:0006695 cholesterol biosynthetic process\,http://amigo.geneontology.org/amigo/term/GO:0006695\,FDFT1  EBP  DHCR7  INSIG1  SOD1  TM7SF2  MSMO1  IDI1  FDPS,6
0.000781028717906794\,9\,54\,5.75586023883237\,GO:1902653 secondary alcohol biosynthetic process\,http://amigo.geneontology.org/amigo/term/GO:1902653\,FDFT1  EBP  DHCR7  INSIG1  SOD1  TM7SF2  MSMO1  IDI1  FDPS,6
0.000926496109935332\,60\,1301\,1.708151422229\,GO:0043603 cellular amide metabolic process\,http://amigo.geneontology.org/amigo/term/GO:0043603\,RPS5  GSTP1  EIF3A  RPLP1  RPL13A  EEF1A1  EIF4A2  RPL22L1  RPSA  RPS9  GSTA4  RPL15  RPL12  RACK1  MCTS1  RPS19  RPL28  RPL19  RPS12  RPL21  RPL35  RPL37  RPL10  FAU  RPL13  RPS26  RPL39  RPS29  RPL41  MRPS6  MRPS21  CIRBP  EIF4G2  GAPDH  RTN4  PARK7  RTN3  RTN1  PGAM1  EIF1  CALR  NPM1  ATP6AP2  PKM  ASNS  ELOB  OAZ1  APLP1  EIF1B  NGDN  IDH1  SOD1  SRP9  GPX4  SELENOW  OAZ2  CLIC1    SOX4  TECR,6
0.00103416015365068\,15\,113\,3.48840014474689\,GO:0033108 mitochondrial respiratory chain complex assembly\,http://amigo.geneontology.org/amigo/term/GO:0033108\,NDUFB3  COX17  NDUFS5  NDUFA11  NDUFB4  NDUFB2  NDUFB7  NDUFA1  NDUFA2  NDUFB10  NDUFB11  NDUFB8  NDUFA3  NDUFB1  NDUFA13,6
0.00151621051211292\,5\,94\,11.1919504643963\,GO:0061844 antimicrobial humoral immune response mediated by antimicrobial peptide\,http://amigo.geneontology.org/amigo/term/GO:0061844\,RPS19  GAPDH  FAU  RPL39  ROMO1,6
0.00152680938799528\,34\,983\,2.09224091155724\,GO:0019752 carboxylic acid metabolic process\,http://amigo.geneontology.org/amigo/term/GO:0019752\,MDH1  PKM  ASNS  HACD3  ENO1  TECR  PGK1  ENO3  GAPDH  PARK7  ACAT2  IDH1  EPHX1  ALDOA  DBI  IDH2  AFMID  AKR1C1  GSTP1  PTGDS  LDHB  MGST3  GPX4  PGAM1  MIF  PHGDH  SDHB  FABP3  FABP5  INSIG1    MSMO1  XBP1  VDAC1,6
0.00183608951419682\,9\,61\,5.19884150604214\,GO:0016126 sterol biosynthetic process\,http://amigo.geneontology.org/amigo/term/GO:0016126\,MSMO1  FDFT1  EBP  TM7SF2  DHCR7  INSIG1  SOD1  IDI1  FDPS,6
0.00194666519677012\,34\,1028\,2.06387154326494\,GO:0006082 organic acid metabolic process\,http://amigo.geneontology.org/amigo/term/GO:0006082\,MDH1  PKM  ASNS  HACD3  ENO1  TECR  PGK1  ENO3  GAPDH  PARK7  ACAT2  IDH1  EPHX1  ALDOA  DBI  IDH2  AFMID  AKR1C1  GSTP1  PTGDS  LDHB  MGST3  GPX4  PGAM1  MIF  PHGDH  SDHB  FABP3  FABP5  INSIG1    MSMO1  XBP1  VDAC1,6
0.00194666519677012\,6\,50\,8.26482495832341\,GO:0006692 prostanoid metabolic process\,http://amigo.geneontology.org/amigo/term/GO:0006692\,AKR1C1  GSTP1  PTGDS  MIF  FABP5,6
0.00194666519677012\,6\,50\,8.26482495832341\,GO:0006693 prostaglandin metabolic process\,http://amigo.geneontology.org/amigo/term/GO:0006693\,AKR1C1  GSTP1  PTGDS  MIF  FABP5,6
0.00194666519677012\,34\,1009\,2.06387154326494\,GO:0043436 oxoacid metabolic process\,http://amigo.geneontology.org/amigo/term/GO:0043436\,MDH1  PKM  ASNS  HACD3  ENO1  TECR  PGK1  ENO3  GAPDH  PARK7  ACAT2  IDH1  EPHX1  ALDOA  DBI  IDH2  AFMID  AKR1C1  GSTP1  PTGDS  LDHB  MGST3  GPX4  PGAM1  MIF  PHGDH  SDHB  FABP3  FABP5  INSIG1    MSMO1  XBP1  VDAC1,6
0.0026304916720294\,11\,152\,4.10371517027864\,GO:1902652 secondary alcohol metabolic process\,http://amigo.geneontology.org/amigo/term/GO:1902652\,FDFT1  IDH1  EBP  DHCR7  IDH2  INSIG1  SOD1  TM7SF2  MSMO1  IDI1  FDPS,6
0.00283452705044225\,24\,591\,2.38761609907121\,GO:0044283 small molecule biosynthetic process\,http://amigo.geneontology.org/amigo/term/GO:0044283\,ASNS  HACD3  FDFT1  TECR  PGK1  PARK7  EBP  DHCR7  INSIG1  GSTP1  PTGDS  SOD1  MGST3  TM7SF2  MIF  MSMO1  IDI1  PHGDH  PLTP  FDPS  FABP5    XBP1  GPX4,6
0.00308767811574055\,15\,236\,3.16008013112366\,GO:0051651 maintenance of location in cell\,http://amigo.geneontology.org/amigo/term/GO:0051651\,TMSB10  FTL  FKBP1B  AKAP9  CALM2  CALM3  FTH1  INSIG1  TMSB4X  CALM1  TXN  PARK7  HSPA5  HSP90B1  CALR,6
0.003963556204054\,10\,166\,4.26360017691287\,GO:0006633 fatty acid biosynthetic process\,http://amigo.geneontology.org/amigo/term/GO:0006633\,HACD3  TECR  GSTP1  PTGDS  MIF  FABP5  INSIG1    XBP1  GPX4,6
0.00484906983518501\,10\,128\,4.16444668442653\,GO:0032411 positive regulation of transporter activity\,http://amigo.geneontology.org/amigo/term/GO:0032411\,AKAP9  CALM3  ATP1B3  CALM2  GLRX  CALM1  TMSB4X  PARK7  COX17  NDUFA4,6
0.00484906983518501\,38\,1112\,1.87975300617485\,GO:0060548 negative regulation of cell death\,http://amigo.geneontology.org/amigo/term/GO:0060548\,SLC25A6  PTMA  PARK7  ENO1  GSTP1  XBP1  SON  ARL6IP1  NPM1  MIF  MYDGF  CTTN  SOX4  PRDX5  SERPINF1  SOD1  DRAXIN  NEUROD1  VDAC2  GPX4  PRDX2  CTNNB1  SOX11  MDM4  RACK1  SET  TXN  HSPA5  ASNS  MAP4K4  TMEM14A  RPL10  GHITM  HSP90B1  NDUFA13  PPIA  VDAC1  CFL1,6
0.00507144678201215\,8\,117\,5.11632021229544\,GO:0033559 unsaturated fatty acid metabolic process\,http://amigo.geneontology.org/amigo/term/GO:0033559\,EPHX1  AKR1C1  GSTP1  PTGDS  GPX4  MIF  FABP5,6
0.00527884506651514\,13\,250\,3.32560813799204\,GO:0009636 response to toxic substance\,http://amigo.geneontology.org/amigo/term/GO:0009636\,PRDX1  SOD1  PRDX2  PARK7  GSTP1  PRDX5  MAP1B  TXN  MGST3  EPHX1  GPX4  GLRX  SELENOW,6
0.0063090976504196\,4\,13\,11.938080495356\,GO:0051280 negative regulation of release of sequestered calcium ion into cytosol\,http://amigo.geneontology.org/amigo/term/GO:0051280\,FKBP1B  CALM2  CALM1  CALM3,6
0.0063090976504196\,4\,10\,11.938080495356\,GO:0051342 regulation of cyclic-nucleotide phosphodiesterase activity\,http://amigo.geneontology.org/amigo/term/GO:0051342\,CALM2  CALM3  CALM1  RACK1,6
0.0063090976504196\,4\,11\,11.938080495356\,GO:0060315 negative regulation of ryanodine-sensitive calcium-release channel activity\,http://amigo.geneontology.org/amigo/term/GO:0060315\,FKBP1B  CALM2  CALM1  CALM3,6
0.00646346253238553\,46\,784\,1.72689214712697\,GO:0006412 translation\,http://amigo.geneontology.org/amigo/term/GO:0006412\,RPS5  EIF3A  RPLP1  RPL13A  EEF1A1  EIF4A2  RPL22L1  RPSA  RPS9  RPL15  RPL12  RACK1  MCTS1  RPS19  RPL28  RPL19  RPS12  RPL21  RPL35  RPL37  RPL10  FAU  RPL13  RPS26  RPL39  RPS29  RPL41  MRPS6  MRPS21  CIRBP  EIF4G2  GAPDH  EIF1  CALR  NPM1  PKM  ELOB  OAZ1  APLP1  EIF1B  NGDN  SRP9  SELENOW  OAZ2    SOX4,6
0.00719021834961149\,11\,220\,3.64774681802546\,GO:0072330 monocarboxylic acid biosynthetic process\,http://amigo.geneontology.org/amigo/term/GO:0072330\,HACD3  TECR  PARK7  GSTP1  PTGDS  MIF  FABP5  INSIG1    XBP1  GPX4,6
0.00788736392888304\,3\,14\,17.9071207430341\,GO:0034163 regulation of toll-like receptor 9 signaling pathway\,http://amigo.geneontology.org/amigo/term/GO:0034163\,RTN4  PTPRS  HMGB1,6
0.00788736392888304\,10\,139\,3.89285233544219\,GO:0046165 alcohol biosynthetic process\,http://amigo.geneontology.org/amigo/term/GO:0046165\,FDFT1  PARK7  EBP  DHCR7  INSIG1  SOD1  TM7SF2  MSMO1  IDI1  FDPS,6
0.00788736392888304\,3\,4\,17.9071207430341\,GO:0071787 endoplasmic reticulum tubular network formation\,http://amigo.geneontology.org/amigo/term/GO:0071787\,RTN4  RTN3  ARL6IP1,6
0.00808664411542662\,7\,73\,5.44999326961906\,GO:0006749 glutathione metabolic process\,http://amigo.geneontology.org/amigo/term/GO:0006749\,GSTP1  GSTA4  PARK7  IDH1  SOD1  GPX4  CLIC1,6
0.00816475964905596\,46\,814\,1.70544007076515\,GO:0043043 peptide biosynthetic process\,http://amigo.geneontology.org/amigo/term/GO:0043043\,RPS5  EIF3A  RPLP1  RPL13A  EEF1A1  EIF4A2  RPL22L1  RPSA  RPS9  RPL15  RPL12  RACK1  MCTS1  RPS19  RPL28  RPL19  RPS12  RPL21  RPL35  RPL37  RPL10  FAU  RPL13  RPS26  RPL39  RPS29  RPL41  MRPS6  MRPS21  CIRBP  EIF4G2  GAPDH  EIF1  CALR  NPM1  PKM  ELOB  OAZ1  APLP1  EIF1B  NGDN  SRP9  SELENOW  OAZ2    SOX4,6
0.0108365742631776\,33\,578\,1.89402238628245\,GO:0007005 mitochondrion organization\,http://amigo.geneontology.org/amigo/term/GO:0007005\,UBL5  GABARAPL2  CHCHD2  COX7A2  NDUFB3  ROMO1  COX17  NDUFS5  SLC25A6  MLLT11  MICOS10  NDUFA13  CTTN  RAB3A  PARK7  ATP5IF1  CALM3  NDUFA11  VDAC1  MARCKS  NDUFB4  NDUFB2  TMEM14A  NDUFB7  NDUFA1  NDUFA2  NDUFB10  NDUFB11  VDAC2  GHITM  NDUFB8  NDUFA3  NDUFB1,6
0.0112294228192508\,16\,414\,2.67770029802378\,GO:0006631 fatty acid metabolic process\,http://amigo.geneontology.org/amigo/term/GO:0006631\,HACD3  TECR  ACAT2  EPHX1  DBI  AKR1C1  GSTP1  PTGDS  GPX4  MIF  FABP3  FABP5  INSIG1    MSMO1  XBP1,6
0.0120296501392467\,9\,117\,4.02910216718266\,GO:0032414 positive regulation of ion transmembrane transporter activity\,http://amigo.geneontology.org/amigo/term/GO:0032414\,AKAP9  CALM3  ATP1B3  CALM2  GLRX  CALM1  TMSB4X  COX17  NDUFA4,6
0.0124787226807481\,4\,12\,10.2326404245909\,GO:0034975 protein folding in endoplasmic reticulum\,http://amigo.geneontology.org/amigo/term/GO:0034975\,HSPA5  HSP90B1  PDIA3  CALR,6
0.0124787226807481\,38\,1222\,1.781336618417\,GO:0044092 negative regulation of molecular function\,http://amigo.geneontology.org/amigo/term/GO:0044092\,ATP5IF1  SERPINF1  SERPINI1  RSF1  GSTP1  CST3  GAPDH  ID2  PARK7  FKBP1B  CALM2  UCHL1  EIF4A2  ARL6IP1  NPM1  TCEAL7  PPIA  CALM1  RACK1  TMSB4X  ACTB  APLP2  PEBP1  OAZ1  GADD45A  SET  PRDX5  AKAP9  RPL37  CALM3  PRDX2  SOX11  OAZ2  PPP1R27  GTPBP4  STMN1  NDFIP1  MDFI,6
0.013021542941955\,42\,1160\,1.71712116714025\,GO:0051248 negative regulation of protein metabolic process\,http://amigo.geneontology.org/amigo/term/GO:0051248\,SERPINF1  ITM2C  ITM2B  RPL13A  SERPINI1  SVBP  SVIP  GSTP1  XBP1  CST3  GTPBP4  GAPDH  RTN4  PARK7  FKBP1B  RTN3  RTN1  UCHL1  DBI  CTNNB1  ARL6IP1  CALR  NPM1  PPIA  APLP2  PEBP1  CIRBP  GADD45A  PRDX5  SRP9  RPL37  RACK1  MIF  GABARAPL2  BEX4  LAPTM4B  SOX4  MDM4  SET  CALM2  CALM3  CALM1,6
0.0140985737700076\,46\,1916\,1.66074103665235\,GO:0042592 homeostatic process\,http://amigo.geneontology.org/amigo/term/GO:0042592\,ACTB  PRDX1  ACTG1  ATP1B3  FTL  FKBP1B  PRDX5  CALM2  CALM3  PRDX2  FTH1  SMDT1  ATP6AP2  CALM1  TXN  BSG  INSIG1  HMGB1  RACK1  RTN4  PARK7  FABP3  SOX4  ATP5IF1  SERPINF1  SOD1  GNG3  NEUROD1  FABP5  CTNNB1  ATOX1  NPM1  MIF  HACD3  RPS19  STMN1  NDFIP1  DYNLT1  ALDOA  XBP1  ID2  GADD45G  GSTP1  HSP90B1  CALR  AKR1C1,6
0.0150484317350703\,14\,329\,2.81685045396041\,GO:0046394 carboxylic acid biosynthetic process\,http://amigo.geneontology.org/amigo/term/GO:0046394\,ASNS  HACD3  TECR  PARK7  GSTP1  PTGDS  MGST3  MIF  PHGDH  FABP5  INSIG1    XBP1  GPX4,6
0.0162454515153095\,54\,1259\,1.57233255304689\,GO:0034645 cellular macromolecule biosynthetic process\,http://amigo.geneontology.org/amigo/term/GO:0034645\,RPS5  EIF3A  RPN2  ITM2C  ITM2B  RPLP1  RPL13A  EEF1A1  EIF4A2  RPL22L1  RPSA  RPS9  RPL15  RPL12  RACK1  OST4  MCTS1  RPS19  RPL28  RPL19  RPS12  RPL21  RPL35  RPL37  RPL10  FAU  RPL13  RPS26  RPL39  RPS29  RPL41  MRPS6  MRPS21  CIRBP  EIF4G2  GAPDH  DBI  EIF1  CALR  NPM1  PKM  ELOB  TUSC3  OAZ1  APLP1  EIF1B  NGDN  SRP9  SELENOW  OAZ2    SOX4  CTNNB1  SVIP,6
0.0166276137413361\,9\,172\,3.83724015922158\,GO:0006937 regulation of muscle contraction\,http://amigo.geneontology.org/amigo/term/GO:0006937\,FKBP1B  CALM2  CALM3  CALM1  SOD1  SSTR2  ENO1  CTTN  AKAP9,6
0.0167162367002776\,7\,302\,4.82114789235532\,GO:0006959 humoral immune response\,http://amigo.geneontology.org/amigo/term/GO:0006959\,MFAP4  RPS19  GAPDH  FAU  RPL39  HLA-A  ROMO1,6
0.0169561103422997\,28\,967\,1.95859133126935\,GO:0019725 cellular homeostasis\,http://amigo.geneontology.org/amigo/term/GO:0019725\,ATP1B3  FTL  PRDX1  FKBP1B  PRDX5  CALM2  CALM3  PRDX2  FTH1  SMDT1  ATP6AP2  CALM1  TXN  HMGB1  RACK1  RTN4  SOX4  SERPINF1  SOD1  GNG3  NEUROD1  ATOX1  NPM1  NDFIP1  ALDOA  XBP1  HSP90B1  CALR,6
0.0173199756532518\,33\,987\,1.83520181527989\,GO:0043069 negative regulation of programmed cell death\,http://amigo.geneontology.org/amigo/term/GO:0043069\,SLC25A6  PTMA  PARK7  ENO1  GSTP1  XBP1  SON  ARL6IP1  NPM1  MIF  MYDGF  CTTN  PRDX5  SOD1  DRAXIN  NEUROD1  VDAC2  GPX4  PRDX2  CTNNB1  MDM4  SET  HSPA5  ASNS  MAP4K4  TMEM14A  RPL10  GHITM  HSP90B1  NDUFA13  PPIA  VDAC1  CFL1,6
0.0178609844439289\,14\,331\,2.75494165277447\,GO:0016053 organic acid biosynthetic process\,http://amigo.geneontology.org/amigo/term/GO:0016053\,ASNS  HACD3  TECR  PARK7  GSTP1  PTGDS  MGST3  MIF  PHGDH  FABP5  INSIG1    XBP1  GPX4,6
0.0178609844439289\,21\,745\,2.21205609178656\,GO:0043269 regulation of ion transport\,http://amigo.geneontology.org/amigo/term/GO:0043269\,FKBP1B  AKAP9  SARAF  CALM2  CALM3  CALM1  ATP1B3  CTNNB1  GLRX  TMSB4X  RAB3A  PARK7  FXYD6  ARL6IP1  SNCG  CLIC1  MIF  COX17  NDUFA4  VDAC1  VAMP2,6
0.0179407944738227\,48\,959\,1.61568006704067\,GO:0043604 amide biosynthetic process\,http://amigo.geneontology.org/amigo/term/GO:0043604\,RPS5  EIF3A  RPLP1  RPL13A  EEF1A1  EIF4A2  RPL22L1  RPSA  RPS9  RPL15  RPL12  RACK1  MCTS1  RPS19  RPL28  RPL19  RPS12  RPL21  RPL35  RPL37  RPL10  FAU  RPL13  RPS26  RPL39  RPS29  RPL41  MRPS6  MRPS21  CIRBP  EIF4G2  GAPDH  EIF1  CALR  NPM1  PKM  ASNS  ELOB  OAZ1  APLP1  EIF1B  NGDN  SRP9  SELENOW  OAZ2    SOX4  TECR,6
0.0179407944738227\,5\,61\,6.88735413193618\,GO:0046456 icosanoid biosynthetic process\,http://amigo.geneontology.org/amigo/term/GO:0046456\,PTGDS  MGST3  MIF  FABP5,6
0.0182537472479448\,16\,354\,2.53552152113757\,GO:0051235 maintenance of location\,http://amigo.geneontology.org/amigo/term/GO:0051235\,TMSB10  FTL  FKBP1B  AKAP9  CALM2  CALM3  FTH1  INSIG1  TMSB4X  CALM1  TXN  PARK7  HSPA5  HSP90B1  MDFI  CALR,6
0.0184883636188075\,9\,142\,3.74800201598387\,GO:0008203 cholesterol metabolic process\,http://amigo.geneontology.org/amigo/term/GO:0008203\,FDFT1  EBP  DHCR7  INSIG1  SOD1  TM7SF2  MSMO1  IDI1  FDPS,6
0.0204613500111112\,4\,145\,8.95356037151703\,GO:0050830 defense response to Gram-positive bacterium\,http://amigo.geneontology.org/amigo/term/GO:0050830\,ROMO1  FAU  RPL39  HLA-A,6
0.0204613500111112\,4\,15\,8.95356037151703\,GO:0051284 positive regulation of sequestering of calcium ion\,http://amigo.geneontology.org/amigo/term/GO:0051284\,FKBP1B  CALM2  CALM1  CALM3,6
0.0204613500111112\,12\,235\,2.98452012383901\,GO:0072593 reactive oxygen species metabolic process\,http://amigo.geneontology.org/amigo/term/GO:0072593\,PRDX1  PRDX5  SOD1  PRDX2  PARK7  ROMO1  AKR1C1  ATP5IF1  VDAC1  GADD45A  NDUFA13  GSTP1,6
0.0233889542242021\,14\,300\,2.66701798300507\,GO:0032409 regulation of transporter activity\,http://amigo.geneontology.org/amigo/term/GO:0032409\,AKAP9  CALM2  CALM3  ATP1B3  FKBP1B  GLRX  CALM1  TMSB4X  PARK7  ACTB  NDFIP1  COX17  NDUFA4  VAMP2,6
0.0234659841682991\,3\,23\,13.4303405572755\,GO:0034162 toll-like receptor 9 signaling pathway\,http://amigo.geneontology.org/amigo/term/GO:0034162\,RTN4  PTPRS  HMGB1,6
0.0234659841682991\,3\,5\,13.4303405572755\,GO:1905912 regulation of calcium ion export across plasma membrane\,http://amigo.geneontology.org/amigo/term/GO:1905912\,CALM2  CALM3  CALM1,6
0.0234659841682991\,3\,5\,13.4303405572755\,GO:1905913 negative regulation of calcium ion export across plasma membrane\,http://amigo.geneontology.org/amigo/term/GO:1905913\,CALM2  CALM3  CALM1,6
0.0235301576553056\,10\,176\,3.31613347093223\,GO:0034767 positive regulation of ion transmembrane transport\,http://amigo.geneontology.org/amigo/term/GO:0034767\,AKAP9  CALM3  ATP1B3  CALM2  GLRX  CALM1  TMSB4X  ARL6IP1  COX17  NDUFA4,6
0.0235301576553056\,7\,131\,4.47678018575851\,GO:0046683 response to organophosphorus\,http://amigo.geneontology.org/amigo/term/GO:0046683\,HSP90B1  HSPA5  SOD1  BSG  AKR1C1  EZR  AKAP9,6
0.0235301576553056\,31\,1241\,1.8320816601784\,GO:0048878 chemical homeostasis\,http://amigo.geneontology.org/amigo/term/GO:0048878\,ATP1B3  FTL  FKBP1B  CALM2  CALM3  FTH1  SMDT1  ATP6AP2  CALM1  INSIG1  HMGB1  RACK1  RTN4  PARK7  FABP3  SOX4  SERPINF1  SOD1  GNG3  NEUROD1  FABP5  ATOX1  HACD3  STMN1  NDFIP1  DYNLT1  XBP1  GSTP1  HSP90B1  CALR  AKR1C1,6
0.0236432391162461\,5\,82\,6.39540026536931\,GO:0001895 retina homeostasis\,http://amigo.geneontology.org/amigo/term/GO:0001895\,ACTB  PRDX1  ACTG1  BSG  SOD1,6
0.0236432391162461\,5\,48\,6.39540026536931\,GO:1903018 regulation of glycoprotein metabolic process\,http://amigo.geneontology.org/amigo/term/GO:1903018\,ITM2C  ITM2B  RAB1A  CST3  CTNNB1,6
0.0240150404535995\,112\,4823\,1.29812137425231\,GO:0006810 transport\,http://amigo.geneontology.org/amigo/term/GO:0006810\,UBL5  ATP1B3  EZR  PLTP  RAB3A  FKBP1B  FABP3  ROMO1  AKAP9  NDFIP1  SEC61G  SARAF  RAB1A  SRP14  RAB13  SRP9  CALM2  CALM3  FABP5  FTH1  NSG1  SLC25A6  TRAPPC1  ARL6IP1  SNCG  ATOX1  SVBP  NPM1  SMDT1  SVIP  CLIC1  VAMP2  HNRNPA1  NEUROD1  ATP6AP2  CALM1  XBP1  LAPTM4B  MFSD10  SRSF3  HNRNPA2B1  DBI  VDAC2  CTNNB1  BSG  GLRX  CALR  NDUFA13  INSIG1  HMGB1  PSAP  TMSB4X  VDAC1  GABARAPL2  HSPA5  ACTB  VDAC3  CTTN  FTL  TUSC3  OAZ1  APLP1  PTGDS  LGALS3BP  PARK7  ATP5F1E  SOX4  COX6B1  ATP5IF1  COX4I1  COX7B  MAP1B  RTN3  YWHAQ  COX5B  TXN  FXYD6  SOD1  UCHL1  ATP5MC3  ATP5PF  ATP5MC1  ATP5MG  ATP5ME  UQCRH  COX8A  SOX11  OAZ2  NDUFB1  ACTG1  UQCR10  S100A13  S100A6  ATP6V1G2  NME1  MIF  ATP5MF    TMEM14A  MAGED2  COX17  DYNLT1  HSP90B1  NDUFA4  PPIA  RACK1  HSBP1  CECR2  TUBA1B  TUBA1A  AKR1C1  TUBB,6
0.0247327448000206\,32\,964\,1.80197441439336\,GO:0043066 negative regulation of apoptotic process\,http://amigo.geneontology.org/amigo/term/GO:0043066\,SLC25A6  PTMA  PARK7  ENO1  GSTP1  XBP1  SON  ARL6IP1  NPM1  MIF  MYDGF  CTTN  PRDX5  SOD1  DRAXIN  NEUROD1  VDAC2  PRDX2  CTNNB1  MDM4  SET  HSPA5  ASNS  MAP4K4  TMEM14A  RPL10  GHITM  HSP90B1  NDUFA13  PPIA  VDAC1  CFL1,6
0.0262138349743897\,19\,922\,2.2237600922722\,GO:0001817 regulation of cytokine production\,http://amigo.geneontology.org/amigo/term/GO:0001817\,GSTP1  LAPTM4B  GAPDH  PARK7  SOD1  BSG  ATP6AP2  S100A13  HMGB1  TMSB4X  HLA-A  MIF  PLD3  NDFIP1  EZR  PTPRS  RAB1A  XBP1  RTN4,6
0.0262138349743897\,19\,596\,2.2237600922722\,GO:0034762 regulation of transmembrane transport\,http://amigo.geneontology.org/amigo/term/GO:0034762\,FKBP1B  AKAP9  CALM2  CALM3  CALM1  ATP1B3  GLRX  TMSB4X  OAZ1  PARK7  FABP5  ARL6IP1  OAZ2  CLIC1  ACTB  COX17  NDUFA4  VDAC1  VAMP2,6
0.0272252951660171\,9\,163\,3.50356710189797\,GO:0016125 sterol metabolic process\,http://amigo.geneontology.org/amigo/term/GO:0016125\,MSMO1  FDFT1  EBP  TM7SF2  DHCR7  INSIG1  SOD1  IDI1  FDPS,6
0.027993588849536\,19\,930\,2.20932009167303\,GO:0001816 cytokine production\,http://amigo.geneontology.org/amigo/term/GO:0001816\,GSTP1  LAPTM4B  GAPDH  PARK7  SOD1  BSG  ATP6AP2  S100A13  HMGB1  TMSB4X  HLA-A  MIF  PLD3  NDFIP1  EZR  PTPRS  RAB1A  XBP1  RTN4,6
0.0280992882205138\,50\,1874\,1.55443756449948\,GO:0051049 regulation of transport\,http://amigo.geneontology.org/amigo/term/GO:0051049\,UBL5  EZR  RAB3A  FKBP1B  AKAP9  SARAF  RAB13  CALM2  CALM3  SLC25A6  SVIP  NEUROD1  CALM1  ATP1B3  XBP1  PLTP  DBI  CTNNB1  BSG  GLRX  INSIG1  HMGB1  TMSB4X  OAZ1  PARK7  FABP3  SOX4  ATP5IF1  MAP1B  TXN  FXYD6  SOD1  FABP5  ARL6IP1  SNCG  SOX11  CALR  OAZ2  CLIC1  MIF  ACTB  TMEM14A  NDFIP1  COX17  ACTG1  NDUFA4  PPIA  RACK1  VDAC1  VAMP2,6
0.0304367486818842\,4\,31\,7.95872033023736\,GO:0001516 prostaglandin biosynthetic process\,http://amigo.geneontology.org/amigo/term/GO:0001516\,PTGDS  MIF  FABP5,6
0.0304367486818842\,4\,23\,7.95872033023736\,GO:0010523 negative regulation of calcium ion transport into cytosol\,http://amigo.geneontology.org/amigo/term/GO:0010523\,FKBP1B  CALM2  CALM1  CALM3,6
0.0304367486818842\,4\,31\,7.95872033023736\,GO:0046457 prostanoid biosynthetic process\,http://amigo.geneontology.org/amigo/term/GO:0046457\,PTGDS  MIF  FABP5,6
0.033269425600447\,7\,125\,4.17832817337461\,GO:0002065 columnar/cuboidal epithelial cell differentiation\,http://amigo.geneontology.org/amigo/term/GO:0002065\,MAP1B  TUBB  CBFA2T2  SOX4  NEUROD1  CTNNB1  SOX11,6
0.0336910546875268\,13\,283\,2.64537010976639\,GO:0022898 regulation of transmembrane transporter activity\,http://amigo.geneontology.org/amigo/term/GO:0022898\,AKAP9  CALM2  CALM3  ATP1B3  FKBP1B  GLRX  CALM1  TMSB4X  PARK7  ACTB  COX17  NDUFA4  VAMP2,6
0.0354518537610128\,9\,105\,3.35758513931889\,GO:0006165 nucleoside diphosphate phosphorylation\,http://amigo.geneontology.org/amigo/term/GO:0006165\,PKM  ENO1  PGK1  AK1  ENO3  GAPDH  ALDOA  PGAM1  NME1,6
0.0372867724816274\,11\,246\,2.89674012019669\,GO:1901617 organic hydroxy compound biosynthetic process\,http://amigo.geneontology.org/amigo/term/GO:1901617\,MSMO1  FDFT1  PARK7  EBP  TM7SF2  DHCR7  INSIG1  SOD1  IDI1  PLTP  FDPS,6
0.0377981549982478\,16\,762\,2.32938156006947\,GO:0002252 immune effector process\,http://amigo.geneontology.org/amigo/term/GO:0002252\,MFAP4  XBP1  RPS19  HLA-A  PTGDS  PRDX1  NDFIP1  PRDX2  MIF    HMGB1  VAMP2  RTN4  TUBB4B  S100A13  TUBB,6
0.0392794221457076\,7\,277\,4.04354339358833\,GO:0001906 cell killing\,http://amigo.geneontology.org/amigo/term/GO:0001906\,RPS19  GAPDH  ROMO1  HLA-A  PRDX1  TUBB4B  TUBB,6
0.0392794221457076\,6\,71\,4.67142280253062\,GO:2000379 positive regulation of reactive oxygen species metabolic process\,http://amigo.geneontology.org/amigo/term/GO:2000379\,ROMO1  SOD1  AKR1C1  PARK7  GADD45A  GSTP1,6
0.0399444937516082\,9\,355\,3.2890629936185\,GO:0060326 cell chemotaxis\,http://amigo.geneontology.org/amigo/term/GO:0060326\,RPS19  PPIB  HMGB1  PPIA  TMSB4X  MIF  RAB13  BSG  CALR,6
0.0404790663954261\,5\,34\,5.59597523219814\,GO:0019674 NAD metabolic process\,http://amigo.geneontology.org/amigo/term/GO:0019674\,ENO1  PKM  PGK1  ENO3  LDHB,6
0.0404790663954261\,5\,55\,5.59597523219814\,GO:0042743 hydrogen peroxide metabolic process\,http://amigo.geneontology.org/amigo/term/GO:0042743\,PRDX5  PARK7  PRDX1  SOD1  PRDX2,6
0.0404790663954261\,5\,46\,5.59597523219814\,GO:1903170 negative regulation of calcium ion transmembrane transport\,http://amigo.geneontology.org/amigo/term/GO:1903170\,FKBP1B  CALM2  CALM1  CALM3  VDAC1,6
0.0429802330112385\,74\,3005\,1.38322227033875\,GO:0006796 phosphate-containing compound metabolic process\,http://amigo.geneontology.org/amigo/term/GO:0006796\,IDI1  PKM  MAP4K4  ENO1  FDFT1  PGK1  PTPRS  AK1  ENO3  GAPDH  PARK7  ATP5F1E  AKAP9  PAICS  ALDOA  ATP5MC3  ATP5MC1  FDPS  ATP5MG  HINT1  RACK1  ATP5MF  NDUFB4  NDUFB2  NDUFB7  SDHB  NDUFB3  FABP3  NDUFA1  NDUFA2  TXN  NDUFB10  NDUFB11  ATP5PF  ATP5MJ  NDUFB8  NDUFS5  ATP5ME  NDUFA3  ATP5MK  NDUFA11  NDUFB1  NDUFA13  GSTP1  DYNLL1  XBP1  GTPBP4  FKBP1B  SOD1  CALM2  UCHL1  DBI  EEF1A1  CALM3  HSP90B1  PGAM1  NPM1  PPIA  CALM1  TMSB4X  MIF  MYDGF  GADD45A  EPS8L1  RPLP1  IDH1  H3-3A  FABP5  AFMID  PPP1CB  NME1  ACTB  TECR  GPX4,6
0.0429802330112385\,50\,1810\,1.51755260534187\,GO:0010941 regulation of cell death\,http://amigo.geneontology.org/amigo/term/GO:0010941\,BEX2  SLC25A6  SNCG  PTMA  ACTB  PARK7  SOD1  ENO1  GSTP1  XBP1  GADD45A  GADD45G  SON  CTNNB1  ARL6IP1  NPM1  HMGB1  RACK1  MIF  MYDGF  CTTN  SOX4  PRDX5  SERPINF1  ITM2C  DRAXIN  NEUROD1  VDAC2  PDIA3  GPX4  PRDX2  SOX11  MDM4  SET  TXN  HSPA5  ASNS  MAP4K4  TMEM14A  RPL10  GHITM  HSP90B1  NDUFA13  PPIA  MLLT11  VDAC1  RTN4  CFL1  CALR  NME1,6
0.0430264883122921\,63\,2320\,1.43347980535088\,GO:0008219 cell death\,http://amigo.geneontology.org/amigo/term/GO:0008219\,BEX2  SLC25A6  SNCG  PTMA  MLLT11  ACTB  PARK7  SOD1  PKM  ENO1  GSTP1  CECR2  XBP1  GADD45A  GADD45G  SON  CTNNB1  ARL6IP1  NPM1  NDUFA13  HMGB1  PPIA  RACK1  VDAC1  MIF  HSPA5  MYDGF  CTTN  DYNLL1  TMEM14A  APLP1  MFSD10  GAPDH  SOX4  PRDX5  ATP5IF1  SERPINF1  RTN3  ITM2C  DRAXIN  NEUROD1  VDAC2  GHITM  BEX3  PDIA3  GPX4  PRDX2  HINT1  SOX11  MDM4  MARCKS  SET  TXN  ASNS  MAP4K4  RPL10  HSP90B1  NSG1  RTN4  EIF4G2  CFL1  CALR  NME1,6
0.0442785402003839\,9\,107\,3.22328173374613\,GO:0046939 nucleotide phosphorylation\,http://amigo.geneontology.org/amigo/term/GO:0046939\,PKM  ENO1  PGK1  AK1  ENO3  GAPDH  ALDOA  PGAM1  NME1,6
0.0444906383681115\,3\,66\,10.7442724458204\,GO:0002474 antigen processing and presentation of peptide antigen via MHC class I\,http://amigo.geneontology.org/amigo/term/GO:0002474\,PDIA3  HLA-A  CALR,6
0.0444906383681115\,3\,72\,10.7442724458204\,GO:0019731 antibacterial humoral response\,http://amigo.geneontology.org/amigo/term/GO:0019731\,FAU  RPL39  HLA-A,6
0.0444906383681115\,3\,10\,10.7442724458204\,GO:1990034 calcium ion export across plasma membrane\,http://amigo.geneontology.org/amigo/term/GO:1990034\,CALM2  CALM3  CALM1,6
0.0463798164900162\,31\,973\,1.73475232198142\,GO:0051050 positive regulation of transport\,http://amigo.geneontology.org/amigo/term/GO:0051050\,UBL5  EZR  AKAP9  CALM3  ATP1B3  XBP1  PLTP  CALM2  DBI  BSG  GLRX  CALM1  TMSB4X  OAZ1  PARK7  FABP3  SOX4  ATP5IF1  SOD1  ARL6IP1  SOX11  CALR  OAZ2  MIF  RAB3A  COX17  NDUFA4  PPIA  RACK1  VAMP2  ACTB,6
0.0482553930642797\,11\,152\,2.77434265032922\,GO:0031333 negative regulation of protein-containing complex assembly\,http://amigo.geneontology.org/amigo/term/GO:0031333\,TMSB10  SVIP  TMSB4X  PARK7  STMN2  PFN1  RPL13A  HMGB1  STMN1  VDAC2  HSPA5,6
0.0492779911642106\,9\,114\,3.16008013112366\,GO:0006090 pyruvate metabolic process\,http://amigo.geneontology.org/amigo/term/GO:0006090\,PKM  ENO1  PGK1  ENO3  GAPDH  ALDOA  LDHB  PGAM1  VDAC1,6
0.0494749199535939\,13\,382\,2.50314591031659\,GO:0006066 alcohol metabolic process\,http://amigo.geneontology.org/amigo/term/GO:0006066\,FDFT1  PARK7  IDH1  EBP  DHCR7  IDH2  INSIG1  AKR1C1  SOD1  TM7SF2  MSMO1  IDI1  FDPS,6
0.0494749199535939\,74\,3030\,1.37318853366272\,GO:0006793 phosphorus metabolic process\,http://amigo.geneontology.org/amigo/term/GO:0006793\,IDI1  PKM  MAP4K4  ENO1  FDFT1  PGK1  PTPRS  AK1  ENO3  GAPDH  PARK7  ATP5F1E  AKAP9  PAICS  ALDOA  ATP5MC3  ATP5MC1  FDPS  ATP5MG  HINT1  RACK1  ATP5MF  NDUFB4  NDUFB2  NDUFB7  SDHB  NDUFB3  FABP3  NDUFA1  NDUFA2  TXN  NDUFB10  NDUFB11  ATP5PF  ATP5MJ  NDUFB8  NDUFS5  ATP5ME  NDUFA3  ATP5MK  NDUFA11  NDUFB1  NDUFA13  GSTP1  DYNLL1  XBP1  GTPBP4  FKBP1B  SOD1  CALM2  UCHL1  DBI  EEF1A1  CALM3  HSP90B1  PGAM1  NPM1  PPIA  CALM1  TMSB4X  MIF  MYDGF  GADD45A  EPS8L1  RPLP1  IDH1  H3-3A  FABP5  AFMID  PPP1CB  NME1  ACTB  TECR  GPX4,6
0.0525081862339672\,14\,250\,2.38761609907121\,GO:2001234 negative regulation of apoptotic signaling pathway\,http://amigo.geneontology.org/amigo/term/GO:2001234\,SLC25A6  PARK7  ENO1  GSTP1  XBP1  MIF  CTTN  VDAC2  PRDX2  CTNNB1  TMEM14A  GHITM  NDUFA13  PPIA,6
0.0584562928587306\,46\,1627\,1.52260176373303\,GO:0043067 regulation of programmed cell death\,http://amigo.geneontology.org/amigo/term/GO:0043067\,BEX2  SLC25A6  PTMA  ACTB  PARK7  SOD1  ENO1  GSTP1  XBP1  GADD45A  GADD45G  SON  CTNNB1  ARL6IP1  NPM1  HMGB1  RACK1  MIF  MYDGF  CTTN  PRDX5  ITM2C  DRAXIN  NEUROD1  VDAC2  PDIA3  GPX4  PRDX2  MDM4  SET  HSPA5  ASNS  MAP4K4  TMEM14A  SOX4  RPL10  GHITM  HSP90B1  NDUFA13  PPIA  MLLT11  VDAC1  RTN4  CFL1  CALR  NME1,6
0.0589935274114735\,12\,354\,2.55816010614772\,GO:0006936 muscle contraction\,http://amigo.geneontology.org/amigo/term/GO:0006936\,FKBP1B  CALM2  CALM3  CALM1  SOD1  SSTR2  HSBP1  ENO1  CTTN  AKAP9  ALDOA  MYL6,6
0.0589935274114735\,4\,23\,6.5116802701942\,GO:0010881 regulation of cardiac muscle contraction by regulation of the release of sequestered calcium ion\,http://amigo.geneontology.org/amigo/term/GO:0010881\,FKBP1B  CALM2  CALM3  CALM1,6
0.0589935274114735\,4\,107\,6.5116802701942\,GO:0032637 interleukin-8 production\,http://amigo.geneontology.org/amigo/term/GO:0032637\,PARK7  HMGB1  TMSB4X  RAB1A,6
0.0589935274114735\,4\,107\,6.5116802701942\,GO:0032677 regulation of interleukin-8 production\,http://amigo.geneontology.org/amigo/term/GO:0032677\,PARK7  HMGB1  TMSB4X  RAB1A,6
0.0589935274114735\,113\,4987\,1.25761631072893\,GO:0051234 establishment of localization\,http://amigo.geneontology.org/amigo/term/GO:0051234\,UBL5  ATP1B3  EZR  PLTP  RAB3A  FKBP1B  FABP3  ROMO1  AKAP9  NDFIP1  SEC61G  SARAF  RAB1A  SRP14  RAB13  SRP9  CALM2  CALM3  FABP5  FTH1  NSG1  SLC25A6  TRAPPC1  ARL6IP1  SNCG  ATOX1  SVBP  NPM1  SMDT1  SVIP  CLIC1  VAMP2  HNRNPA1  NEUROD1  ATP6AP2  CALM1  XBP1  LAPTM4B  MFSD10  SRSF3  HNRNPA2B1  DBI  VDAC2  CTNNB1  BSG  GLRX  CALR  NDUFA13  INSIG1  HMGB1  PSAP  TMSB4X  VDAC1  GABARAPL2  HSPA5  ACTB  VDAC3  CTTN  FTL  TUSC3  OAZ1  APLP1  PTGDS  LGALS3BP  PARK7  ATP5F1E  SOX4  COX6B1  ATP5IF1  COX4I1  COX7B  MAP1B  RTN3  YWHAQ  COX5B  TXN  FXYD6  SOD1  UCHL1  ATP5MC3  ATP5PF  ATP5MC1  ATP5MG  ATP5ME  UQCRH  COX8A  SOX11  OAZ2  NDUFB1  ACTG1  UQCR10  S100A13  S100A6  ATP6V1G2  NME1  MIF  ATP5MF    TMEM14A  MAGED2  COX17  DYNLT1  HSP90B1  NDUFA4  PPIA  RACK1  HSBP1  CFL1  CECR2  TUBA1B  TUBA1A  AKR1C1  TUBB,6
0.0589935274114735\,4\,33\,6.5116802701942\,GO:0051481 negative regulation of cytosolic calcium ion concentration\,http://amigo.geneontology.org/amigo/term/GO:0051481\,FKBP1B  CALM2  CALM1  CALM3,6
0.0589935274114735\,4\,41\,6.5116802701942\,GO:0060563 neuroepithelial cell differentiation\,http://amigo.geneontology.org/amigo/term/GO:0060563\,MAP1B  TUBB  SOX4  SOX11,6
0.0589935274114735\,60\,1859\,1.42496982040059\,GO:0065003 protein-containing complex assembly\,http://amigo.geneontology.org/amigo/term/GO:0065003\,RSF1  TMSB10  RPS5  CTTN  RPS19  EIF3A  PFN1  COX7A2  NDUFB3  SNRPD2  POMP  COX17  RPL10  TPPP3  RPSA  NDUFS5  NSG1  TBCA  SVIP  TMSB4X  VAMP2  MCTS1  PARK7  SNRPG  TRAPPC1  STMN2  H3-3B  RPL13A  H3-3A  PDIA3  NPM1  HMGB1  MDM4  RACK1  RAB3A  STMN1  SET  MAP1B  VDAC2  NDUFA11  CALR  NDUFB1  NDUFB4  NDUFB2  NDUFB7  SUB1  RTN4  NDUFA1  AKAP9  NDUFA2  NDUFB10  NDUFB11  NDUFB8  GPX4  NDUFA3  NDUFA13  MIF  HSPA5  ALDOA  ELOB,6
0.0593602468595394\,69\,2618\,1.38054897348531\,GO:0007399 nervous system development\,http://amigo.geneontology.org/amigo/term/GO:0007399\,HSPA5  ACTB  DYNLL1  ENO3  COX6B1  YWHAQ  CALM2  ATP5PF  CALM3  BASP1  CALM1  STMN4  MAP4K4  PAFAH1B3  APLP2  STMN2  APLP1  RAB3A  STMN1  NEUROD4  MAP1B  NREP  TUBB2A  TUBB2B  DRAXIN  NEUROD1  GAP43  BSG  MARCKSL1  SOX11  TUBB3  MARCKS  CTNNB1  CBFA2T2  RTN4  SERPINF1  ITM2C  CALR  PHGDH  CECR2  TBCB  PTPRS  PFN1  FKBP1B  SOX4  SOD1  DYNLT1  UCHL1  SERPINI1  UQCRQ  SSTR2  ATP6AP2  PPIA  ELAVL3  NME1  RTN1  COX7B  RAB13  CFL1  SVBP  CTTN  XBP1  ID2  HMGB1  S100A6  GSTP1  MSI1  ITM2B  TAGLN3,6
0.0593602468595394\,34\,1272\,1.64997860504921\,GO:1901701 cellular response to oxygen-containing compound\,http://amigo.geneontology.org/amigo/term/GO:1901701\,PKM  PRDX1  SOD1  RAB13  PRDX2  SSTR2  INSIG1  XBP1  APLP1  PARK7  RGS10  HSP90B1  CTNNB1  NDUFA13  AKR1C1  RACK1  HSPA5  FKBP1B  SOX4  MAP1B  SERPINF1  NEUROD1  NSG1  MIF  TXN  ACTB  EZR  ROMO1  PRDX5  AKAP9  H2AZ1  GSTP1  HMGB1  VAMP2,6
0.0595153764027707\,9\,193\,3.0408318242888\,GO:0006694 steroid biosynthetic process\,http://amigo.geneontology.org/amigo/term/GO:0006694\,MSMO1  FDFT1  EBP  TM7SF2  DHCR7  INSIG1  SOD1  IDI1  FDPS,6
0.0614097462913889\,5\,37\,4.97420020639835\,GO:0006734 NADH metabolic process\,http://amigo.geneontology.org/amigo/term/GO:0006734\,MDH1  ENO1  PKM  PGK1  ENO3,6
0.0614097462913889\,5\,76\,4.97420020639835\,GO:0051926 negative regulation of calcium ion transport\,http://amigo.geneontology.org/amigo/term/GO:0051926\,FKBP1B  CALM2  CALM1  CALM3  VDAC1,6
0.0650170809085044\,8\,125\,3.2558401350971\,GO:0034763 negative regulation of transmembrane transport\,http://amigo.geneontology.org/amigo/term/GO:0034763\,FKBP1B  CALM2  CALM1  OAZ1  CALM3  FABP5  OAZ2  VDAC1,6
0.0663230317141378\,18\,756\,2.05304569028416\,GO:0030855 epithelial cell differentiation\,http://amigo.geneontology.org/amigo/term/GO:0030855\,PSAP  MAP1B  AKR1C1  TUBB  CBFA2T2  PTPRS  SOX4  MSI1  SOD1  NEUROD1  CTNNB1  BASP1  SOX11  PGK1  VDAC1  EZR  ID2  RAB13,6
0.068222133940498\,2\,8\,17.9071207430341\,GO:0002397 MHC class I protein complex assembly\,http://amigo.geneontology.org/amigo/term/GO:0002397\,PDIA3  CALR,6
0.068222133940498\,2\,8\,17.9071207430341\,GO:0002502 peptide antigen assembly with MHC class I protein complex\,http://amigo.geneontology.org/amigo/term/GO:0002502\,PDIA3  CALR,6
0.068222133940498\,8\,69\,3.18348813209494\,GO:0006414 translational elongation\,http://amigo.geneontology.org/amigo/term/GO:0006414\,EEF1A1  RACK1  ELOB  OAZ1  RPLP1  SRP9  SELENOW  OAZ2,6
0.068222133940498\,2\,3\,17.9071207430341\,GO:0006452 translational frameshifting\,http://amigo.geneontology.org/amigo/term/GO:0006452\,OAZ1  OAZ2,6
0.068222133940498\,3\,19\,8.95356037151703\,GO:0019430 removal of superoxide radicals\,http://amigo.geneontology.org/amigo/term/GO:0019430\,PRDX1  SOD1  PRDX2,6
0.068222133940498\,2\,5\,17.9071207430341\,GO:0022009 central nervous system vasculogenesis\,http://amigo.geneontology.org/amigo/term/GO:0022009\,CTNNB1  RTN4,6
0.068222133940498\,3\,61\,8.95356037151703\,GO:0031640 killing of cells of another organism\,http://amigo.geneontology.org/amigo/term/GO:0031640\,RPS19  GAPDH  ROMO1,6
0.068222133940498\,2\,15\,17.9071207430341\,GO:0032905 transforming growth factor beta1 production\,http://amigo.geneontology.org/amigo/term/GO:0032905\,LAPTM4B  ATP6AP2,6
0.068222133940498\,2\,12\,17.9071207430341\,GO:0032908 regulation of transforming growth factor beta1 production\,http://amigo.geneontology.org/amigo/term/GO:0032908\,LAPTM4B  ATP6AP2,6
0.068222133940498\,2\,6\,17.9071207430341\,GO:0034165 positive regulation of toll-like receptor 9 signaling pathway\,http://amigo.geneontology.org/amigo/term/GO:0034165\,RTN4  HMGB1,6
0.068222133940498\,15\,511\,2.21989100120257\,GO:0034765 regulation of ion transmembrane transport\,http://amigo.geneontology.org/amigo/term/GO:0034765\,FKBP1B  AKAP9  CALM2  CALM3  CALM1  ATP1B3  GLRX  TMSB4X  PARK7  ARL6IP1  CLIC1  COX17  NDUFA4  VDAC1  VAMP2,6
0.068222133940498\,45\,1594\,1.51185822408355\,GO:0042981 regulation of apoptotic process\,http://amigo.geneontology.org/amigo/term/GO:0042981\,BEX2  SLC25A6  PTMA  ACTB  PARK7  SOD1  ENO1  GSTP1  XBP1  GADD45A  GADD45G  SON  CTNNB1  ARL6IP1  NPM1  HMGB1  RACK1  MIF  MYDGF  CTTN  PRDX5  ITM2C  DRAXIN  NEUROD1  VDAC2  PDIA3  PRDX2  MDM4  SET  HSPA5  ASNS  MAP4K4  TMEM14A  SOX4  RPL10  GHITM  HSP90B1  NDUFA13  PPIA  MLLT11  VDAC1  RTN4  CFL1  CALR  NME1,6
0.068222133940498\,22\,867\,1.87598407784166\,GO:0055082 cellular chemical homeostasis\,http://amigo.geneontology.org/amigo/term/GO:0055082\,ATP1B3  FTL  FKBP1B  CALM2  CALM3  FTH1  SMDT1  ATP6AP2  CALM1  HMGB1  RACK1  RTN4  SOX4  SERPINF1  SOD1  GNG3  NEUROD1  ATOX1  NDFIP1  XBP1  HSP90B1  CALR,6
0.068222133940498\,2\,20\,17.9071207430341\,GO:0060231 mesenchymal to epithelial transition\,http://amigo.geneontology.org/amigo/term/GO:0060231\,CTNNB1  BASP1,6
0.068222133940498\,3\,9\,8.95356037151703\,GO:0060316 positive regulation of ryanodine-sensitive calcium-release channel activity\,http://amigo.geneontology.org/amigo/term/GO:0060316\,CALM3  CALM2  CALM1,6
0.068222133940498\,2\,4\,17.9071207430341\,GO:0150111 regulation of transepithelial transport\,http://amigo.geneontology.org/amigo/term/GO:0150111\,ACTB  ACTG1,6
0.068222133940498\,2\,5\,17.9071207430341\,GO:1901842 negative regulation of high voltage-gated calcium channel activity\,http://amigo.geneontology.org/amigo/term/GO:1901842\,CALM3  CALM1,6
0.068222133940498\,3\,12\,8.95356037151703\,GO:1901844 regulation of cell communication by electrical coupling involved in cardiac conduction\,http://amigo.geneontology.org/amigo/term/GO:1901844\,CALM2  CALM3  CALM1,6
0.068222133940498\,2\,3\,17.9071207430341\,GO:1902268 negative regulation of polyamine transmembrane transport\,http://amigo.geneontology.org/amigo/term/GO:1902268\,OAZ1  OAZ2,6
0.068222133940498\,3\,15\,8.95356037151703\,GO:1903019 negative regulation of glycoprotein metabolic process\,http://amigo.geneontology.org/amigo/term/GO:1903019\,ITM2C  ITM2B  CST3,6
0.068222133940498\,2\,4\,17.9071207430341\,GO:1905448 positive regulation of mitochondrial ATP synthesis coupled electron transport\,http://amigo.geneontology.org/amigo/term/GO:1905448\,CHCHD2  GHITM,6
0.068222133940498\,2\,15\,17.9071207430341\,GO:2000343 positive regulation of chemokine (C-X-C motif) ligand 2 production\,http://amigo.geneontology.org/amigo/term/GO:2000343\,HMGB1  MIF,6
0.069630851437301\,4\,13\,5.96904024767802\,GO:0006122 mitochondrial electron transport ubiquinol to cytochrome c\,http://amigo.geneontology.org/amigo/term/GO:0006122\,UQCRQ  UQCRH  UQCR10  UQCR11,6
0.069630851437301\,4\,16\,5.96904024767802\,GO:0006735 NADH regeneration\,http://amigo.geneontology.org/amigo/term/GO:0006735\,ENO1  PKM  PGK1  ENO3,6
0.069630851437301\,4\,25\,5.96904024767802\,GO:0010155 regulation of proton transport\,http://amigo.geneontology.org/amigo/term/GO:0010155\,TMSB4X  PARK7  COX17  NDUFA4,6
0.069630851437301\,38\,1169\,1.56790458118731\,GO:0048666 neuron development\,http://amigo.geneontology.org/amigo/term/GO:0048666\,STMN4  MAP4K4  ACTB  APLP2  STMN2  APLP1  RAB3A  STMN1  MAP1B  NREP  DRAXIN  GAP43  BSG  TUBB3  CBFA2T2  RTN4  ITM2C  HSPA5  PHGDH  CECR2  PTPRS  FKBP1B  NEUROD4  SERPINF1  SOD1  UCHL1  NEUROD1  SERPINI1  UQCRQ  TUBB2B  RAB13  CTNNB1  CFL1  SVBP  CTTN  XBP1  HMGB1  S100A6,6
0.069630851437301\,4\,19\,5.96904024767802\,GO:0061615 glycolytic process through fructose-6-phosphate\,http://amigo.geneontology.org/amigo/term/GO:0061615\,ENO1  PKM  PGK1  ENO3,6
0.069630851437301\,4\,18\,5.96904024767802\,GO:0061620 glycolytic process through glucose-6-phosphate\,http://amigo.geneontology.org/amigo/term/GO:0061620\,ENO1  PKM  PGK1  ENO3,6
0.069630851437301\,4\,16\,5.96904024767802\,GO:0061621 canonical glycolysis\,http://amigo.geneontology.org/amigo/term/GO:0061621\,ENO1  PKM  PGK1  ENO3,6
0.069630851437301\,4\,16\,5.96904024767802\,GO:0061718 glucose catabolic process to pyruvate\,http://amigo.geneontology.org/amigo/term/GO:0061718\,ENO1  PKM  PGK1  ENO3,6
0.069630851437301\,18\,395\,2.01455108359133\,GO:2001233 regulation of apoptotic signaling pathway\,http://amigo.geneontology.org/amigo/term/GO:2001233\,SLC25A6  PARK7  ENO1  GSTP1  XBP1  MIF  CTTN  ITM2C  VDAC2  PDIA3  PRDX2  CTNNB1  TMEM14A  SOD1  GHITM  NDUFA13  PPIA  RACK1,6
0.0698521572698059\,44\,1449\,1.50652641050382\,GO:0030182 neuron differentiation\,http://amigo.geneontology.org/amigo/term/GO:0030182\,STMN4  MAP4K4  ACTB  APLP2  STMN2  APLP1  RAB3A  STMN1  NEUROD4  MAP1B  NREP  DRAXIN  NEUROD1  GAP43  BSG  SOX11  TUBB3  CTNNB1  CBFA2T2  RTN4  ITM2C  CALR  HSPA5  PHGDH  CECR2  PTPRS  FKBP1B  SOX4  SERPINF1  SOD1  UCHL1  SERPINI1  UQCRQ  PPIA  RTN1  TUBB2B  RAB13  CFL1  SVBP  CTTN  XBP1  ID2  HMGB1  S100A6,6
0.0726522684030249\,58\,2127\,1.40924423757934\,GO:0012501 programmed cell death\,http://amigo.geneontology.org/amigo/term/GO:0012501\,BEX2  SLC25A6  PTMA  MLLT11  ACTB  PARK7  SOD1  PKM  ENO1  GSTP1  CECR2  XBP1  GADD45A  GADD45G  SON  CTNNB1  ARL6IP1  NPM1  NDUFA13  HMGB1  PPIA  RACK1  VDAC1  MIF  HSPA5  MYDGF  CTTN  DYNLL1  TMEM14A  APLP1  MFSD10  GAPDH  PRDX5  ATP5IF1  RTN3  ITM2C  DRAXIN  NEUROD1  VDAC2  GHITM  BEX3  PDIA3  GPX4  PRDX2  HINT1  MDM4  MARCKS  SET  ASNS  MAP4K4  SOX4  RPL10  HSP90B1  NSG1  RTN4  CFL1  CALR  NME1,6
0.0726522684030249\,8\,97\,3.11428186835375\,GO:0046031 ADP metabolic process\,http://amigo.geneontology.org/amigo/term/GO:0046031\,PKM  ENO1  PGK1  ENO3  GAPDH  ALDOA  PGAM1  AK1,6
0.0788133237770499\,7\,277\,3.38783365408752\,GO:0097529 myeloid leukocyte migration\,http://amigo.geneontology.org/amigo/term/GO:0097529\,RPS19  PPIB  HMGB1  PPIA  MIF  BSG  RTN4,6
0.0809035215038987\,9\,275\,2.82744011732117\,GO:0010951 negative regulation of endopeptidase activity\,http://amigo.geneontology.org/amigo/term/GO:0010951\,SERPINF1  SERPINI1  GAPDH  ARL6IP1  APLP2  PEBP1  CST3  PRDX5  PARK7,6
0.0843175692794366\,11\,299\,2.49339655915664\,GO:0043270 positive regulation of ion transport\,http://amigo.geneontology.org/amigo/term/GO:0043270\,AKAP9  CALM3  ATP1B3  CALM2  GLRX  CALM1  TMSB4X  ARL6IP1  MIF  COX17  NDUFA4,6
0.0848536354139648\,15\,1482\,2.13180008845644\,GO:0007186 G protein-coupled receptor signaling pathway\,http://amigo.geneontology.org/amigo/term/GO:0007186\,GNG3  GNG8  GNG5  SSTR2  PSAP  APLP1  RGS10  EZR  STMN1  DYNLT1  APLP2  CALM2  CALM3  GAP43  CALM1,6
0.0907133585775207\,4\,28\,5.50988330554894\,GO:0010882 regulation of cardiac muscle contraction by calcium ion signaling\,http://amigo.geneontology.org/amigo/term/GO:0010882\,FKBP1B  CALM2  CALM3  CALM1,6
0.0907133585775207\,15\,509\,2.11501426098827\,GO:0052547 regulation of peptidase activity\,http://amigo.geneontology.org/amigo/term/GO:0052547\,SERPINF1  SERPINI1  NDUFA13  CST3  GAPDH  PARK7  ARL6IP1  HMGB1  APLP2  PEBP1  PRDX5  SVBP  RACK1  HSPE1  BEX3,6
0.0907133585775207\,4\,79\,5.50988330554894\,GO:0070527 platelet aggregation\,http://amigo.geneontology.org/amigo/term/GO:0070527\,ACTB  ACTG1  CLIC1  PPIA,6
0.0907133585775207\,4\,28\,5.50988330554894\,GO:0086064 cell communication by electrical coupling involved in cardiac conduction\,http://amigo.geneontology.org/amigo/term/GO:0086064\,CALM2  CALM3  CALM1  FKBP1B,6
0.0907133585775207\,4\,41\,5.50988330554894\,GO:1901020 negative regulation of calcium ion transmembrane transporter activity\,http://amigo.geneontology.org/amigo/term/GO:1901020\,FKBP1B  CALM2  CALM1  CALM3,6
0.091896066000559\,19\,568\,1.91143423661599\,GO:0010035 response to inorganic substance\,http://amigo.geneontology.org/amigo/term/GO:0010035\,PRDX1  SOD1  PRDX2  SELENOW  PARK7  HNRNPA1  CALM2  CALM3  CALM1  HSPA5  CUTA  FKBP1B  MAP1B  SERPINF1  BSG  CALR  ACTG1  RACK1  TXN,6
0.0927621948778362\,16\,456\,2.04652808491818\,GO:0051051 negative regulation of transport\,http://amigo.geneontology.org/amigo/term/GO:0051051\,SVIP  FKBP1B  CALM2  INSIG1  HMGB1  CALM1  OAZ1  MAP1B  TXN  CALM3  FABP5  OAZ2  PARK7  NDFIP1  RACK1  VDAC1,6
0.0958304045077122\,65\,2069\,1.35660005629046\,GO:0043933 protein-containing complex organization\,http://amigo.geneontology.org/amigo/term/GO:0043933\,RSF1  STMN4  TMSB10  RPS5  CTTN  PLTP  STMN2  RPS19  EIF3A  PFN1  COX7A2  STMN1  NDUFB3  SNRPD2  DSTN  MAP1B  POMP  COX17  RPL10  TPPP3  RPSA  NDUFS5  NSG1  TBCA  CFL1  SVIP  TMSB4X  VAMP2  MCTS1  PARK7  SNRPG  TRAPPC1  H3-3B  RPL13A  H3-3A  PDIA3  NPM1  HMGB1  MDM4  CALM1  RACK1  RAB3A  SET  VDAC2  NDUFA11  CALR  NDUFB1  NDUFB4  NDUFB2  NDUFB7  SUB1  RTN4  NDUFA1  AKAP9  NDUFA2  NDUFB10  NDUFB11  NDUFB8  GPX4  NDUFA3  NDUFA13  MIF  HSPA5  ALDOA  ELOB,6
0.0974848324070722\,3\,42\,7.67448031844317\,GO:0002347 response to tumor cell\,http://amigo.geneontology.org/amigo/term/GO:0002347\,HLA-A  PRDX2  HMGB1,6
0.0974848324070722\,5\,55\,4.26360017691287\,GO:0007566 embryo implantation\,http://amigo.geneontology.org/amigo/term/GO:0007566\,SOD1  TPPP3  H3-3A  BSG  CALR,6
0.0974848324070722\,9\,284\,2.73159468961536\,GO:0010466 negative regulation of peptidase activity\,http://amigo.geneontology.org/amigo/term/GO:0010466\,SERPINF1  SERPINI1  CST3  GAPDH  PARK7  ARL6IP1  APLP2  PEBP1  PRDX5,6
0.0974848324070722\,3\,22\,7.67448031844317\,GO:0048485 sympathetic nervous system development\,http://amigo.geneontology.org/amigo/term/GO:0048485\,SOX4  CTNNB1  SOX11,6
0.0974848324070722\,45\,1522\,1.4651280607937\,GO:0048699 generation of neurons\,http://amigo.geneontology.org/amigo/term/GO:0048699\,STMN4  MAP4K4  ACTB  APLP2  STMN2  APLP1  RAB3A  STMN1  NEUROD4  MAP1B  NREP  TUBB2A  TUBB2B  DRAXIN  NEUROD1  GAP43  BSG  SOX11  TUBB3  CTNNB1  CBFA2T2  RTN4  ITM2C  CALR  HSPA5  PHGDH  CECR2  PTPRS  FKBP1B  SOX4  SERPINF1  SOD1  UCHL1  SERPINI1  UQCRQ  PPIA  RTN1  RAB13  CFL1  SVBP  CTTN  XBP1  ID2  HMGB1  S100A6,6
0.0974848324070722\,3\,21\,7.67448031844317\,GO:0051882 mitochondrial depolarization\,http://amigo.geneontology.org/amigo/term/GO:0051882\,MLLT11  ATP5IF1  RACK1,6
0.0991643490610124\,15\,590\,2.08222334221326\,GO:1901615 organic hydroxy compound metabolic process\,http://amigo.geneontology.org/amigo/term/GO:1901615\,MSMO1  FDFT1  PARK7  IDH1  EBP  TM7SF2  DHCR7  IDH2  INSIG1  AKR1C1  LDHB  SOD1  IDI1  PLTP  FDPS,6
0.0993579311403572\,34\,1001\,1.56918068366793\,GO:0031175 neuron projection development\,http://amigo.geneontology.org/amigo/term/GO:0031175\,STMN4  MAP4K4  ACTB  APLP2  STMN2  APLP1  RAB3A  STMN1  MAP1B  NREP  DRAXIN  GAP43  BSG  TUBB3  CBFA2T2  RTN4  ITM2C  HSPA5  PHGDH  CECR2  PTPRS  FKBP1B  SERPINF1  SOD1  UCHL1  SERPINI1  TUBB2B  RAB13  CTNNB1  CFL1  SVBP  CTTN  HMGB1  S100A6,6
0.100279845129365\,14\,480\,2.14273239660237\,GO:0052548 regulation of endopeptidase activity\,http://amigo.geneontology.org/amigo/term/GO:0052548\,SERPINF1  SERPINI1  GAPDH  ARL6IP1  HMGB1  APLP2  PEBP1  CST3  PRDX5  NDUFA13  PARK7  RACK1  HSPE1  BEX3,6
0.100279845129365\,13\,375\,2.21707209199469\,GO:1904062 regulation of cation transmembrane transport\,http://amigo.geneontology.org/amigo/term/GO:1904062\,FKBP1B  AKAP9  CALM2  CALM3  CALM1  ATP1B3  GLRX  TMSB4X  PARK7  COX17  NDUFA4  VDAC1  VAMP2,6
0.104613841812064\,9\,139\,2.68606811145511\,GO:0009132 nucleoside diphosphate metabolic process\,http://amigo.geneontology.org/amigo/term/GO:0009132\,PKM  ENO1  PGK1  AK1  ENO3  GAPDH  ALDOA  PGAM1  NME1,6
0.11057658005656\,4\,104\,5.11632021229544\,GO:0002275 myeloid cell activation involved in immune response\,http://amigo.geneontology.org/amigo/term/GO:0002275\,PTGDS    VAMP2  S100A13,6
0.11057658005656\,4\,24\,5.11632021229544\,GO:0006007 glucose catabolic process\,http://amigo.geneontology.org/amigo/term/GO:0006007\,ENO1  PKM  PGK1  ENO3,6
0.11057658005656\,56\,2065\,1.38508116244462\,GO:0006915 apoptotic process\,http://amigo.geneontology.org/amigo/term/GO:0006915\,BEX2  SLC25A6  PTMA  MLLT11  ACTB  PARK7  SOD1  ENO1  GSTP1  CECR2  XBP1  GADD45A  GADD45G  SON  CTNNB1  ARL6IP1  NPM1  NDUFA13  HMGB1  PPIA  RACK1  VDAC1  MIF  HSPA5  MYDGF  CTTN  DYNLL1  TMEM14A  APLP1  MFSD10  GAPDH  PRDX5  ATP5IF1  RTN3  ITM2C  DRAXIN  NEUROD1  VDAC2  GHITM  BEX3  PDIA3  PRDX2  HINT1  MDM4  MARCKS  SET  ASNS  MAP4K4  SOX4  RPL10  HSP90B1  NSG1  RTN4  CFL1  CALR  NME1,6
0.11057658005656\,4\,31\,5.11632021229544\,GO:0010880 regulation of release of sequestered calcium ion into cytosol by sarcoplasmic reticulum\,http://amigo.geneontology.org/amigo/term/GO:0010880\,FKBP1B  CALM2  CALM3  CALM1,6
0.11057658005656\,7\,272\,3.13374613003096\,GO:0030595 leukocyte chemotaxis\,http://amigo.geneontology.org/amigo/term/GO:0030595\,RPS19  PPIB  HMGB1  PPIA  MIF  BSG  CALR,6
0.11057658005656\,4\,89\,5.11632021229544\,GO:0043299 leukocyte degranulation\,http://amigo.geneontology.org/amigo/term/GO:0043299\,PTGDS    VAMP2  S100A13,6
0.11057658005656\,4\,28\,5.11632021229544\,GO:0060314 regulation of ryanodine-sensitive calcium-release channel activity\,http://amigo.geneontology.org/amigo/term/GO:0060314\,CALM2  CALM3  FKBP1B  CALM1,6
0.11057658005656\,4\,47\,5.11632021229544\,GO:0070839 metal ion export\,http://amigo.geneontology.org/amigo/term/GO:0070839\,ATP1B3  CALM2  CALM3  CALM1,6
0.116268685141437\,15\,625\,2.03490008443569\,GO:0006875 cellular metal ion homeostasis\,http://amigo.geneontology.org/amigo/term/GO:0006875\,ATP1B3  FTL  FKBP1B  CALM2  CALM3  FTH1  SMDT1  CALM1  HMGB1  SOD1  GNG3  ATOX1  NDFIP1  HSP90B1  CALR,6
0.11628997784718\,35\,1073\,1.53615006374067\,GO:0032269 negative regulation of cellular protein metabolic process\,http://amigo.geneontology.org/amigo/term/GO:0032269\,SERPINF1  RPL13A  SERPINI1  SVBP  SVIP  GSTP1  XBP1  CST3  GTPBP4  GAPDH  PARK7  FKBP1B  UCHL1  DBI  CTNNB1  ARL6IP1  CALR  NPM1  PPIA  APLP2  PEBP1  CIRBP  GADD45A  PRDX5  SRP9  RPL37  RACK1  GABARAPL2  BEX4  LAPTM4B  SOX4  SET  CALM2  CALM3  CALM1,6
0.117234951303223\,8\,207\,2.80896011655436\,GO:0006575 cellular modified amino acid metabolic process\,http://amigo.geneontology.org/amigo/term/GO:0006575\,GSTP1  GGH  GSTA4  PARK7  IDH1  SOD1  GPX4  CLIC1,6
0.117234951303223\,8\,110\,2.80896011655436\,GO:0009135 purine nucleoside diphosphate metabolic process\,http://amigo.geneontology.org/amigo/term/GO:0009135\,PKM  ENO1  PGK1  ENO3  GAPDH  ALDOA  PGAM1  AK1,6
0.117234951303223\,8\,110\,2.80896011655436\,GO:0009179 purine ribonucleoside diphosphate metabolic process\,http://amigo.geneontology.org/amigo/term/GO:0009179\,PKM  ENO1  PGK1  ENO3  GAPDH  ALDOA  PGAM1  AK1,6
0.117234951303223\,11\,273\,2.34498009730208\,GO:0032412 regulation of ion transmembrane transporter activity\,http://amigo.geneontology.org/amigo/term/GO:0032412\,AKAP9  CALM2  CALM3  ATP1B3  FKBP1B  GLRX  CALM1  TMSB4X  COX17  NDUFA4  VAMP2,6
0.117234951303223\,75\,2795\,1.30391655895879\,GO:0051246 regulation of protein metabolic process\,http://amigo.geneontology.org/amigo/term/GO:0051246\,OAZ1  AKAP9  NEDD8  NDFIP1  SERPINF1  ITM2C  ITM2B  RPL13A  SERPINI1  RPS9  SVBP  OAZ2  SVIP  RACK1  PARK7  TXN  NDUFA13  GSTP1  CIRBP  XBP1  CST3  GTPBP4  EIF4G2  GAPDH  RTN4  FKBP1B  SOX4  RTN3  RTN1  SOD1  CALM2  UCHL1  DBI  CALM3  HSP90B1  CTNNB1  ARL6IP1  EIF1  CALR  NPM1  SUMO2  HMGB1  PPIA  CALM1  MIF  HSPA5  PKM  MYDGF  APLP2  PEBP1  APLP1  GADD45A  PRDX5  NGDN  RPLP1  SRP9  RPL37  RPL10  SELENOW  EZR  RAB1A  GABARAPL2  ENO1  BEX4  LAPTM4B  ATP5IF1  MDM4  ACTB  ELOB  EIF1B  HSPE1  EEF1A1  SET  EIF4A2  BEX3,6
0.117234951303223\,8\,85\,2.80896011655436\,GO:0070972 protein localization to endoplasmic reticulum\,http://amigo.geneontology.org/amigo/term/GO:0070972\,SEC61G  SRP14  SRP9  INSIG1  GABARAPL2  RTN4  NDUFB1  HSPA5,6
0.117234951303223\,8\,149\,2.80896011655436\,GO:2000377 regulation of reactive oxygen species metabolic process\,http://amigo.geneontology.org/amigo/term/GO:2000377\,ROMO1  SOD1  AKR1C1  PARK7  PRDX2  VDAC1  GADD45A  GSTP1,6
0.118446444523599\,10\,501\,2.45303023877179\,GO:0002443 leukocyte mediated immunity\,http://amigo.geneontology.org/amigo/term/GO:0002443\,HLA-A  PTGDS  PRDX1  NDFIP1    VAMP2  HMGB1  TUBB4B  S100A13  TUBB,6
0.118446444523599\,7\,88\,3.05731329759118\,GO:0006096 glycolytic process\,http://amigo.geneontology.org/amigo/term/GO:0006096\,PKM  ENO1  PGK1  ENO3  GAPDH  ALDOA  PGAM1,6
0.118446444523599\,7\,89\,3.05731329759118\,GO:0006757 ATP generation from ADP\,http://amigo.geneontology.org/amigo/term/GO:0006757\,PKM  ENO1  PGK1  ENO3  GAPDH  ALDOA  PGAM1,6
0.118446444523599\,10\,226\,2.45303023877179\,GO:0034764 positive regulation of transmembrane transport\,http://amigo.geneontology.org/amigo/term/GO:0034764\,AKAP9  CALM3  ATP1B3  CALM2  GLRX  CALM1  TMSB4X  ARL6IP1  COX17  NDUFA4,6
0.121190471086569\,18\,476\,1.87400100799194\,GO:0006979 response to oxidative stress\,http://amigo.geneontology.org/amigo/term/GO:0006979\,PRDX1  PRDX5  SOD1  PRDX2  NDUFB4  XBP1  PARK7  PPIA  FKBP1B  IDH1  GPX4  CTNNB1  RACK1  CHCHD2  TXN  ROMO1  GSTP1  ATOX1,6
0.121190471086569\,24\,1130\,1.69869920092023\,GO:0051241 negative regulation of multicellular organismal process\,http://amigo.geneontology.org/amigo/term/GO:0051241\,SERPINF1  GSTP1  LAPTM4B  RPS19  RTN4  HMGB1  TMSB4X  PTPRS  PTGDS  GADD45A  FKBP1B  NDFIP1  SOD1  DRAXIN  PRDX2  CTNNB1  SOX11  CST3  SVBP  EZR  PGK1  CALR  ID2  DYNLT1,6
0.121847334844038\,3\,24\,6.71517027863777\,GO:0000303 response to superoxide\,http://amigo.geneontology.org/amigo/term/GO:0000303\,PRDX1  SOD1  PRDX2,6
0.121847334844038\,3\,25\,6.71517027863777\,GO:0000305 response to oxygen radical\,http://amigo.geneontology.org/amigo/term/GO:0000305\,PRDX1  SOD1  PRDX2,6
0.121847334844038\,12\,620\,2.17056009006473\,GO:0001819 positive regulation of cytokine production\,http://amigo.geneontology.org/amigo/term/GO:0001819\,GAPDH  PARK7  SOD1  BSG  ATP6AP2  S100A13  HMGB1  HLA-A  MIF  RAB1A  XBP1  RTN4,6
0.121847334844038\,2\,34\,11.938080495356\,GO:0002227 innate immune response in mucosa\,http://amigo.geneontology.org/amigo/term/GO:0002227\,FAU  RPL39,6
0.121847334844038\,4\,139\,4.77523219814242\,GO:0002228 natural killer cell mediated immunity\,http://amigo.geneontology.org/amigo/term/GO:0002228\,HLA-A  PRDX1  TUBB4B  TUBB,6
0.121847334844038\,2\,49\,11.938080495356\,GO:0002251 organ or tissue specific immune response\,http://amigo.geneontology.org/amigo/term/GO:0002251\,FAU  RPL39,6
0.121847334844038\,2\,45\,11.938080495356\,GO:0002385 mucosal immune response\,http://amigo.geneontology.org/amigo/term/GO:0002385\,FAU  RPL39,6
0.121847334844038\,2\,89\,11.938080495356\,GO:0002396 MHC protein complex assembly\,http://amigo.geneontology.org/amigo/term/GO:0002396\,PDIA3  CALR,6
0.121847334844038\,2\,28\,11.938080495356\,GO:0002407 dendritic cell chemotaxis\,http://amigo.geneontology.org/amigo/term/GO:0002407\,CALR  HMGB1,6
0.121847334844038\,2\,11\,11.938080495356\,GO:0002424 T cell mediated immune response to tumor cell\,http://amigo.geneontology.org/amigo/term/GO:0002424\,HLA-A  HMGB1,6
0.121847334844038\,2\,89\,11.938080495356\,GO:0002501 peptide antigen assembly with MHC protein complex\,http://amigo.geneontology.org/amigo/term/GO:0002501\,PDIA3  CALR,6
0.121847334844038\,2\,8\,11.938080495356\,GO:0002536 respiratory burst involved in inflammatory response\,http://amigo.geneontology.org/amigo/term/GO:0002536\,RPS19  PRDX2,6
0.121847334844038\,2\,95\,11.938080495356\,GO:0002548 monocyte chemotaxis\,http://amigo.geneontology.org/amigo/term/GO:0002548\,RPS19  HMGB1,6
0.121847334844038\,2\,14\,11.938080495356\,GO:0003207 cardiac chamber formation\,http://amigo.geneontology.org/amigo/term/GO:0003207\,SOX4  SOX11,6
0.121847334844038\,2\,10\,11.938080495356\,GO:0003211 cardiac ventricle formation\,http://amigo.geneontology.org/amigo/term/GO:0003211\,SOX4  SOX11,6
0.121847334844038\,2\,10\,11.938080495356\,GO:0003266 regulation of secondary heart field cardioblast proliferation\,http://amigo.geneontology.org/amigo/term/GO:0003266\,CTNNB1  GNG5,6
0.121847334844038\,2\,32\,11.938080495356\,GO:0003338 metanephros morphogenesis\,http://amigo.geneontology.org/amigo/term/GO:0003338\,CTNNB1  BASP1,6
0.121847334844038\,3\,14\,6.71517027863777\,GO:0005513 detection of calcium ion\,http://amigo.geneontology.org/amigo/term/GO:0005513\,CALM2  CALM3  CALM1,6
0.121847334844038\,2\,5\,11.938080495356\,GO:0006880 intracellular sequestering of iron ion\,http://amigo.geneontology.org/amigo/term/GO:0006880\,FTL  FTH1,6
0.121847334844038\,3\,17\,6.71517027863777\,GO:0010649 regulation of cell communication by electrical coupling\,http://amigo.geneontology.org/amigo/term/GO:0010649\,CALM2  CALM3  CALM1,6
0.121847334844038\,3\,19\,6.71517027863777\,GO:0010801 negative regulation of peptidyl-threonine phosphorylation\,http://amigo.geneontology.org/amigo/term/GO:0010801\,CALM2  CALM3  CALM1,6
0.121847334844038\,2\,24\,11.938080495356\,GO:0010894 negative regulation of steroid biosynthetic process\,http://amigo.geneontology.org/amigo/term/GO:0010894\,SOD1  INSIG1,6
0.121847334844038\,6\,146\,3.2558401350971\,GO:0014074 response to purine-containing compound\,http://amigo.geneontology.org/amigo/term/GO:0014074\,HSP90B1  HSPA5  SOD1  BSG  EZR  AKAP9,6
0.121847334844038\,4\,37\,4.77523219814242\,GO:0014808 release of sequestered calcium ion into cytosol by sarcoplasmic reticulum\,http://amigo.geneontology.org/amigo/term/GO:0014808\,FKBP1B  CALM2  CALM3  CALM1,6
0.121847334844038\,4\,42\,4.77523219814242\,GO:0019320 hexose catabolic process\,http://amigo.geneontology.org/amigo/term/GO:0019320\,ENO1  PKM  PGK1  ENO3,6
0.121847334844038\,5\,52\,3.89285233544219\,GO:0031103 axon regeneration\,http://amigo.geneontology.org/amigo/term/GO:0031103\,NREP  GAP43  PTPRS  FKBP1B  MAP1B,6
0.121847334844038\,3\,29\,6.71517027863777\,GO:0031954 positive regulation of protein autophosphorylation\,http://amigo.geneontology.org/amigo/term/GO:0031954\,CALM2  CALM3  CALM1,6
0.121847334844038\,2\,5\,11.938080495356\,GO:0035405 histone-threonine phosphorylation\,http://amigo.geneontology.org/amigo/term/GO:0035405\,PKM  H3-3A,6
0.121847334844038\,4\,136\,4.77523219814242\,GO:0042267 natural killer cell mediated cytotoxicity\,http://amigo.geneontology.org/amigo/term/GO:0042267\,HLA-A  PRDX1  TUBB4B  TUBB,6
0.121847334844038\,6\,356\,3.2558401350971\,GO:0042742 defense response to bacterium\,http://amigo.geneontology.org/amigo/term/GO:0042742\,RPS19  ROMO1  FAU  RPL39  HLA-A  RAB1A,6
0.121847334844038\,6\,85\,3.2558401350971\,GO:0042982 amyloid precursor protein metabolic process\,http://amigo.geneontology.org/amigo/term/GO:0042982\,ITM2C  ITM2B  RTN4  RTN3  RTN1  NSG1,6
0.121847334844038\,24\,835\,1.66577867377061\,GO:0043086 negative regulation of catalytic activity\,http://amigo.geneontology.org/amigo/term/GO:0043086\,SERPINF1  SERPINI1  GSTP1  CST3  GAPDH  PARK7  FKBP1B  ATP5IF1  UCHL1  EIF4A2  ARL6IP1  NPM1  PPIA  APLP2  PEBP1  OAZ1  GADD45A  SET  PRDX5  AKAP9  RPL37  OAZ2  PPP1R27  RACK1,6
0.121847334844038\,2\,27\,11.938080495356\,GO:0045939 negative regulation of steroid metabolic process\,http://amigo.geneontology.org/amigo/term/GO:0045939\,SOD1  INSIG1,6
0.121847334844038\,2\,8\,11.938080495356\,GO:0046487 glyoxylate metabolic process\,http://amigo.geneontology.org/amigo/term/GO:0046487\,IDH1  IDH2,6
0.121847334844038\,2\,10\,11.938080495356\,GO:0046689 response to mercury ion\,http://amigo.geneontology.org/amigo/term/GO:0046689\,PARK7  BSG,6
0.121847334844038\,7\,179\,2.91511267909857\,GO:0046890 regulation of lipid biosynthetic process\,http://amigo.geneontology.org/amigo/term/GO:0046890\,FABP3  SOD1  IDH1  FABP5  DHCR7  INSIG1  XBP1,6
0.121847334844038\,3\,166\,6.71517027863777\,GO:0048002 antigen processing and presentation of peptide antigen\,http://amigo.geneontology.org/amigo/term/GO:0048002\,PDIA3  HLA-A  CALR,6
0.121847334844038\,2\,17\,11.938080495356\,GO:0048557 embryonic digestive tract morphogenesis\,http://amigo.geneontology.org/amigo/term/GO:0048557\,SOX11  ID2,6
0.121847334844038\,4\,141\,4.77523219814242\,GO:0048565 digestive tract development\,http://amigo.geneontology.org/amigo/term/GO:0048565\,CBFA2T2  CTNNB1  SOX11  ID2,6
0.121847334844038\,2\,40\,11.938080495356\,GO:0048566 embryonic digestive tract development\,http://amigo.geneontology.org/amigo/term/GO:0048566\,SOX11  ID2,6
0.121847334844038\,6\,83\,3.2558401350971\,GO:0048678 response to axon injury\,http://amigo.geneontology.org/amigo/term/GO:0048678\,NREP  GAP43  PTPRS  FKBP1B  MAP1B  SOD1,6
0.121847334844038\,5\,152\,3.89285233544219\,GO:0050728 negative regulation of inflammatory response\,http://amigo.geneontology.org/amigo/term/GO:0050728\,RPS19  NDFIP1  SERPINF1  SOD1  GSTP1,6
0.121847334844038\,2\,39\,11.938080495356\,GO:0051873 killing by host of symbiont cells\,http://amigo.geneontology.org/amigo/term/GO:0051873\,GAPDH  ROMO1,6
0.121847334844038\,6\,74\,3.2558401350971\,GO:0051881 regulation of mitochondrial membrane potential\,http://amigo.geneontology.org/amigo/term/GO:0051881\,MLLT11  CLIC1  PARK7  ATP5IF1  SOD1  RACK1,6
0.121847334844038\,2\,13\,11.938080495356\,GO:0060174 limb bud formation\,http://amigo.geneontology.org/amigo/term/GO:0060174\,SOX4  SOX11,6
0.121847334844038\,3\,19\,6.71517027863777\,GO:0071071 regulation of phospholipid biosynthetic process\,http://amigo.geneontology.org/amigo/term/GO:0071071\,FABP3  IDH1  XBP1,6
0.121847334844038\,2\,18\,11.938080495356\,GO:0071318 cellular response to ATP\,http://amigo.geneontology.org/amigo/term/GO:0071318\,HSP90B1  SOD1,6
0.121847334844038\,3\,21\,6.71517027863777\,GO:0071450 cellular response to oxygen radical\,http://amigo.geneontology.org/amigo/term/GO:0071450\,PRDX1  SOD1  PRDX2,6
0.121847334844038\,3\,21\,6.71517027863777\,GO:0071451 cellular response to superoxide\,http://amigo.geneontology.org/amigo/term/GO:0071451\,PRDX1  SOD1  PRDX2,6
0.121847334844038\,2\,14\,11.938080495356\,GO:0071895 odontoblast differentiation\,http://amigo.geneontology.org/amigo/term/GO:0071895\,MAP1B  TUBB,6
0.121847334844038\,2\,22\,11.938080495356\,GO:0072567 chemokine (C-X-C motif) ligand 2 production\,http://amigo.geneontology.org/amigo/term/GO:0072567\,HMGB1  MIF,6
0.121847334844038\,2\,6\,11.938080495356\,GO:0097577 sequestering of iron ion\,http://amigo.geneontology.org/amigo/term/GO:0097577\,FTL  FTH1,6
0.121847334844038\,4\,66\,4.77523219814242\,GO:0140115 export across plasma membrane\,http://amigo.geneontology.org/amigo/term/GO:0140115\,ATP1B3  CALM2  CALM3  CALM1,6
0.121847334844038\,3\,17\,6.71517027863777\,GO:1901032 negative regulation of response to reactive oxygen species\,http://amigo.geneontology.org/amigo/term/GO:1901032\,PARK7  RACK1  TXN,6
0.121847334844038\,2\,7\,11.938080495356\,GO:1902047 polyamine transmembrane transport\,http://amigo.geneontology.org/amigo/term/GO:1902047\,OAZ1  OAZ2,6
0.121847334844038\,2\,5\,11.938080495356\,GO:1902267 regulation of polyamine transmembrane transport\,http://amigo.geneontology.org/amigo/term/GO:1902267\,OAZ1  OAZ2,6
0.121847334844038\,3\,18\,6.71517027863777\,GO:1902430 negative regulation of amyloid-beta formation\,http://amigo.geneontology.org/amigo/term/GO:1902430\,RTN4  RTN3  RTN1,6
0.121847334844038\,3\,17\,6.71517027863777\,GO:1903206 negative regulation of hydrogen peroxide-induced cell death\,http://amigo.geneontology.org/amigo/term/GO:1903206\,PARK7  RACK1  TXN,6
0.121847334844038\,4\,38\,4.77523219814242\,GO:1903514 release of sequestered calcium ion into cytosol by endoplasmic reticulum\,http://amigo.geneontology.org/amigo/term/GO:1903514\,FKBP1B  CALM2  CALM3  CALM1,6
0.121847334844038\,2\,3\,11.938080495356\,GO:1904734 positive regulation of electron transfer activity\,http://amigo.geneontology.org/amigo/term/GO:1904734\,COX17  NDUFA4,6
0.121847334844038\,2\,3\,11.938080495356\,GO:1904960 positive regulation of cytochrome-c oxidase activity\,http://amigo.geneontology.org/amigo/term/GO:1904960\,COX17  NDUFA4,6
0.121847334844038\,3\,16\,6.71517027863777\,GO:1990403 embryonic brain development\,http://amigo.geneontology.org/amigo/term/GO:1990403\,TUBB2B  CTNNB1  RPL10,6
0.121847334844038\,2\,4\,11.938080495356\,GO:1990809 endoplasmic reticulum tubular network membrane organization\,http://amigo.geneontology.org/amigo/term/GO:1990809\,ARL6IP1  RTN4,6
0.121847334844038\,2\,26\,11.938080495356\,GO:2000193 positive regulation of fatty acid transport\,http://amigo.geneontology.org/amigo/term/GO:2000193\,FABP3  MIF,6
0.121847334844038\,4\,76\,4.77523219814242\,GO:2000242 negative regulation of reproductive process\,http://amigo.geneontology.org/amigo/term/GO:2000242\,PTGDS  SERPINF1  SOD1  CALR,6
0.121847334844038\,2\,22\,11.938080495356\,GO:2000341 regulation of chemokine (C-X-C motif) ligand 2 production\,http://amigo.geneontology.org/amigo/term/GO:2000341\,HMGB1  MIF,6
0.121847334844038\,4\,50\,4.77523219814242\,GO:2001258 negative regulation of cation channel activity\,http://amigo.geneontology.org/amigo/term/GO:2001258\,FKBP1B  CALM2  CALM1  CALM3,6
0.122256334709432\,20\,776\,1.76424834906739\,GO:0008610 lipid biosynthetic process\,http://amigo.geneontology.org/amigo/term/GO:0008610\,MSMO1  IDI1  HACD3  FDFT1  TECR  EBP  TM7SF2  FDPS  DHCR7  INSIG1  FABP3  GSTP1  PTGDS  SOD1  MIF  IDH1  FABP5    XBP1  GPX4,6
0.124728392465733\,5\,59\,3.73065015479876\,GO:0031102 neuron projection regeneration\,http://amigo.geneontology.org/amigo/term/GO:0031102\,NREP  GAP43  PTPRS  FKBP1B  MAP1B,6
0.124728392465733\,5\,78\,3.73065015479876\,GO:0055117 regulation of cardiac muscle contraction\,http://amigo.geneontology.org/amigo/term/GO:0055117\,FKBP1B  CALM2  CALM3  CALM1  AKAP9,6
0.127169395676133\,8\,120\,2.65290677674579\,GO:0009185 ribonucleoside diphosphate metabolic process\,http://amigo.geneontology.org/amigo/term/GO:0009185\,PKM  ENO1  PGK1  ENO3  GAPDH  ALDOA  PGAM1  AK1,6
0.133550950624273\,34\,1123\,1.50331384015595\,GO:0007417 central nervous system development\,http://amigo.geneontology.org/amigo/term/GO:0007417\,HSPA5  ACTB  DYNLL1  ENO3  COX6B1  YWHAQ  CALM2  ATP5PF  CALM3  BASP1  CALM1  PAFAH1B3  APLP2  APLP1  DRAXIN  MARCKSL1  MARCKS  CTNNB1  PHGDH  PTPRS  RTN4  NEUROD4  SOX4  NEUROD1  UQCRQ  GAP43  SOX11  SSTR2  ATP6AP2  COX7B  ID2  GSTP1  TAGLN3  SERPINI1,6
0.134986086554908\,4\,36\,4.47678018575851\,GO:0010644 cell communication by electrical coupling\,http://amigo.geneontology.org/amigo/term/GO:0010644\,CALM2  CALM3  CALM1  FKBP1B,6
0.134986086554908\,4\,46\,4.47678018575851\,GO:0046365 monosaccharide catabolic process\,http://amigo.geneontology.org/amigo/term/GO:0046365\,ENO1  PKM  PGK1  ENO3,6
0.141862070921375\,28\,1128\,1.5717848928055\,GO:0051336 regulation of hydrolase activity\,http://amigo.geneontology.org/amigo/term/GO:0051336\,SERPINF1  RASGEF1B  SERPINI1  NDUFA13  CST3  GAPDH  PARK7  FKBP1B  ATP5IF1  SOD1  CALM2  RGS10  CALM3  HSP90B1  ARL6IP1  NPM1  HMGB1  PSAP  CALM1  RACK1  APLP2  PEBP1  PRDX5  STMN1  SVBP  MAP4K4  HSPE1  BEX3,6
0.142527046181156\,17\,386\,1.83386176284084\,GO:0051098 regulation of binding\,http://amigo.geneontology.org/amigo/term/GO:0051098\,RSF1  PARK7  TXN  NEUROD1  HMGB1  RACK1  TMSB4X  NME1  ACTB  CALM2  CALM3  CTNNB1  SOX11  CALM1  GTPBP4  STMN1  MDFI,6
0.1425292894353\,14\,892\,1.97401331025572\,GO:0006954 inflammatory response\,http://amigo.geneontology.org/amigo/term/GO:0006954\,RPS19  HMGB1  PLD3  PARK7  NDFIP1  SERPINF1  SOD1  GPX4  PRDX2  MIF  TMSB4X  RTN4  GSTP1  PRDX5,6
0.144991375073295\,5\,171\,3.58142414860681\,GO:0120254 olefinic compound metabolic process\,http://amigo.geneontology.org/amigo/term/GO:0120254\,EPHX1  AKR1C1  GSTP1  GPX4  PTGDS,6
0.144991375073295\,5\,52\,3.58142414860681\,GO:2000677 regulation of transcription regulatory region DNA binding\,http://amigo.geneontology.org/amigo/term/GO:2000677\,NEUROD1  TMSB4X  CTNNB1  SOX11  PARK7,6
0.145118433896267\,3\,639\,5.96904024767802\,GO:0009593 detection of chemical stimulus\,http://amigo.geneontology.org/amigo/term/GO:0009593\,CALM2  CALM3  CALM1,6
0.145118433896267\,3\,60\,5.96904024767802\,GO:0019369 arachidonic acid metabolic process\,http://amigo.geneontology.org/amigo/term/GO:0019369\,EPHX1  GPX4  PTGDS,6
0.145118433896267\,3\,30\,5.96904024767802\,GO:0042744 hydrogen peroxide catabolic process\,http://amigo.geneontology.org/amigo/term/GO:0042744\,PRDX5  PRDX1  PRDX2,6
0.145118433896267\,3\,51\,5.96904024767802\,GO:0048546 digestive tract morphogenesis\,http://amigo.geneontology.org/amigo/term/GO:0048546\,CTNNB1  SOX11  ID2,6
0.145118433896267\,3\,48\,5.96904024767802\,GO:1900744 regulation of p38MAPK cascade\,http://amigo.geneontology.org/amigo/term/GO:1900744\,GADD45A  GADD45G  EZR,6
0.145374921906633\,23\,1052\,1.65407139393487\,GO:0008284 positive regulation of cell population proliferation\,http://amigo.geneontology.org/amigo/term/GO:0008284\,MYDGF  S100A13  ACTB  XBP1  ROMO1  NPM1  HLA-A  MIF  SOX4  CTNNB1  GNG5  MARCKSL1  SOX11  CRIP2  CALR  RTN4  COX17  RPS9  HMGB1  NME1  ID2  S100A6  MCTS1,6
0.147171747179895\,19\,501\,1.75379017586416\,GO:0061564 axon development\,http://amigo.geneontology.org/amigo/term/GO:0061564\,ACTB  APLP2  APLP1  RAB3A  MAP1B  NREP  DRAXIN  GAP43  BSG  TUBB3  RTN4  PTPRS  STMN1  FKBP1B  UCHL1  TUBB2B  SVBP  CTTN  S100A6,6
0.150392691142625\,8\,229\,2.55816010614772\,GO:0045619 regulation of lymphocyte differentiation\,http://amigo.geneontology.org/amigo/term/GO:0045619\,ACTB  XBP1  HMGB1  SOX4  NDFIP1  PRDX2  ID2  SOD1,6
0.151498570008384\,10\,341\,2.26672414468785\,GO:0008202 steroid metabolic process\,http://amigo.geneontology.org/amigo/term/GO:0008202\,MSMO1  FDFT1  EBP  TM7SF2  DHCR7  INSIG1  AKR1C1  SOD1  IDI1  FDPS,6
0.157292718050623\,23\,831\,1.64089154219037\,GO:0030162 regulation of proteolysis\,http://amigo.geneontology.org/amigo/term/GO:0030162\,NEDD8  SERPINF1  SERPINI1  SVIP  NDUFA13  CST3  GAPDH  PARK7  ARL6IP1  SUMO2  HMGB1  RACK1  APLP2  PEBP1  PRDX5  GABARAPL2  ENO1  ATP5IF1  SVBP  ELOB  HSPE1  XBP1  BEX3,6
0.160070069967593\,4\,51\,4.21344017483154\,GO:0006636 unsaturated fatty acid biosynthetic process\,http://amigo.geneontology.org/amigo/term/GO:0006636\,PTGDS  MIF  FABP5,6
0.160070069967593\,4\,69\,4.21344017483154\,GO:0006801 superoxide metabolic process\,http://amigo.geneontology.org/amigo/term/GO:0006801\,PRDX1  SOD1  PRDX2  GSTP1,6
0.160070069967593\,29\,2031\,1.53640976789345\,GO:0006952 defense response\,http://amigo.geneontology.org/amigo/term/GO:0006952\,MFAP4  CST3  RPS19  GAPDH  ROMO1  RPL13A  FAU  HMGB1  RPL39  HLA-A  PLD3  PARK7  PRDX1  NDFIP1  SERPINF1  SOD1  GPX4  PRDX2  ACTG1  VDAC1  MIF  RAB1A  TMSB4X  RTN4  GSTP1  TUBB4B  TUBB  LGALS3BP  PRDX5,6
0.160070069967593\,17\,719\,1.80130800373715\,GO:0043408 regulation of MAPK cascade\,http://amigo.geneontology.org/amigo/term/GO:0043408\,MAP4K4  PEBP1  GSTP1  XBP1  GADD45A  GADD45G  UCHL1  ATP6AP2  HMGB1  PPIA  MIF  MYDGF  PRDX1  SOD1  PRDX2  CTNNB1  EZR,6
0.160070069967593\,4\,44\,4.21344017483154\,GO:0070296 sarcoplasmic reticulum calcium ion transport\,http://amigo.geneontology.org/amigo/term/GO:0070296\,FKBP1B  CALM2  CALM3  CALM1,6
0.160698851685993\,10\,241\,2.23839009287926\,GO:0010632 regulation of epithelial cell migration\,http://amigo.geneontology.org/amigo/term/GO:0010632\,BSG  HMGB1  TMSB4X  GADD45A  SERPINF1  SVBP  PFN1  RTN4  CALR  MAP4K4,6
0.160698851685993\,7\,218\,2.72499663480953\,GO:0050679 positive regulation of epithelial cell proliferation\,http://amigo.geneontology.org/amigo/term/GO:0050679\,MYDGF  CTNNB1  SOX11  RTN4  HMGB1  NME1  XBP1,6
0.160698851685993\,7\,160\,2.72499663480953\,GO:1904064 positive regulation of cation transmembrane transport\,http://amigo.geneontology.org/amigo/term/GO:1904064\,AKAP9  CALM3  ATP1B3  CALM2  GLRX  CALM1  TMSB4X,6
0.16091992274775\,47\,1757\,1.37747082638723\,GO:0022008 neurogenesis\,http://amigo.geneontology.org/amigo/term/GO:0022008\,STMN4  MAP4K4  ACTB  APLP2  STMN2  APLP1  RAB3A  STMN1  NEUROD4  MAP1B  NREP  TUBB2A  TUBB2B  DRAXIN  NEUROD1  GAP43  BSG  SOX11  TUBB3  CTNNB1  CBFA2T2  RTN4  SERPINF1  ITM2C  CALR  HSPA5  PHGDH  CECR2  PTPRS  FKBP1B  SOX4  SOD1  UCHL1  SERPINI1  UQCRQ  PPIA  MARCKS  RTN1  RAB13  CFL1  SVBP  CTTN  XBP1  ID2  DYNLT1  HMGB1  S100A6,6
0.161951734932034\,5\,107\,3.44367706596809\,GO:0002027 regulation of heart rate\,http://amigo.geneontology.org/amigo/term/GO:0002027\,FKBP1B  AKAP9  CALM2  CALM3  CALM1,6
0.167177797411708\,69\,2748\,1.2830647261364\,GO:0031324 negative regulation of cellular metabolic process\,http://amigo.geneontology.org/amigo/term/GO:0031324\,RSF1  CBFA2T2  MAGED2  ID2  SERPINF1  ITM2C  ITM2B  RPL13A  SERPINI1  BASP1  SOX11  SVBP  SVIP  MDM4  ENO1  GSTP1  DYNLL1  CIRBP  XBP1  CST3  GTPBP4  GAPDH  SUB1  RTN4  PARK7  SET  FKBP1B  PRDX5  RTN3  YWHAQ  RTN1  UCHL1  DBI  EIF4A2  CTNNB1  ARL6IP1  CALR  NPM1  TCEAL7  NDUFA13  HMGB1  PPIA  RPS26  MIF  APLP2  PEBP1  EIF4G2  GADD45A  HNRNPA2B1  NDFIP1  TXN  SRP9  TAGLN3  RPL37  INSIG1  RACK1  VDAC1  GABARAPL2  EZR  BEX4  LAPTM4B  SOX4  HNRNPA1  RPL10  MDFI  CALM2  CALM3  CALM1  HSBP1,6
0.167177797411708\,6\,185\,2.98452012383901\,GO:0071466 cellular response to xenobiotic stimulus\,http://amigo.geneontology.org/amigo/term/GO:0071466\,GSTA4  GSTP1  HSPA5  UCHL1  AKR1C1  EPHX1,6
0.172152696256048\,10\,202\,2.21075564728815\,GO:0000302 response to reactive oxygen species\,http://amigo.geneontology.org/amigo/term/GO:0000302\,PRDX1  SOD1  PRDX2  PARK7  FKBP1B  RACK1  TXN  ROMO1  PRDX5  GSTP1,6
0.177938935291043\,3\,56\,5.37213622291022\,GO:0002279 mast cell activation involved in immune response\,http://amigo.geneontology.org/amigo/term/GO:0002279\,PTGDS    S100A13,6
0.177938935291043\,2\,27\,8.95356037151703\,GO:0002418 immune response to tumor cell\,http://amigo.geneontology.org/amigo/term/GO:0002418\,HLA-A  HMGB1,6
0.177938935291043\,10\,533\,2.18379521256513\,GO:0002683 negative regulation of immune system process\,http://amigo.geneontology.org/amigo/term/GO:0002683\,RPS19  HMGB1  HLA-A  MIF  NDFIP1  PRDX2  CTNNB1  EZR  SOX11  ID2,6
0.177938935291043\,2\,11\,8.95356037151703\,GO:0003263 cardioblast proliferation\,http://amigo.geneontology.org/amigo/term/GO:0003263\,CTNNB1  GNG5,6
0.177938935291043\,2\,11\,8.95356037151703\,GO:0003264 regulation of cardioblast proliferation\,http://amigo.geneontology.org/amigo/term/GO:0003264\,CTNNB1  GNG5,6
0.177938935291043\,2\,11\,8.95356037151703\,GO:0003357 noradrenergic neuron differentiation\,http://amigo.geneontology.org/amigo/term/GO:0003357\,SOX4  SOX11,6
0.177938935291043\,30\,1516\,1.50059671031012\,GO:0006629 lipid metabolic process\,http://amigo.geneontology.org/amigo/term/GO:0006629\,MSMO1  IDI1  HACD3  FDFT1  TECR  ACAT2  EPHX1  EBP  TM7SF2  DBI  FDPS  DHCR7  INSIG1  AKR1C1  PSAP  FABP3  GSTP1  PTGDS  SOD1  MGST3  GPX4  MIF  PAFAH1B3  XBP1  PLTP  PLD3  IDH1  FABP5    ID2,6
0.177938935291043\,4\,118\,3.97936016511868\,GO:0006805 xenobiotic metabolic process\,http://amigo.geneontology.org/amigo/term/GO:0006805\,GSTA4  GSTP1  AKR1C1  EPHX1,6
0.177938935291043\,2\,16\,8.95356037151703\,GO:0006825 copper ion transport\,http://amigo.geneontology.org/amigo/term/GO:0006825\,ATOX1  COX17,6
0.177938935291043\,5\,98\,3.31613347093223\,GO:0006942 regulation of striated muscle contraction\,http://amigo.geneontology.org/amigo/term/GO:0006942\,FKBP1B  CALM2  CALM3  CALM1  AKAP9,6
0.177938935291043\,12\,435\,2.00827522351784\,GO:0009410 response to xenobiotic stimulus\,http://amigo.geneontology.org/amigo/term/GO:0009410\,GSTA4  GSTP1  HSPA5  RPN2  MAP1B  SOD1  UCHL1  NEUROD1  CALR  CTNNB1  AKR1C1  EPHX1,6
0.177938935291043\,2\,11\,8.95356037151703\,GO:0009950 dorsal/ventral axis specification\,http://amigo.geneontology.org/amigo/term/GO:0009950\,CTNNB1  MDFI,6
0.177938935291043\,3\,29\,5.37213622291022\,GO:0010800 positive regulation of peptidyl-threonine phosphorylation\,http://amigo.geneontology.org/amigo/term/GO:0010800\,CALM2  CALM3  CALM1,6
0.177938935291043\,2\,8\,8.95356037151703\,GO:0015846 polyamine transport\,http://amigo.geneontology.org/amigo/term/GO:0015846\,OAZ1  OAZ2,6
0.177938935291043\,16\,700\,1.81337931575028\,GO:0030003 cellular cation homeostasis\,http://amigo.geneontology.org/amigo/term/GO:0030003\,ATP1B3  FTL  FKBP1B  CALM2  CALM3  FTH1  SMDT1  ATP6AP2  CALM1  HMGB1  SOD1  GNG3  ATOX1  NDFIP1  HSP90B1  CALR,6
0.177938935291043\,2\,4\,8.95356037151703\,GO:0030043 actin filament fragmentation\,http://amigo.geneontology.org/amigo/term/GO:0030043\,DSTN  CFL1,6
0.177938935291043\,2\,8\,8.95356037151703\,GO:0030091 protein repair\,http://amigo.geneontology.org/amigo/term/GO:0030091\,PARK7  PCMT1,6
0.177938935291043\,4\,143\,3.97936016511868\,GO:0030168 platelet activation\,http://amigo.geneontology.org/amigo/term/GO:0030168\,ACTB  ACTG1  CLIC1  PPIA,6
0.177938935291043\,2\,28\,8.95356037151703\,GO:0031639 plasminogen activation\,http://amigo.geneontology.org/amigo/term/GO:0031639\,ENO1  PGK1,6
0.177938935291043\,2\,37\,8.95356037151703\,GO:0031664 regulation of lipopolysaccharide-mediated signaling pathway\,http://amigo.geneontology.org/amigo/term/GO:0031664\,PRDX2  MIF,6
0.177938935291043\,2\,8\,8.95356037151703\,GO:0032071 regulation of endodeoxyribonuclease activity\,http://amigo.geneontology.org/amigo/term/GO:0032071\,NPM1  HMGB1,6
0.177938935291043\,6\,67\,2.90385741778931\,GO:0032507 maintenance of protein location in cell\,http://amigo.geneontology.org/amigo/term/GO:0032507\,TMSB10  INSIG1  TMSB4X  TXN  PARK7  HSPA5,6
0.177938935291043\,3\,23\,5.37213622291022\,GO:0032516 positive regulation of phosphoprotein phosphatase activity\,http://amigo.geneontology.org/amigo/term/GO:0032516\,CALM2  CALM3  CALM1,6
0.177938935291043\,3\,85\,5.37213622291022\,GO:0032757 positive regulation of interleukin-8 production\,http://amigo.geneontology.org/amigo/term/GO:0032757\,PARK7  HMGB1  RAB1A,6
0.177938935291043\,2\,33\,8.95356037151703\,GO:0033198 response to ATP\,http://amigo.geneontology.org/amigo/term/GO:0033198\,HSP90B1  SOD1,6
0.177938935291043\,2\,4\,8.95356037151703\,GO:0033489 cholesterol biosynthetic process via desmosterol\,http://amigo.geneontology.org/amigo/term/GO:0033489\,EBP  DHCR7,6
0.177938935291043\,2\,4\,8.95356037151703\,GO:0033490 cholesterol biosynthetic process via lathosterol\,http://amigo.geneontology.org/amigo/term/GO:0033490\,EBP  DHCR7,6
0.177938935291043\,2\,28\,8.95356037151703\,GO:0035767 endothelial cell chemotaxis\,http://amigo.geneontology.org/amigo/term/GO:0035767\,TMSB4X  RAB13,6
0.177938935291043\,2\,12\,8.95356037151703\,GO:0035881 amacrine cell differentiation\,http://amigo.geneontology.org/amigo/term/GO:0035881\,NEUROD4  NEUROD1,6
0.177938935291043\,2\,37\,8.95356037151703\,GO:0036336 dendritic cell migration\,http://amigo.geneontology.org/amigo/term/GO:0036336\,CALR  HMGB1,6
0.177938935291043\,6\,82\,2.90385741778931\,GO:0036465 synaptic vesicle recycling\,http://amigo.geneontology.org/amigo/term/GO:0036465\,SNCG  ACTB  RAB3A  CALM3  ACTG1  VAMP2,6
0.177938935291043\,2\,6\,8.95356037151703\,GO:0036476 neuron death in response to hydrogen peroxide\,http://amigo.geneontology.org/amigo/term/GO:0036476\,PARK7  RACK1,6
0.177938935291043\,2\,24\,8.95356037151703\,GO:0040019 positive regulation of embryonic development\,http://amigo.geneontology.org/amigo/term/GO:0040019\,CFL1  RACK1,6
0.177938935291043\,4\,94\,3.97936016511868\,GO:0042632 cholesterol homeostasis\,http://amigo.geneontology.org/amigo/term/GO:0042632\,INSIG1  FABP3  XBP1  AKR1C1,6
0.177938935291043\,2\,7\,8.95356037151703\,GO:0042985 negative regulation of amyloid precursor protein biosynthetic process\,http://amigo.geneontology.org/amigo/term/GO:0042985\,ITM2C  ITM2B,6
0.177938935291043\,2\,12\,8.95356037151703\,GO:0042989 sequestering of actin monomers\,http://amigo.geneontology.org/amigo/term/GO:0042989\,TMSB10  TMSB4X,6
0.177938935291043\,3\,54\,5.37213622291022\,GO:0043303 mast cell degranulation\,http://amigo.geneontology.org/amigo/term/GO:0043303\,PTGDS    S100A13,6
0.177938935291043\,2\,6\,8.95356037151703\,GO:0045338 farnesyl diphosphate metabolic process\,http://amigo.geneontology.org/amigo/term/GO:0045338\,FDFT1  FDPS,6
0.177938935291043\,3\,37\,5.37213622291022\,GO:0045730 respiratory burst\,http://amigo.geneontology.org/amigo/term/GO:0045730\,RPS19  PGAM1  PRDX2,6
0.177938935291043\,2\,6\,8.95356037151703\,GO:0046826 negative regulation of protein export from nucleus\,http://amigo.geneontology.org/amigo/term/GO:0046826\,TXN  PARK7,6
0.177938935291043\,2\,8\,8.95356037151703\,GO:0046836 glycolipid transport\,http://amigo.geneontology.org/amigo/term/GO:0046836\, PLTP  PSAP,6
0.177938935291043\,9\,448\,2.26991671390573\,GO:0050900 leukocyte migration\,http://amigo.geneontology.org/amigo/term/GO:0050900\,PODXL2  RPS19  PPIB  HMGB1  PPIA  MIF  BSG  CALR  RTN4,6
0.177938935291043\,10\,185\,2.15748442687157\,GO:0051099 positive regulation of binding\,http://amigo.geneontology.org/amigo/term/GO:0051099\,TXN  NEUROD1  HMGB1  NME1  CALM2  CALM3  CTNNB1  CALM1  PARK7  STMN1,6
0.177938935291043\,66\,2613\,1.28324643761156\,GO:0051172 negative regulation of nitrogen compound metabolic process\,http://amigo.geneontology.org/amigo/term/GO:0051172\,RSF1  CBFA2T2  MAGED2  ID2  SERPINF1  ITM2C  ITM2B  RPL13A  SERPINI1  BASP1  SOX11  SVBP  SVIP  MDM4  ENO1  GSTP1  CIRBP  XBP1  CST3  GTPBP4  GAPDH  SUB1  RTN4  PARK7  SET  FKBP1B  PRDX5  RTN3  YWHAQ  RTN1  UCHL1  DBI  EIF4A2  CTNNB1  ARL6IP1  CALR  NPM1  TCEAL7  NDUFA13  HMGB1  PPIA  RPS26  APLP2  PEBP1  EIF4G2  GADD45A  HNRNPA2B1  NDFIP1  TXN  SRP9  TAGLN3  RPL37  RACK1  MIF  GABARAPL2  EZR  BEX4  LAPTM4B  SOX4  HNRNPA1  RPL10  MDFI  CALM2  CALM3  CALM1  HSBP1,6
0.177938935291043\,2\,15\,8.95356037151703\,GO:0051238 sequestering of metal ion\,http://amigo.geneontology.org/amigo/term/GO:0051238\,FTL  FTH1,6
0.177938935291043\,55\,3024\,1.32377908718666\,GO:0051239 regulation of multicellular organismal process\,http://amigo.geneontology.org/amigo/term/GO:0051239\,MYDGF  FKBP1B  SERPINF1  ACTB  CALM2  CALM3  CTNNB1  CALM1  GSTP1  XBP1  LAPTM4B  RPS19  GAPDH  RTN4  PARK7  AKAP9  SOD1  BSG  ATP6AP2  S100A13  HMGB1  TMSB4X  HLA-A  MIF  EZR  PLD3  PTPRS  PTGDS  GADD45A  SOX4  NDFIP1  MAP1B  DRAXIN  NEUROD1  FABP5  PRDX2  SOX11  SSTR2  CST3  ENO1  SVBP  PKM  CTTN  PGK1  PFN1  RAB1A  PPIB  CALR  MAP4K4  ID2  GADD45G  DYNLT1  CFL1  BASP1  RACK1,6
0.177938935291043\,32\,1687\,1.47307934132928\,GO:0051240 positive regulation of multicellular organismal process\,http://amigo.geneontology.org/amigo/term/GO:0051240\,MYDGF  ACTB  XBP1  RPS19  GAPDH  PARK7  SERPINF1  SOD1  BSG  ATP6AP2  S100A13  HMGB1  HLA-A  MIF  EZR  SOX4  MAP1B  FABP5  PRDX2  CTNNB1  SOX11  ENO1  PKM  CTTN  RTN4  RAB1A  PPIB  ID2  GADD45G  CFL1  BASP1  RACK1,6
0.177938935291043\,2\,8\,8.95356037151703\,GO:0051901 positive regulation of mitochondrial depolarization\,http://amigo.geneontology.org/amigo/term/GO:0051901\,MLLT11  RACK1,6
0.177938935291043\,4\,78\,3.97936016511868\,GO:0051937 catecholamine transport\,http://amigo.geneontology.org/amigo/term/GO:0051937\,RAB3A  PARK7  SNCG  ACTB,6
0.177938935291043\,4\,95\,3.97936016511868\,GO:0055092 sterol homeostasis\,http://amigo.geneontology.org/amigo/term/GO:0055092\,INSIG1  FABP3  XBP1  AKR1C1,6
0.177938935291043\,4\,152\,3.97936016511868\,GO:0055123 digestive system development\,http://amigo.geneontology.org/amigo/term/GO:0055123\,CBFA2T2  CTNNB1  SOX11  ID2,6
0.177938935291043\,27\,1271\,1.54470370626811\,GO:0060429 epithelium development\,http://amigo.geneontology.org/amigo/term/GO:0060429\,PSAP  MAP1B  BSG  AKR1C1  TUBB  CBFA2T2  PHGDH  CECR2  PTPRS  PFN1  SOX4  MSI1  SOD1  NEUROD1  CTNNB1  BASP1  SOX11  MARCKS  PGK1  VDAC1  EZR  ACTB  RTN4  ATP6AP2  ACTG1  ID2  RAB13,6
0.177938935291043\,2\,25\,8.95356037151703\,GO:0060571 morphogenesis of an epithelial fold\,http://amigo.geneontology.org/amigo/term/GO:0060571\,CECR2  CTNNB1,6
0.177938935291043\,2\,11\,8.95356037151703\,GO:0060742 epithelial cell differentiation involved in prostate gland development\,http://amigo.geneontology.org/amigo/term/GO:0060742\,PSAP  CTNNB1,6
0.177938935291043\,2\,11\,8.95356037151703\,GO:0060767 epithelial cell proliferation involved in prostate gland development\,http://amigo.geneontology.org/amigo/term/GO:0060767\,SERPINF1  CTNNB1,6
0.177938935291043\,2\,10\,8.95356037151703\,GO:0060768 regulation of epithelial cell proliferation involved in prostate gland development\,http://amigo.geneontology.org/amigo/term/GO:0060768\,SERPINF1  CTNNB1,6
0.177938935291043\,83\,4103\,1.23548713355929\,GO:0065008 regulation of biological quality\,http://amigo.geneontology.org/amigo/term/GO:0065008\,ACTB  PRDX1  ACTG1  CLIC1  TMSB10  ATP1B3  CTTN  FTL  EZR  RAB3A  PFN1  FKBP1B  PRDX5  AKAP9  CALM2  CALM3  PRDX2  FTH1  SLC25A6  RPS9  DHCR7  SMDT1  AKR1C1  TMSB4X  MLLT11  NEUROD1  ATP6AP2  CALM1  CIRBP  XBP1  GTPBP4  RTN4  PARK7  TXN  ALDOA  BSG  GLRX  INSIG1  HMGB1  RACK1  PTPRS  FABP3  SOX4  DSTN  ATP5IF1  MAP1B  SERPINF1  SOD1  GNG3  DRAXIN  FABP5  TUBA1A  CTNNB1  NSG1  SNCG  SOX11  ATOX1  CALR  NPM1  TUBB  PPIA  MDM4  NME1  MIF  RPS5  HACD3  TMEM14A  LAPTM4B  RPS19  STMN1  NDFIP1  RAB1A  SERF2  DYNLT1  VDAC2  PPIB  CFL1  GAPDH  ID2  GADD45G  VAMP2  GSTP1  HSP90B1,6
0.177938935291043\,66\,3300\,1.2818546301955\,GO:0070887 cellular response to chemical stimulus\,http://amigo.geneontology.org/amigo/term/GO:0070887\,HSPA5  PKM  XBP1  PRDX1  PRDX5  NREP  SOD1  RAB13  PRDX2  GSTA4  SSTR2  INSIG1  GSTP1  ENO1  PGK1  STMN2  APLP1  RPS19  CHCHD2  GAPDH  PARK7  HNRNPA1  RPL13A  RGS10  EEF1A1  HSP90B1  PPIB  CTNNB1  CALR  NPM1  NDUFA13  AKR1C1  HMGB1  PPIA  RACK1  TMSB4X  MIF  SRSF3  FKBP1B  TUBA1B  SOX4  MAP1B  SERPINF1  TXN  MGST3  UCHL1  EIF4A2  NEUROD1  PDIA3  GPX4  NSG1  GLRX  SOX11  SELENOW  ACTG1  MDM4  ACTB  EZR  ROMO1  AKAP9  H2AZ1  GNG8  BSG  RTN4  VAMP2  EPHX1,6
0.177938935291043\,2\,11\,8.95356037151703\,GO:0071073 positive regulation of phospholipid biosynthetic process\,http://amigo.geneontology.org/amigo/term/GO:0071073\,FABP3  XBP1,6
0.177938935291043\,2\,18\,8.95356037151703\,GO:0097501 stress response to metal ion\,http://amigo.geneontology.org/amigo/term/GO:0097501\,HSPA5  PARK7,6
0.177938935291043\,4\,120\,3.97936016511868\,GO:1902106 negative regulation of leukocyte differentiation\,http://amigo.geneontology.org/amigo/term/GO:1902106\,HMGB1  PRDX2  CTNNB1  ID2,6
0.177938935291043\,4\,75\,3.97936016511868\,GO:1903036 positive regulation of response to wounding\,http://amigo.geneontology.org/amigo/term/GO:1903036\,XBP1  FKBP1B  PRDX2  ACTG1,6
0.177938935291043\,5\,48\,3.31613347093223\,GO:1903202 negative regulation of oxidative stress-induced cell death\,http://amigo.geneontology.org/amigo/term/GO:1903202\,PARK7  CTNNB1  RACK1  TXN  PPIA,6
0.177938935291043\,2\,6\,8.95356037151703\,GO:1903207 regulation of hydrogen peroxide-induced neuron death\,http://amigo.geneontology.org/amigo/term/GO:1903207\,PARK7  RACK1,6
0.177938935291043\,2\,6\,8.95356037151703\,GO:1903208 negative regulation of hydrogen peroxide-induced neuron death\,http://amigo.geneontology.org/amigo/term/GO:1903208\,PARK7  RACK1,6
0.177938935291043\,5\,53\,3.31613347093223\,GO:1903573 negative regulation of response to endoplasmic reticulum stress\,http://amigo.geneontology.org/amigo/term/GO:1903573\,SVIP  XBP1  PARK7  HSPA5  RACK1,6
0.177938935291043\,2\,6\,8.95356037151703\,GO:1905446 regulation of mitochondrial ATP synthesis coupled electron transport\,http://amigo.geneontology.org/amigo/term/GO:1905446\,CHCHD2  GHITM,6
0.177938935291043\,2\,7\,8.95356037151703\,GO:1990791 dorsal root ganglion development\,http://amigo.geneontology.org/amigo/term/GO:1990791\,TUBB3  CTNNB1,6
0.177938935291043\,2\,11\,8.95356037151703\,GO:2000347 positive regulation of hepatocyte proliferation\,http://amigo.geneontology.org/amigo/term/GO:2000347\,XBP1  RTN4,6
0.179524393895775\,8\,203\,2.38761609907121\,GO:0032872 regulation of stress-activated MAPK cascade\,http://amigo.geneontology.org/amigo/term/GO:0032872\,MAP4K4  GSTP1  GADD45A  GADD45G  HMGB1  PRDX1  EZR  PPIA,6
0.179840353762387\,6\,173\,2.82744011732117\,GO:0007338 single fertilization\,http://amigo.geneontology.org/amigo/term/GO:0007338\,CECR2  RAB3A  PARK7  H3-3A  ALDOA  VDAC2,6
0.182736728322261\,5\,86\,3.19770013268465\,GO:0032410 negative regulation of transporter activity\,http://amigo.geneontology.org/amigo/term/GO:0032410\,FKBP1B  CALM2  CALM1  CALM3  NDFIP1,6
0.182930249184199\,9\,239\,2.23839009287926\,GO:0090257 regulation of muscle system process\,http://amigo.geneontology.org/amigo/term/GO:0090257\,FKBP1B  CALM2  CALM3  CALM1  SOD1  SSTR2  ENO1  CTTN  AKAP9,6
0.184512633177091\,16\,717\,1.76860451783052\,GO:0006873 cellular ion homeostasis\,http://amigo.geneontology.org/amigo/term/GO:0006873\,ATP1B3  FTL  FKBP1B  CALM2  CALM3  FTH1  SMDT1  ATP6AP2  CALM1  HMGB1  SOD1  GNG3  ATOX1  NDFIP1  HSP90B1  CALR,6
0.190362830532297\,19\,827\,1.66782006920415\,GO:0000165 MAPK cascade\,http://amigo.geneontology.org/amigo/term/GO:0000165\,MAP4K4  PEBP1  GSTP1  XBP1  GADD45A  GADD45G  UCHL1  ATP6AP2  HMGB1  PPIA  MIF  HACD3  MYDGF  PRDX1  SOD1  PRDX2  CTNNB1  EZR  PPP1CB,6
0.190362830532297\,4\,44\,3.76992015642822\,GO:0006739 NADP metabolic process\,http://amigo.geneontology.org/amigo/term/GO:0006739\,IDH1  IDH2  MDH1  PGAM1,6
0.190362830532297\,4\,90\,3.76992015642822\,GO:0015844 monoamine transport\,http://amigo.geneontology.org/amigo/term/GO:0015844\,RAB3A  PARK7  SNCG  ACTB,6
0.190362830532297\,4\,123\,3.76992015642822\,GO:0050764 regulation of phagocytosis\,http://amigo.geneontology.org/amigo/term/GO:0050764\,HMGB1  SOD1  CALR  RACK1,6
0.190362830532297\,39\,1752\,1.39675541795666\,GO:1901700 response to oxygen-containing compound\,http://amigo.geneontology.org/amigo/term/GO:1901700\,PKM  PRDX1  SOD1  RAB13  PRDX2  SSTR2  INSIG1  XBP1  APLP1  PARK7  RGS10  HSP90B1  CTNNB1  NDUFA13  AKR1C1  RACK1  HSPA5  FKBP1B  SOX4  MAP1B  SERPINF1  CALM3  NEUROD1  GPX4  NSG1  BSG  RPL15  CALR  MIF  TXN  ACTB  EZR  ROMO1  PRDX5  AKAP9  H2AZ1  GSTP1  HMGB1  VAMP2,6
0.190362830532297\,4\,124\,3.76992015642822\,GO:1903707 negative regulation of hemopoiesis\,http://amigo.geneontology.org/amigo/term/GO:1903707\,HMGB1  PRDX2  CTNNB1  ID2,6
0.197007503163576\,6\,284\,2.75494165277447\,GO:0002274 myeloid leukocyte activation\,http://amigo.geneontology.org/amigo/term/GO:0002274\,PTGDS    VAMP2  HMGB1  S100A13  MIF,6
0.197007503163576\,3\,57\,4.88376020264565\,GO:0002448 mast cell mediated immunity\,http://amigo.geneontology.org/amigo/term/GO:0002448\,PTGDS    S100A13,6
0.197007503163576\,3\,43\,4.88376020264565\,GO:0010559 regulation of glycoprotein biosynthetic process\,http://amigo.geneontology.org/amigo/term/GO:0010559\,ITM2C  ITM2B  CTNNB1,6
0.197007503163576\,24\,958\,1.55151948676107\,GO:0014070 response to organic cyclic compound\,http://amigo.geneontology.org/amigo/term/GO:0014070\,SSTR2  INSIG1  APLP1  PARK7  HSP90B1  CTNNB1  CALR  NPM1  HSPA5  PTGDS  FKBP1B  MAP1B  SERPINF1  IDH1  SOD1  EPHX1  CALM3  GPX4  NSG1  BSG  ACTB  EZR  AKAP9  H2AZ1,6
0.197007503163576\,7\,269\,2.50699690402477\,GO:0015850 organic hydroxy compound transport\,http://amigo.geneontology.org/amigo/term/GO:0015850\,PLTP  RAB3A  MFSD10  PARK7  SNCG  ACTB  AKR1C1,6
0.197007503163576\,3\,52\,4.88376020264565\,GO:0030850 prostate gland development\,http://amigo.geneontology.org/amigo/term/GO:0030850\,PSAP  SERPINF1  CTNNB1,6
0.197007503163576\,3\,45\,4.88376020264565\,GO:0031952 regulation of protein autophosphorylation\,http://amigo.geneontology.org/amigo/term/GO:0031952\,CALM2  CALM3  CALM1,6
0.197007503163576\,3\,59\,4.88376020264565\,GO:0038066 p38MAPK cascade\,http://amigo.geneontology.org/amigo/term/GO:0038066\,GADD45A  GADD45G  EZR,6
0.197007503163576\,7\,99\,2.50699690402477\,GO:0045185 maintenance of protein location\,http://amigo.geneontology.org/amigo/term/GO:0045185\,TMSB10  INSIG1  TMSB4X  TXN  PARK7  HSPA5  MDFI,6
0.197007503163576\,3\,69\,4.88376020264565\,GO:0045576 mast cell activation\,http://amigo.geneontology.org/amigo/term/GO:0045576\,PTGDS    S100A13,6
0.197007503163576\,3\,59\,4.88376020264565\,GO:0045620 negative regulation of lymphocyte differentiation\,http://amigo.geneontology.org/amigo/term/GO:0045620\,HMGB1  PRDX2  ID2,6
0.197007503163576\,6\,140\,2.75494165277447\,GO:0051208 sequestering of calcium ion\,http://amigo.geneontology.org/amigo/term/GO:0051208\,FKBP1B  CALM2  CALM3  CALM1  HSP90B1  CALR,6
0.197007503163576\,3\,22\,4.88376020264565\,GO:1902883 negative regulation of response to oxidative stress\,http://amigo.geneontology.org/amigo/term/GO:1902883\,PARK7  RACK1  TXN,6
0.197007503163576\,3\,21\,4.88376020264565\,GO:1902992 negative regulation of amyloid precursor protein catabolic process\,http://amigo.geneontology.org/amigo/term/GO:1902992\,RTN4  RTN3  RTN1,6
0.197007503163576\,6\,86\,2.75494165277447\,GO:1903201 regulation of oxidative stress-induced cell death\,http://amigo.geneontology.org/amigo/term/GO:1903201\,PARK7  CTNNB1  RACK1  TXN  SOD1  PPIA,6
0.197007503163576\,7\,107\,2.50699690402477\,GO:1903321 negative regulation of protein modification by small protein conjugation or removal\,http://amigo.geneontology.org/amigo/term/GO:1903321\,SVBP  GTPBP4  PARK7  CTNNB1  RPL37  SOX4  PPIA,6
0.19907892397449\,5\,51\,3.08743461086794\,GO:0045047 protein targeting to ER\,http://amigo.geneontology.org/amigo/term/GO:0045047\,SEC61G  SRP14  SRP9  NDUFB1  HSPA5,6
0.19907892397449\,5\,204\,3.08743461086794\,GO:0051250 negative regulation of lymphocyte activation\,http://amigo.geneontology.org/amigo/term/GO:0051250\,HMGB1  NDFIP1  PRDX2  SOX11  ID2,6
3.91128075990313E-29\,39\,318\,11.6359929810074\,GO:0046034 ATP metabolic process\,http://amigo.geneontology.org/amigo/term/GO:0046034\,ENO1  COX7A2  ATP5F1E  COX7C  COX5B  ATP5MC3  ATP5MC1  UQCRQ  ATP5MG  UQCRH  UQCR10  ATP5MF  NDUFB4  NDUFB2  NDUFB7  NDUFB3  NDUFA1  COX6B1  UQCR11  COX7B  NDUFA2  NDUFB10  NDUFB11  ATP5PF  ATP5MJ  COX6C  NDUFS5  ATP5ME  NDUFA3  ATP5MK  NDUFA11  COX8A  NDUFB1  NDUFA13  NDUFA4  TMSB4X  PARK7  CHCHD2  ATP5IF1,7
3.6011116933334E-28\,32\,163\,15.8818681318681\,GO:0006119 oxidative phosphorylation\,http://amigo.geneontology.org/amigo/term/GO:0006119\,COX7A2  ATP5F1E  COX7C  COX5B  UQCRQ  UQCRH  UQCR10  ATP5MF  NDUFB4  NDUFB2  NDUFB7  NDUFB3  NDUFA1  COX6B1  UQCR11  COX7B  NDUFA2  NDUFB10  NDUFB11  COX6C  NDUFS5  NDUFA3  NDUFA11  COX8A  NDUFB1  NDUFA13  NDUFA4  ATP5PF  ATP5MG  ATP5ME  PARK7  CHCHD2,7
1.51066730696551E-24\,32\,214\,12.4189044038668\,GO:0009060 aerobic respiration\,http://amigo.geneontology.org/amigo/term/GO:0009060\,COX7A2  ATP5F1E  COX7C  COX5B  UQCRQ  UQCRH  UQCR10  ATP5MF  NDUFB4  NDUFB2  NDUFB7  NDUFB3  NDUFA1  COX6B1  UQCR11  COX7B  NDUFA2  NDUFB10  NDUFB11  COX6C  NDUFS5  NDUFA3  NDUFA11  COX8A  NDUFB1  NDUFA13  NDUFA4  ATP5PF  ATP5MG  ATP5ME  PARK7  CHCHD2,7
5.52268827538267E-23\,32\,260\,11.0853307766059\,GO:0045333 cellular respiration\,http://amigo.geneontology.org/amigo/term/GO:0045333\,COX7A2  ATP5F1E  COX7C  COX5B  UQCRQ  UQCRH  UQCR10  ATP5MF  NDUFB4  NDUFB2  NDUFB7  NDUFB3  NDUFA1  COX6B1  UQCR11  COX7B  NDUFA2  NDUFB10  NDUFB11  COX6C  NDUFS5  NDUFA3  NDUFA11  COX8A  NDUFB1  NDUFA13  NDUFA4  ATP5PF  ATP5MG  ATP5ME  PARK7  CHCHD2,7
6.91124264801917E-22\,25\,131\,16.1300223214286\,GO:0009206 purine ribonucleoside triphosphate biosynthetic process\,http://amigo.geneontology.org/amigo/term/GO:0009206\,ATP5F1E  ATP5MC3  ATP5MC1  ATP5MG  ATP5MF  NDUFB4  NDUFB2  NDUFB7  NDUFB3  NDUFA1  NDUFA2  NDUFB10  NDUFB11  ATP5PF  ATP5MJ  NDUFS5  ATP5ME  NDUFA3  ATP5MK  NDUFA11  NDUFB1  NDUFA13  ENO1  TMSB4X  NME1,7
8.20847546133096E-22\,25\,132\,15.9308862433862\,GO:0009145 purine nucleoside triphosphate biosynthetic process\,http://amigo.geneontology.org/amigo/term/GO:0009145\,ATP5F1E  ATP5MC3  ATP5MC1  ATP5MG  ATP5MF  NDUFB4  NDUFB2  NDUFB7  NDUFB3  NDUFA1  NDUFA2  NDUFB10  NDUFB11  ATP5PF  ATP5MJ  NDUFS5  ATP5ME  NDUFA3  ATP5MK  NDUFA11  NDUFB1  NDUFA13  ENO1  TMSB4X  NME1,7
9.97342655304591E-22\,25\,137\,15.7366071428571\,GO:0009201 ribonucleoside triphosphate biosynthetic process\,http://amigo.geneontology.org/amigo/term/GO:0009201\,ATP5F1E  ATP5MC3  ATP5MC1  ATP5MG  ATP5MF  NDUFB4  NDUFB2  NDUFB7  NDUFB3  NDUFA1  NDUFA2  NDUFB10  NDUFB11  ATP5PF  ATP5MJ  NDUFS5  ATP5ME  NDUFA3  ATP5MK  NDUFA11  NDUFB1  NDUFA13  ENO1  TMSB4X  NME1,7
1.4569751545488E-21\,24\,120\,16.7403474903475\,GO:0006754 ATP biosynthetic process\,http://amigo.geneontology.org/amigo/term/GO:0006754\,ATP5F1E  ATP5MC3  ATP5MC1  ATP5MG  ATP5MF  NDUFB4  NDUFB2  NDUFB7  NDUFB3  NDUFA1  NDUFA2  NDUFB10  NDUFB11  ATP5PF  ATP5MJ  NDUFS5  ATP5ME  NDUFA3  ATP5MK  NDUFA11  NDUFB1  NDUFA13  ENO1  TMSB4X,7
2.43169729657958E-21\,24\,116\,16.2998120300752\,GO:0042773 ATP synthesis coupled electron transport\,http://amigo.geneontology.org/amigo/term/GO:0042773\,COX7C  COX5B  UQCRQ  UQCRH  UQCR10  COX7A2  COX6B1  UQCR11  COX7B  COX6C  COX8A  NDUFA4  PARK7  CHCHD2  NDUFB4  NDUFB2  NDUFB7  NDUFB3  NDUFA1  NDUFA2  NDUFB10  NDUFS5  NDUFA3  NDUFB1,7
2.43169729657958E-21\,24\,116\,16.2998120300752\,GO:0042775 mitochondrial ATP synthesis coupled electron transport\,http://amigo.geneontology.org/amigo/term/GO:0042775\,COX7C  COX5B  UQCRQ  UQCRH  UQCR10  COX7A2  COX6B1  UQCR11  COX7B  COX6C  COX8A  NDUFA4  PARK7  CHCHD2  NDUFB4  NDUFB2  NDUFB7  NDUFB3  NDUFA1  NDUFA2  NDUFB10  NDUFS5  NDUFA3  NDUFB1,7
4.24681159874396E-21\,25\,148\,14.6636566558442\,GO:0009142 nucleoside triphosphate biosynthetic process\,http://amigo.geneontology.org/amigo/term/GO:0009142\,ATP5F1E  ATP5MC3  ATP5MC1  ATP5MG  ATP5MF  NDUFB4  NDUFB2  NDUFB7  NDUFB3  NDUFA1  NDUFA2  NDUFB10  NDUFB11  ATP5PF  ATP5MJ  NDUFS5  ATP5ME  NDUFA3  ATP5MK  NDUFA11  NDUFB1  NDUFA13  ENO1  TMSB4X  NME1,7
4.24681159874396E-21\,25\,145\,14.6636566558442\,GO:0009205 purine ribonucleoside triphosphate metabolic process\,http://amigo.geneontology.org/amigo/term/GO:0009205\,ATP5F1E  ATP5MC3  ATP5MC1  ATP5MG  ATP5MF  NDUFB4  NDUFB2  NDUFB7  NDUFB3  NDUFA1  NDUFA2  NDUFB10  NDUFB11  ATP5PF  ATP5MJ  NDUFS5  ATP5ME  NDUFA3  ATP5MK  NDUFA11  NDUFB1  NDUFA13  ENO1  TMSB4X  NME1,7
6.15870334398111E-21\,23\,108\,16.9595663265306\,GO:0019646 aerobic electron transport chain\,http://amigo.geneontology.org/amigo/term/GO:0019646\,COX7C  COX5B  UQCRQ  UQCRH  UQCR10  COX7A2  COX6B1  UQCR11  COX7B  COX6C  COX8A  NDUFA4  PARK7  NDUFB4  NDUFB2  NDUFB7  NDUFB3  NDUFA1  NDUFA2  NDUFB10  NDUFS5  NDUFA3  NDUFB1,7
6.35122507474957E-21\,25\,150\,14.3377976190476\,GO:0009144 purine nucleoside triphosphate metabolic process\,http://amigo.geneontology.org/amigo/term/GO:0009144\,ATP5F1E  ATP5MC3  ATP5MC1  ATP5MG  ATP5MF  NDUFB4  NDUFB2  NDUFB7  NDUFB3  NDUFA1  NDUFA2  NDUFB10  NDUFB11  ATP5PF  ATP5MJ  NDUFS5  ATP5ME  NDUFA3  ATP5MK  NDUFA11  NDUFB1  NDUFA13  ENO1  TMSB4X  NME1,7
6.35122507474957E-21\,25\,152\,14.3377976190476\,GO:0009199 ribonucleoside triphosphate metabolic process\,http://amigo.geneontology.org/amigo/term/GO:0009199\,ATP5F1E  ATP5MC3  ATP5MC1  ATP5MG  ATP5MF  NDUFB4  NDUFB2  NDUFB7  NDUFB3  NDUFA1  NDUFA2  NDUFB10  NDUFB11  ATP5PF  ATP5MJ  NDUFS5  ATP5ME  NDUFA3  ATP5MK  NDUFA11  NDUFB1  NDUFA13  ENO1  TMSB4X  NME1,7
6.77520513905203E-21\,22\,92\,18.3153801843318\,GO:0015986 proton motive force-driven ATP synthesis\,http://amigo.geneontology.org/amigo/term/GO:0015986\,ATP5F1E  ATP5MC3  ATP5MC1  ATP5MG  ATP5MF  NDUFB4  NDUFB2  NDUFB7  NDUFB3  NDUFA1  NDUFA2  NDUFB10  NDUFB11  ATP5PF  ATP5MJ  NDUFS5  ATP5ME  NDUFA3  ATP5MK  NDUFA11  NDUFB1  NDUFA13,7
6.92373519971967E-21\,32\,352\,9.17619047619048\,GO:0015980 energy derivation by oxidation of organic compounds\,http://amigo.geneontology.org/amigo/term/GO:0015980\,COX7A2  ATP5F1E  COX7C  COX5B  UQCRQ  UQCRH  UQCR10  ATP5MF  NDUFB4  NDUFB2  NDUFB7  NDUFB3  NDUFA1  COX6B1  UQCR11  COX7B  NDUFA2  NDUFB10  NDUFB11  COX6C  NDUFS5  NDUFA3  NDUFA11  COX8A  NDUFB1  NDUFA13  NDUFA4  ATP5PF  ATP5MG  ATP5ME  PARK7  CHCHD2,7
1.48130030145445E-20\,24\,137\,14.9251290877797\,GO:0022904 respiratory electron transport chain\,http://amigo.geneontology.org/amigo/term/GO:0022904\,COX7C  COX5B  UQCRQ  UQCRH  UQCR10  COX7A2  COX6B1  UQCR11  COX7B  COX6C  COX8A  NDUFA4  PARK7  CHCHD2  NDUFB4  NDUFB2  NDUFB7  NDUFB3  NDUFA1  NDUFA2  NDUFB10  NDUFS5  NDUFA3  NDUFB1,7
5.21510750891478E-20\,25\,173\,13.1673651603499\,GO:0009141 nucleoside triphosphate metabolic process\,http://amigo.geneontology.org/amigo/term/GO:0009141\,ATP5F1E  ATP5MC3  ATP5MC1  ATP5MG  ATP5MF  NDUFB4  NDUFB2  NDUFB7  NDUFB3  NDUFA1  NDUFA2  NDUFB10  NDUFB11  ATP5PF  ATP5MJ  NDUFS5  ATP5ME  NDUFA3  ATP5MK  NDUFA11  NDUFB1  NDUFA13  ENO1  TMSB4X  NME1,7
1.49736484393179E-19\,35\,532\,7.22625\,GO:0006091 generation of precursor metabolites and energy\,http://amigo.geneontology.org/amigo/term/GO:0006091\,ENO1  COX7A2  ATP5F1E  COX7C  COX5B  UQCRQ  UQCRH  UQCR10  ATP5MF  NDUFB4  NDUFB2  NDUFB7  NDUFB3  NDUFA1  COX6B1  UQCR11  COX7B  NDUFA2  NDUFB10  NDUFB11  COX6C  NDUFS5  NDUFA3  NDUFA11  COX8A  NDUFB1  NDUFA13  NDUFA4  ATP5PF  ATP5MG  ATP5ME  PARK7  CHCHD2  COX17  ATP5IF1,7
4.69371190661022E-18\,24\,194\,11.9114010989011\,GO:0022900 electron transport chain\,http://amigo.geneontology.org/amigo/term/GO:0022900\,COX7C  COX5B  UQCRQ  UQCRH  UQCR10  COX7A2  COX6B1  UQCR11  COX7B  COX6C  COX8A  NDUFA4  PARK7  NDUFB3  CHCHD2  NDUFB4  NDUFB2  NDUFB7  NDUFA1  NDUFA2  NDUFB10  NDUFS5  NDUFA3  NDUFB1,7
1.89969444790806E-17\,25\,245\,10.4910714285714\,GO:0009152 purine ribonucleotide biosynthetic process\,http://amigo.geneontology.org/amigo/term/GO:0009152\,ATP5F1E  ATP5MC3  ATP5MC1  ATP5MG  ATP5MF  NDUFB4  NDUFB2  NDUFB7  NDUFB3  NDUFA1  NDUFA2  NDUFB10  NDUFB11  ATP5PF  ATP5MJ  NDUFS5  ATP5ME  NDUFA3  ATP5MK  NDUFA11  NDUFB1  NDUFA13  ENO1  TMSB4X  NME1,7
5.09850714727336E-17\,25\,258\,10.0812639508929\,GO:0009260 ribonucleotide biosynthetic process\,http://amigo.geneontology.org/amigo/term/GO:0009260\,ATP5F1E  ATP5MC3  ATP5MC1  ATP5MG  ATP5MF  NDUFB4  NDUFB2  NDUFB7  NDUFB3  NDUFA1  NDUFA2  NDUFB10  NDUFB11  ATP5PF  ATP5MJ  NDUFS5  ATP5ME  NDUFA3  ATP5MK  NDUFA11  NDUFB1  NDUFA13  ENO1  TMSB4X  NME1,7
7.28384134334154E-17\,25\,269\,9.92616758241758\,GO:0006164 purine nucleotide biosynthetic process\,http://amigo.geneontology.org/amigo/term/GO:0006164\,ATP5F1E  ATP5MC3  ATP5MC1  ATP5MG  ATP5MF  NDUFB4  NDUFB2  NDUFB7  NDUFB3  NDUFA1  NDUFA2  NDUFB10  NDUFB11  ATP5PF  ATP5MJ  NDUFS5  ATP5ME  NDUFA3  ATP5MK  NDUFA11  NDUFB1  NDUFA13  ENO1  TMSB4X  NME1,7
1.03484182229178E-16\,25\,265\,9.7757711038961\,GO:0046390 ribose phosphate biosynthetic process\,http://amigo.geneontology.org/amigo/term/GO:0046390\,ATP5F1E  ATP5MC3  ATP5MC1  ATP5MG  ATP5MF  NDUFB4  NDUFB2  NDUFB7  NDUFB3  NDUFA1  NDUFA2  NDUFB10  NDUFB11  ATP5PF  ATP5MJ  NDUFS5  ATP5ME  NDUFA3  ATP5MK  NDUFA11  NDUFB1  NDUFA13  ENO1  TMSB4X  NME1,7
1.46227733092374E-16\,25\,280\,9.62986407249467\,GO:0072522 purine-containing compound biosynthetic process\,http://amigo.geneontology.org/amigo/term/GO:0072522\,ATP5F1E  ATP5MC3  ATP5MC1  ATP5MG  ATP5MF  NDUFB4  NDUFB2  NDUFB7  NDUFB3  NDUFA1  NDUFA2  NDUFB10  NDUFB11  ATP5PF  ATP5MJ  NDUFS5  ATP5ME  NDUFA3  ATP5MK  NDUFA11  NDUFB1  NDUFA13  ENO1  TMSB4X  NME1,7
3.78150546048369E-16\,18\,82\,16.5908801020408\,GO:0042776 proton motive force-driven mitochondrial ATP synthesis\,http://amigo.geneontology.org/amigo/term/GO:0042776\,ATP5F1E  ATP5MF  NDUFB4  NDUFB2  NDUFB7  NDUFB3  NDUFA1  NDUFA2  NDUFB10  NDUFB11  NDUFS5  NDUFA3  NDUFA11  NDUFB1  NDUFA13  ATP5PF  ATP5MG  ATP5ME,7
1.36898280851122E-15\,25\,334\,8.77824344023324\,GO:0009165 nucleotide biosynthetic process\,http://amigo.geneontology.org/amigo/term/GO:0009165\,ATP5F1E  ATP5MC3  ATP5MC1  ATP5MG  ATP5MF  NDUFB4  NDUFB2  NDUFB7  NDUFB3  NDUFA1  NDUFA2  NDUFB10  NDUFB11  ATP5PF  ATP5MJ  NDUFS5  ATP5ME  NDUFA3  ATP5MK  NDUFA11  NDUFB1  NDUFA13  ENO1  TMSB4X  NME1,7
1.36898280851122E-15\,25\,337\,8.77824344023324\,GO:1901293 nucleoside phosphate biosynthetic process\,http://amigo.geneontology.org/amigo/term/GO:1901293\,ATP5F1E  ATP5MC3  ATP5MC1  ATP5MG  ATP5MF  NDUFB4  NDUFB2  NDUFB7  NDUFB3  NDUFA1  NDUFA2  NDUFB10  NDUFB11  ATP5PF  ATP5MJ  NDUFS5  ATP5ME  NDUFA3  ATP5MK  NDUFA11  NDUFB1  NDUFA13  ENO1  TMSB4X  NME1,7
1.74713075707385E-13\,26\,453\,6.81227338651197\,GO:0009150 purine ribonucleotide metabolic process\,http://amigo.geneontology.org/amigo/term/GO:0009150\,ENO1  ATP5F1E  ATP5MC3  ATP5MC1  ATP5MG  HINT1  ATP5MF  NDUFB4  NDUFB2  NDUFB7  NDUFB3  NDUFA1  NDUFA2  NDUFB10  NDUFB11  ATP5PF  ATP5MJ  NDUFS5  ATP5ME  NDUFA3  ATP5MK  NDUFA11  NDUFB1  NDUFA13  TMSB4X  NME1,7
3.5585927107359E-13\,26\,481\,6.61092540464462\,GO:0006163 purine nucleotide metabolic process\,http://amigo.geneontology.org/amigo/term/GO:0006163\,ENO1  ATP5F1E  ATP5MC3  ATP5MC1  ATP5MG  HINT1  ATP5MF  NDUFB4  NDUFB2  NDUFB7  NDUFB3  NDUFA1  NDUFA2  NDUFB10  NDUFB11  ATP5PF  ATP5MJ  NDUFS5  ATP5ME  NDUFA3  ATP5MK  NDUFA11  NDUFB1  NDUFA13  TMSB4X  NME1,7
3.89258773212922E-13\,26\,472\,6.57851890756303\,GO:0009259 ribonucleotide metabolic process\,http://amigo.geneontology.org/amigo/term/GO:0009259\,ENO1  ATP5F1E  ATP5MC3  ATP5MC1  ATP5MG  HINT1  ATP5MF  NDUFB4  NDUFB2  NDUFB7  NDUFB3  NDUFA1  NDUFA2  NDUFB10  NDUFB11  ATP5PF  ATP5MJ  NDUFS5  ATP5ME  NDUFA3  ATP5MK  NDUFA11  NDUFB1  NDUFA13  TMSB4X  NME1,7
7.70832358038862E-13\,26\,482\,6.3905612244898\,GO:0019693 ribose phosphate metabolic process\,http://amigo.geneontology.org/amigo/term/GO:0019693\,ENO1  ATP5F1E  ATP5MC3  ATP5MC1  ATP5MG  HINT1  ATP5MF  NDUFB4  NDUFB2  NDUFB7  NDUFB3  NDUFA1  NDUFA2  NDUFB10  NDUFB11  ATP5PF  ATP5MJ  NDUFS5  ATP5ME  NDUFA3  ATP5MK  NDUFA11  NDUFB1  NDUFA13  TMSB4X  NME1,7
8.4069273668744E-13\,26\,505\,6.36027420446852\,GO:0072521 purine-containing compound metabolic process\,http://amigo.geneontology.org/amigo/term/GO:0072521\,ENO1  ATP5F1E  ATP5MC3  ATP5MC1  ATP5MG  HINT1  ATP5MF  NDUFB4  NDUFB2  NDUFB7  NDUFB3  NDUFA1  NDUFA2  NDUFB10  NDUFB11  ATP5PF  ATP5MJ  NDUFS5  ATP5ME  NDUFA3  ATP5MK  NDUFA11  NDUFB1  NDUFA13  TMSB4X  NME1,7
1.21160434741874E-12\,27\,671\,5.95570054945055\,GO:0090407 organophosphate biosynthetic process\,http://amigo.geneontology.org/amigo/term/GO:0090407\,ATP5F1E  ATP5MC3  ATP5MC1  ATP5MG  ATP5MF  NDUFB4  NDUFB2  NDUFB7  NDUFB3  FABP3  NDUFA1  NDUFA2  NDUFB10  NDUFB11  ATP5PF  ATP5MJ  NDUFS5  ATP5ME  NDUFA3  ATP5MK  NDUFA11  NDUFB1  NDUFA13  ENO1  TMSB4X  FABP5  NME1,7
2.22349524998123E-12\,27\,578\,5.80680803571429\,GO:0009117 nucleotide metabolic process\,http://amigo.geneontology.org/amigo/term/GO:0009117\,ENO1  PARK7  ATP5F1E  ATP5MC3  ATP5MC1  ATP5MG  HINT1  ATP5MF  NDUFB4  NDUFB2  NDUFB7  NDUFB3  NDUFA1  NDUFA2  NDUFB10  NDUFB11  ATP5PF  ATP5MJ  NDUFS5  ATP5ME  NDUFA3  ATP5MK  NDUFA11  NDUFB1  NDUFA13  TMSB4X  NME1,7
2.40053087092903E-12\,27\,588\,5.78271339656194\,GO:0006753 nucleoside phosphate metabolic process\,http://amigo.geneontology.org/amigo/term/GO:0006753\,ENO1  PARK7  ATP5F1E  ATP5MC3  ATP5MC1  ATP5MG  HINT1  ATP5MF  NDUFB4  NDUFB2  NDUFB7  NDUFB3  NDUFA1  NDUFA2  NDUFB10  NDUFB11  ATP5PF  ATP5MJ  NDUFS5  ATP5ME  NDUFA3  ATP5MK  NDUFA11  NDUFB1  NDUFA13  TMSB4X  NME1,7
5.38041213965321E-12\,16\,161\,12.1449579831933\,GO:1902600 proton transmembrane transport\,http://amigo.geneontology.org/amigo/term/GO:1902600\,TMSB4X  PARK7  COX6B1  COX7B  COX5B  ATP5MC3  ATP5PF  ATP5MC1  ATP5MG  ATP5ME  UQCRH  COX8A  UQCR10  COX17  NDUFA4  ATP5MF,7
2.17455542026262E-11\,27\,660\,5.2789163961039\,GO:0055086 nucleobase-containing small molecule metabolic process\,http://amigo.geneontology.org/amigo/term/GO:0055086\,ENO1  PARK7  ATP5F1E  ATP5MC3  ATP5MC1  ATP5MG  HINT1  ATP5MF  NDUFB4  NDUFB2  NDUFB7  NDUFB3  NDUFA1  NDUFA2  NDUFB10  NDUFB11  ATP5PF  ATP5MJ  NDUFS5  ATP5ME  NDUFA3  ATP5MK  NDUFA11  NDUFB1  NDUFA13  TMSB4X  NME1,7
2.90396189755364E-11\,26\,701\,5.45535714285714\,GO:1901137 carbohydrate derivative biosynthetic process\,http://amigo.geneontology.org/amigo/term/GO:1901137\,ATP5F1E  ATP5MC3  ATP5MC1  ATP5MG  OST4  ATP5MF  NDUFB4  NDUFB2  NDUFB7  NDUFB3  NDUFA1  NDUFA2  NDUFB10  NDUFB11  ATP5PF  ATP5MJ  NDUFS5  ATP5ME  NDUFA3  ATP5MK  NDUFA11  NDUFB1  NDUFA13  ENO1  TMSB4X  NME1,7
1.63881637011005E-10\,30\,1083\,4.3133207321926\,GO:0019637 organophosphate metabolic process\,http://amigo.geneontology.org/amigo/term/GO:0019637\,ENO1  PARK7  ATP5F1E  ATP5MC3  ATP5MC1  ATP5MG  HINT1  ATP5MF  NDUFB4  NDUFB2  NDUFB7  NDUFB3  FABP3  NDUFA1  NDUFA2  NDUFB10  NDUFB11  ATP5PF  ATP5MJ  NDUFS5  ATP5ME  NDUFA3  ATP5MK  NDUFA11  NDUFB1  NDUFA13  DBI  TMSB4X  FABP5  NME1,7
2.94047517702372E-10\,13\,76\,13.4201785714286\,GO:0010257 NADH dehydrogenase complex assembly\,http://amigo.geneontology.org/amigo/term/GO:0010257\,NDUFB3  NDUFS5  NDUFA11  NDUFB4  NDUFB2  NDUFB7  NDUFA1  NDUFA2  NDUFB10  NDUFB11  NDUFA3  NDUFB1  NDUFA13,7
2.94047517702372E-10\,13\,76\,13.4201785714286\,GO:0032981 mitochondrial respiratory chain complex I assembly\,http://amigo.geneontology.org/amigo/term/GO:0032981\,NDUFB3  NDUFS5  NDUFA11  NDUFB4  NDUFB2  NDUFB7  NDUFA1  NDUFA2  NDUFB10  NDUFB11  NDUFA3  NDUFB1  NDUFA13,7
5.77209931344086E-10\,12\,66\,14.7474489795918\,GO:0006120 mitochondrial electron transport NADH to ubiquinone\,http://amigo.geneontology.org/amigo/term/GO:0006120\,PARK7  NDUFB4  NDUFB2  NDUFB7  NDUFB3  NDUFA1  NDUFA2  NDUFB10  NDUFS5  NDUFA3  NDUFB1  NDUFA4,7
9.88846834089493E-10\,8\,24\,31.7637362637363\,GO:0006123 mitochondrial electron transport cytochrome c to oxygen\,http://amigo.geneontology.org/amigo/term/GO:0006123\,COX7C  COX5B  COX7A2  COX6B1  COX7B  COX6C  COX8A  NDUFA4,7
2.70780248243486E-09\,29\,1151\,3.98102678571429\,GO:1901135 carbohydrate derivative metabolic process\,http://amigo.geneontology.org/amigo/term/GO:1901135\,ENO1  ATP5F1E  ATP5MC3  ATP5MC1  ATP5MG  HINT1  OST4  ATP5MF  NDUFB4  NDUFB2  NDUFB7  NDUFB3  NDUFA1  NDUFA2  NDUFB10  NDUFB11  ATP5PF  ATP5MJ  NDUFS5  ATP5ME  NDUFA3  ATP5MK  NDUFA11  NDUFB1  NDUFA13  PARK7  TMSB4X  NME1  CST3,7
5.09650855653171E-09\,44\,1888\,2.68135435992579\,GO:1901566 organonitrogen compound biosynthetic process\,http://amigo.geneontology.org/amigo/term/GO:1901566\,ATP5F1E  ATP5IF1  RPLP1  ATP5MC3  ATP5MC1  RPL22L1  ATP5MG  RPS9  RPL12  OST4  ATP5MF  NDUFB4  NDUFB2  NDUFB7  RPL28  PARK7  NDUFB3  NDUFA1  NDUFA2  RPL35  NDUFB10  NDUFB11  FAU  ATP5PF  ATP5MJ  NDUFS5  ATP5ME  NDUFA3  ATP5MK  NDUFA11  NDUFB1  NDUFA13  RPS26  MRPS21  ENO1  GSTP1  DBI  TMSB4X  ELOB  FABP3  FABP5  NME1  SOX4  SVIP,7
7.06916700518537E-09\,14\,113\,9.38474025974026\,GO:0033108 mitochondrial respiratory chain complex assembly\,http://amigo.geneontology.org/amigo/term/GO:0033108\,NDUFB3  COX17  NDUFS5  NDUFA11  NDUFB4  NDUFB2  NDUFB7  NDUFA1  NDUFA2  NDUFB10  NDUFB11  NDUFA3  NDUFB1  NDUFA13,7
6.58962214961672E-08\,34\,1936\,3.0309955588453\,GO:0044281 small molecule metabolic process\,http://amigo.geneontology.org/amigo/term/GO:0044281\,ENO1  PARK7  ATP5F1E  ATP5MC3  DBI  ATP5MC1  ATP5MG  HINT1  ATP5MF  NDUFB4  NDUFB2  NDUFB7  NDUFB3  NDUFA1  NDUFA2  NDUFB10  NDUFB11  ATP5PF  ATP5MJ  NDUFS5  ATP5ME  NDUFA3  ATP5MK  NDUFA11  NDUFB1  NDUFA13  GSTP1  LDHB  SOD1  TMSB4X  MIF  FABP3  FABP5  NME1,7
4.90086281385035E-07\,19\,840\,4.76070561719834\,GO:0098662 inorganic cation transmembrane transport\,http://amigo.geneontology.org/amigo/term/GO:0098662\,AKAP9  CALM3  CALM1  TMSB4X  PARK7  COX6B1  COX7B  COX5B  ATP5MC3  ATP5PF  ATP5MC1  ATP5MG  ATP5ME  UQCRH  COX8A  UQCR10  COX17  NDUFA4  ATP5MF,7
1.42042017218968E-06\,19\,942\,4.45775162337662\,GO:0098660 inorganic ion transmembrane transport\,http://amigo.geneontology.org/amigo/term/GO:0098660\,AKAP9  CALM3  CALM1  TMSB4X  PARK7  COX6B1  COX7B  COX5B  ATP5MC3  ATP5PF  ATP5MC1  ATP5MG  ATP5ME  UQCRH  COX8A  UQCR10  COX17  NDUFA4  ATP5MF,7
2.82522863130268E-06\,42\,3005\,2.26291753653445\,GO:0006796 phosphate-containing compound metabolic process\,http://amigo.geneontology.org/amigo/term/GO:0006796\,MAP4K4  ENO1  PARK7  ATP5F1E  AKAP9  ATP5MC3  ATP5MC1  ATP5MG  HINT1  ATP5MF  NDUFB4  NDUFB2  NDUFB7  NDUFB3  FABP3  NDUFA1  NDUFA2  TXN  NDUFB10  NDUFB11  ATP5PF  ATP5MJ  NDUFS5  ATP5ME  NDUFA3  ATP5MK  NDUFA11  NDUFB1  NDUFA13  GSTP1  DYNLL1  SOD1  DBI  CALM3  PPIA  CALM1  TMSB4X  MIF  RPLP1  H3-3A  FABP5  NME1,7
2.82522863130268E-06\,19\,972\,4.26393633540373\,GO:0098655 cation transmembrane transport\,http://amigo.geneontology.org/amigo/term/GO:0098655\,AKAP9  CALM3  CALM1  TMSB4X  PARK7  COX6B1  COX7B  COX5B  ATP5MC3  ATP5PF  ATP5MC1  ATP5MG  ATP5ME  UQCRH  COX8A  UQCR10  COX17  NDUFA4  ATP5MF,7
3.43483748046572E-06\,42\,3030\,2.24650259067357\,GO:0006793 phosphorus metabolic process\,http://amigo.geneontology.org/amigo/term/GO:0006793\,MAP4K4  ENO1  PARK7  ATP5F1E  AKAP9  ATP5MC3  ATP5MC1  ATP5MG  HINT1  ATP5MF  NDUFB4  NDUFB2  NDUFB7  NDUFB3  FABP3  NDUFA1  NDUFA2  TXN  NDUFB10  NDUFB11  ATP5PF  ATP5MJ  NDUFS5  ATP5ME  NDUFA3  ATP5MK  NDUFA11  NDUFB1  NDUFA13  GSTP1  DYNLL1  SOD1  DBI  CALM3  PPIA  CALM1  TMSB4X  MIF  RPLP1  H3-3A  FABP5  NME1,7
3.78890063044242E-06\,22\,578\,3.63959478021978\,GO:0007005 mitochondrion organization\,http://amigo.geneontology.org/amigo/term/GO:0007005\,UBL5  CHCHD2  COX7A2  NDUFB3  ROMO1  COX17  NDUFS5  MICOS10  NDUFA13  PARK7  ATP5IF1  CALM3  NDUFA11  NDUFB4  NDUFB2  NDUFB7  NDUFA1  NDUFA2  NDUFB10  NDUFB11  NDUFA3  NDUFB1,7
6.13311620906383E-06\,24\,1677\,3.28590375142099\,GO:0006811 ion transport\,http://amigo.geneontology.org/amigo/term/GO:0006811\,AKAP9  CALM3  CALM1  TMSB4X  PARK7  ATP5F1E  COX6B1  COX7B  COX5B  ATP5MC3  ATP5PF  ATP5MC1  ATP5MG  ATP5ME  SNCG  UQCRH  COX8A  ATOX1  UQCR10  S100A6  MIF  ATP5MF  COX17  NDUFA4,7
7.83673791064716E-06\,20\,1218\,3.7952993697479\,GO:0034220 ion transmembrane transport\,http://amigo.geneontology.org/amigo/term/GO:0034220\,AKAP9  CALM3  CALM1  TMSB4X  PARK7  COX6B1  COX7B  COX5B  ATP5MC3  ATP5PF  ATP5MC1  ATP5MG  ATP5ME  UQCRH  COX8A  UQCR10  S100A6  COX17  NDUFA4  ATP5MF,7
2.01581896905483E-05\,23\,1653\,3.18276043661432\,GO:0055085 transmembrane transport\,http://amigo.geneontology.org/amigo/term/GO:0055085\,ROMO1  AKAP9  SEC61G  CALM3  CALM1  TMSB4X  PARK7  COX6B1  COX7B  COX5B  ATP5MC3  ATP5PF  ATP5MC1  FABP5  ATP5MG  ATP5ME  UQCRH  COX8A  UQCR10  S100A6  COX17  NDUFA4  ATP5MF,7
4.10315608689537E-05\,20\,1274\,3.41828287606433\,GO:0006812 cation transport\,http://amigo.geneontology.org/amigo/term/GO:0006812\,AKAP9  CALM3  CALM1  TMSB4X  PARK7  COX6B1  COX7B  COX5B  ATP5MC3  ATP5PF  ATP5MC1  ATP5MG  ATP5ME  SNCG  UQCRH  COX8A  UQCR10  COX17  NDUFA4  ATP5MF,7
0.000622093740669487\,7\,128\,8.40261627906977\,GO:0032411 positive regulation of transporter activity\,http://amigo.geneontology.org/amigo/term/GO:0032411\,AKAP9  CALM3  CALM1  TMSB4X  PARK7  COX17  NDUFA4,7
0.000834615172930296\,7\,102\,8.02916666666667\,GO:0030901 midbrain development\,http://amigo.geneontology.org/amigo/term/GO:0030901\,DYNLL1  COX6B1  ATP5PF  CALM3  BASP1  CALM1  UQCRQ,7
0.00108779207869563\,6\,51\,9.67801339285714\,GO:0021762 substantia nigra development\,http://amigo.geneontology.org/amigo/term/GO:0021762\,DYNLL1  COX6B1  ATP5PF  CALM3  BASP1  CALM1,7
0.00216034377568765\,6\,72\,8.60267857142857\,GO:0048857 neural nucleus development\,http://amigo.geneontology.org/amigo/term/GO:0048857\,DYNLL1  COX6B1  ATP5PF  CALM3  BASP1  CALM1,7
0.00218926069068862\,4\,13\,17.2053571428571\,GO:0006122 mitochondrial electron transport ubiquinol to cytochrome c\,http://amigo.geneontology.org/amigo/term/GO:0006122\,UQCRQ  UQCRH  UQCR10  UQCR11,7
0.00218926069068862\,4\,25\,17.2053571428571\,GO:0010155 regulation of proton transport\,http://amigo.geneontology.org/amigo/term/GO:0010155\,TMSB4X  PARK7  COX17  NDUFA4,7
0.00238724671607179\,30\,1859\,2.05368984463812\,GO:0065003 protein-containing complex assembly\,http://amigo.geneontology.org/amigo/term/GO:0065003\,RSF1  TMSB10  PFN1  COX7A2  NDUFB3  SNRPD2  COX17  NDUFS5  TBCA  SVIP  TMSB4X  PARK7  SNRPG  H3-3B  H3-3A  MAP1B  NDUFA11  NDUFB1  NDUFB4  NDUFB2  NDUFB7  NDUFA1  AKAP9  NDUFA2  NDUFB10  NDUFB11  NDUFA3  NDUFA13  MIF  ELOB,7
0.00289685535584872\,7\,128\,6.56931818181818\,GO:0051101 regulation of DNA binding\,http://amigo.geneontology.org/amigo/term/GO:0051101\,RSF1  TXN  TMSB4X  NME1  CALM3  CALM1  PARK7,7
0.00370328950529564\,6\,117\,7.74241071428571\,GO:0032414 positive regulation of ion transmembrane transporter activity\,http://amigo.geneontology.org/amigo/term/GO:0032414\,AKAP9  CALM3  CALM1  TMSB4X  COX17  NDUFA4,7
0.00417243359703627\,5\,57\,9.92616758241758\,GO:0043388 positive regulation of DNA binding\,http://amigo.geneontology.org/amigo/term/GO:0043388\,TXN  NME1  CALM3  CALM1  PARK7,7
0.0100534834401484\,31\,2069\,1.86491633366633\,GO:0043933 protein-containing complex organization\,http://amigo.geneontology.org/amigo/term/GO:0043933\,RSF1  TMSB10  PFN1  COX7A2  NDUFB3  SNRPD2  MAP1B  COX17  NDUFS5  TBCA  SVIP  TMSB4X  PARK7  SNRPG  H3-3B  H3-3A  CALM1  NDUFA11  NDUFB1  NDUFB4  NDUFB2  NDUFB7  NDUFA1  AKAP9  NDUFA2  NDUFB10  NDUFB11  NDUFA3  NDUFA13  MIF  ELOB,7
0.0113151666092474\,5\,107\,8.06501116071429\,GO:0098869 cellular oxidant detoxification\,http://amigo.geneontology.org/amigo/term/GO:0098869\,PRDX1  SOD1  GSTP1  PARK7  TXN,7
0.0125414419866057\,2\,5\,51.6160714285714\,GO:1901842 negative regulation of high voltage-gated calcium channel activity\,http://amigo.geneontology.org/amigo/term/GO:1901842\,CALM3  CALM1,7
0.0147235787107261\,7\,235\,5.01822916666667\,GO:0072593 reactive oxygen species metabolic process\,http://amigo.geneontology.org/amigo/term/GO:0072593\,PRDX1  SOD1  PARK7  ROMO1  ATP5IF1  NDUFA13  GSTP1,7
0.018373455066691\,6\,176\,5.73511904761905\,GO:0034767 positive regulation of ion transmembrane transport\,http://amigo.geneontology.org/amigo/term/GO:0034767\,AKAP9  CALM3  CALM1  TMSB4X  COX17  NDUFA4,7
0.0237097088837017\,17\,1280\,2.35247510532363\,GO:0043085 positive regulation of catalytic activity\,http://amigo.geneontology.org/amigo/term/GO:0043085\,PARK7  TXN  NDUFA13  SOD1  RGS10  DBI  CALM3  PPIA  CALM1  TMSB4X  RPLP1  MIF  COX17  NDUFA4  MAP4K4  HSPE1  BEX3,7
0.0237097088837017\,4\,65\,9.38474025974026\,GO:0051353 positive regulation of oxidoreductase activity\,http://amigo.geneontology.org/amigo/term/GO:0051353\,PARK7  CALM3  COX17  NDUFA4,7
0.0237097088837017\,5\,122\,6.79158834586466\,GO:1990748 cellular detoxification\,http://amigo.geneontology.org/amigo/term/GO:1990748\,PRDX1  SOD1  PARK7  GSTP1  TXN,7
0.0242609098622382\,7\,299\,4.57357594936709\,GO:0043270 positive regulation of ion transport\,http://amigo.geneontology.org/amigo/term/GO:0043270\,AKAP9  CALM3  CALM1  TMSB4X  MIF  COX17  NDUFA4,7
0.0273310156172425\,4\,71\,8.97670807453416\,GO:2000379 positive regulation of reactive oxygen species metabolic process\,http://amigo.geneontology.org/amigo/term/GO:2000379\,ROMO1  SOD1  PARK7  GSTP1,7
0.0290095642969351\,5\,130\,6.45200892857143\,GO:0097237 cellular response to toxic substance\,http://amigo.geneontology.org/amigo/term/GO:0097237\,PRDX1  SOD1  PARK7  GSTP1  TXN,7
0.0318401892296833\,5\,147\,6.29464285714286\,GO:0098754 detoxification\,http://amigo.geneontology.org/amigo/term/GO:0098754\,PRDX1  SOD1  PARK7  GSTP1  TXN,7
0.0318401892296833\,2\,3\,34.4107142857143\,GO:1904734 positive regulation of electron transfer activity\,http://amigo.geneontology.org/amigo/term/GO:1904734\,COX17  NDUFA4,7
0.0318401892296833\,2\,3\,34.4107142857143\,GO:1904960 positive regulation of cytochrome-c oxidase activity\,http://amigo.geneontology.org/amigo/term/GO:1904960\,COX17  NDUFA4,7
0.0318401892296833\,2\,26\,34.4107142857143\,GO:2000193 positive regulation of fatty acid transport\,http://amigo.geneontology.org/amigo/term/GO:2000193\,FABP3  MIF,7
0.0321319908714146\,7\,354\,4.30133928571429\,GO:0006936 muscle contraction\,http://amigo.geneontology.org/amigo/term/GO:0006936\,CALM3  CALM1  SOD1  HSBP1  ENO1  AKAP9  MYL6,7
0.0332895346782093\,5\,172\,6.14477040816327\,GO:0006937 regulation of muscle contraction\,http://amigo.geneontology.org/amigo/term/GO:0006937\,CALM3  CALM1  SOD1  ENO1  AKAP9,7
0.0332895346782093\,15\,973\,2.41950334821429\,GO:0051050 positive regulation of transport\,http://amigo.geneontology.org/amigo/term/GO:0051050\,UBL5  AKAP9  CALM3  DBI  CALM1  TMSB4X  PARK7  FABP3  SOX4  ATP5IF1  SOD1  MIF  COX17  NDUFA4  PPIA,7
0.0332895346782093\,7\,236\,4.25073529411765\,GO:0051651 maintenance of location in cell\,http://amigo.geneontology.org/amigo/term/GO:0051651\,TMSB10  AKAP9  CALM3  TMSB4X  CALM1  TXN  PARK7,7
0.036973395414061\,3\,50\,12.9040178571429\,GO:0006692 prostanoid metabolic process\,http://amigo.geneontology.org/amigo/term/GO:0006692\,GSTP1  MIF  FABP5,7
0.036973395414061\,3\,50\,12.9040178571429\,GO:0006693 prostaglandin metabolic process\,http://amigo.geneontology.org/amigo/term/GO:0006693\,GSTP1  MIF  FABP5,7
0.0394805755536222\,7\,283\,4.10582386363636\,GO:0022898 regulation of transmembrane transporter activity\,http://amigo.geneontology.org/amigo/term/GO:0022898\,AKAP9  CALM3  CALM1  TMSB4X  PARK7  COX17  NDUFA4,7
0.0454320795927236\,10\,476\,3.00093438538206\,GO:0006979 response to oxidative stress\,http://amigo.geneontology.org/amigo/term/GO:0006979\,PRDX1  SOD1  NDUFB4  PARK7  PPIA  CHCHD2  TXN  ROMO1  GSTP1  ATOX1,7
0.0458617382444174\,3\,29\,11.9114010989011\,GO:0032148 activation of protein kinase B activity\,http://amigo.geneontology.org/amigo/term/GO:0032148\,PARK7  TXN  PPIA,7
0.0489837291754012\,20\,1718\,2.00062292358804\,GO:0044093 positive regulation of molecular function\,http://amigo.geneontology.org/amigo/term/GO:0044093\,AKAP9  CALM3  PARK7  TXN  NDUFA13  PFN1  SOD1  RGS10  DBI  PPIA  CALM1  TMSB4X  NME1  RPLP1  MIF  COX17  NDUFA4  MAP4K4  HSPE1  BEX3,7
0.0521568466642066\,2\,16\,25.8080357142857\,GO:0006825 copper ion transport\,http://amigo.geneontology.org/amigo/term/GO:0006825\,ATOX1  COX17,7
0.0521568466642066\,6\,250\,4.42423469387755\,GO:0009636 response to toxic substance\,http://amigo.geneontology.org/amigo/term/GO:0009636\,PRDX1  SOD1  PARK7  GSTP1  MAP1B  TXN,7
0.0521568466642066\,3\,71\,11.0605867346939\,GO:0032370 positive regulation of lipid transport\,http://amigo.geneontology.org/amigo/term/GO:0032370\,DBI  FABP3  MIF,7
0.0521568466642066\,7\,300\,3.84375\,GO:0032409 regulation of transporter activity\,http://amigo.geneontology.org/amigo/term/GO:0032409\,AKAP9  CALM3  CALM1  TMSB4X  PARK7  COX17  NDUFA4,7
0.0521568466642066\,2\,12\,25.8080357142857\,GO:0042989 sequestering of actin monomers\,http://amigo.geneontology.org/amigo/term/GO:0042989\,TMSB10  TMSB4X,7
0.0521568466642066\,2\,6\,25.8080357142857\,GO:0046826 negative regulation of protein export from nucleus\,http://amigo.geneontology.org/amigo/term/GO:0046826\,TXN  PARK7,7
0.0521568466642066\,2\,5\,25.8080357142857\,GO:0051343 positive regulation of cyclic-nucleotide phosphodiesterase activity\,http://amigo.geneontology.org/amigo/term/GO:0051343\,CALM3  CALM1,7
0.0521568466642066\,2\,5\,25.8080357142857\,GO:1905912 regulation of calcium ion export across plasma membrane\,http://amigo.geneontology.org/amigo/term/GO:1905912\,CALM3  CALM1,7
0.0521568466642066\,2\,5\,25.8080357142857\,GO:1905913 negative regulation of calcium ion export across plasma membrane\,http://amigo.geneontology.org/amigo/term/GO:1905913\,CALM3  CALM1,7
0.0578900793189441\,4\,61\,6.88214285714286\,GO:0032387 negative regulation of intracellular transport\,http://amigo.geneontology.org/amigo/term/GO:0032387\,SVIP  MAP1B  TXN  PARK7,7
0.062786446753143\,6\,226\,4.2424168297456\,GO:0034764 positive regulation of transmembrane transport\,http://amigo.geneontology.org/amigo/term/GO:0034764\,AKAP9  CALM3  CALM1  TMSB4X  COX17  NDUFA4,7
0.062786446753143\,3\,32\,10.3232142857143\,GO:0098901 regulation of cardiac muscle cell action potential\,http://amigo.geneontology.org/amigo/term/GO:0098901\,AKAP9  CALM3  CALM1,7
0.0734405115264555\,3\,71\,9.67801339285714\,GO:0015909 long-chain fatty acid transport\,http://amigo.geneontology.org/amigo/term/GO:0015909\,FABP3  MIF  FABP5,7
0.0734405115264555\,3\,55\,9.67801339285714\,GO:0042743 hydrogen peroxide metabolic process\,http://amigo.geneontology.org/amigo/term/GO:0042743\,PARK7  PRDX1  SOD1,7
0.0734405115264555\,3\,94\,9.67801339285714\,GO:0046470 phosphatidylcholine metabolic process\,http://amigo.geneontology.org/amigo/term/GO:0046470\,DBI  FABP3  FABP5,7
0.0769108130243364\,2\,7\,20.6464285714286\,GO:1902177 positive regulation of oxidative stress-induced intrinsic apoptotic signaling pathway\,http://amigo.geneontology.org/amigo/term/GO:1902177\,PARK7  SOD1,7
0.0769108130243364\,2\,29\,20.6464285714286\,GO:1903319 positive regulation of protein maturation\,http://amigo.geneontology.org/amigo/term/GO:1903319\,SOX4  ENO1,7
0.0769108130243364\,2\,10\,20.6464285714286\,GO:1990034 calcium ion export across plasma membrane\,http://amigo.geneontology.org/amigo/term/GO:1990034\,CALM3  CALM1,7
0.0769108130243364\,2\,14\,20.6464285714286\,GO:2001171 positive regulation of ATP biosynthetic process\,http://amigo.geneontology.org/amigo/term/GO:2001171\,ENO1  TMSB4X,7
0.0840732554222055\,3\,69\,9.10871848739496\,GO:0006801 superoxide metabolic process\,http://amigo.geneontology.org/amigo/term/GO:0006801\,PRDX1  SOD1  GSTP1,7
0.0847661004268191\,5\,108\,4.69237012987013\,GO:2001243 negative regulation of intrinsic apoptotic signaling pathway\,http://amigo.geneontology.org/amigo/term/GO:2001243\,ENO1  PARK7  MIF  NDUFA13  PPIA,7
0.0848446934931854\,7\,375\,3.44107142857143\,GO:1904062 regulation of cation transmembrane transport\,http://amigo.geneontology.org/amigo/term/GO:1904062\,AKAP9  CALM3  CALM1  TMSB4X  PARK7  COX17  NDUFA4,7
0.0878660188415302\,43\,4823\,1.43749421724648\,GO:0006810 transport\,http://amigo.geneontology.org/amigo/term/GO:0006810\,UBL5  FABP3  ROMO1  AKAP9  SEC61G  SRP14  CALM3  FABP5  SNCG  ATOX1  SVIP  CALM1  DBI  NDUFA13  TMSB4X  PARK7  ATP5F1E  SOX4  COX6B1  ATP5IF1  COX7B  MAP1B  COX5B  TXN  SOD1  ATP5MC3  ATP5PF  ATP5MC1  ATP5MG  ATP5ME  UQCRH  COX8A  NDUFB1  UQCR10  S100A13  S100A6  NME1  MIF  ATP5MF  COX17  NDUFA4  PPIA  HSBP1,7
0.0897473762380109\,4\,116\,5.89897959183673\,GO:0033138 positive regulation of peptidyl-serine phosphorylation\,http://amigo.geneontology.org/amigo/term/GO:0033138\,AKAP9  MIF  TXN  PARK7,7
0.0897473762380109\,4\,111\,5.89897959183673\,GO:0051341 regulation of oxidoreductase activity\,http://amigo.geneontology.org/amigo/term/GO:0051341\,PARK7  CALM3  COX17  NDUFA4,7
0.0933289574657005\,6\,202\,3.8234126984127\,GO:0000302 response to reactive oxygen species\,http://amigo.geneontology.org/amigo/term/GO:0000302\,PRDX1  SOD1  PARK7  TXN  ROMO1  GSTP1,7
0.0959824663650867\,8\,178\,2.94948979591837\,GO:0002181 cytoplasmic translation\,http://amigo.geneontology.org/amigo/term/GO:0002181\,RPLP1  RPL22L1  RPL28  RPL35  FAU  RPS9  RPS26  RPL12,7
0.0959824663650867\,2\,59\,17.2053571428571\,GO:0002673 regulation of acute inflammatory response\,http://amigo.geneontology.org/amigo/term/GO:0002673\,PARK7  GSTP1,7
0.0959824663650867\,2\,19\,17.2053571428571\,GO:0019430 removal of superoxide radicals\,http://amigo.geneontology.org/amigo/term/GO:0019430\,PRDX1  SOD1,7
0.0959824663650867\,2\,26\,17.2053571428571\,GO:0030810 positive regulation of nucleotide biosynthetic process\,http://amigo.geneontology.org/amigo/term/GO:0030810\,ENO1  TMSB4X,7
0.0959824663650867\,6\,273\,3.68686224489796\,GO:0032412 regulation of ion transmembrane transporter activity\,http://amigo.geneontology.org/amigo/term/GO:0032412\,AKAP9  CALM3  CALM1  TMSB4X  COX17  NDUFA4,7
0.0959824663650867\,4\,67\,5.58011583011583\,GO:0032507 maintenance of protein location in cell\,http://amigo.geneontology.org/amigo/term/GO:0032507\,TMSB10  TMSB4X  TXN  PARK7,7
0.0959824663650867\,2\,20\,17.2053571428571\,GO:0032930 positive regulation of superoxide anion generation\,http://amigo.geneontology.org/amigo/term/GO:0032930\,SOD1  GSTP1,7
0.0959824663650867\,9\,745\,2.73261554621849\,GO:0043269 regulation of ion transport\,http://amigo.geneontology.org/amigo/term/GO:0043269\,AKAP9  CALM3  CALM1  TMSB4X  PARK7  SNCG  MIF  COX17  NDUFA4,7
0.0959824663650867\,2\,13\,17.2053571428571\,GO:0051280 negative regulation of release of sequestered calcium ion into cytosol\,http://amigo.geneontology.org/amigo/term/GO:0051280\,CALM1  CALM3,7
0.0959824663650867\,3\,82\,8.14990601503759\,GO:0051339 regulation of lyase activity\,http://amigo.geneontology.org/amigo/term/GO:0051339\,PARK7  AKAP9  CALM3,7
0.0959824663650867\,2\,10\,17.2053571428571\,GO:0051342 regulation of cyclic-nucleotide phosphodiesterase activity\,http://amigo.geneontology.org/amigo/term/GO:0051342\,CALM3  CALM1,7
0.0959824663650867\,2\,11\,17.2053571428571\,GO:0060315 negative regulation of ryanodine-sensitive calcium-release channel activity\,http://amigo.geneontology.org/amigo/term/GO:0060315\,CALM1  CALM3,7
0.0959824663650867\,2\,9\,17.2053571428571\,GO:0060316 positive regulation of ryanodine-sensitive calcium-release channel activity\,http://amigo.geneontology.org/amigo/term/GO:0060316\,CALM3  CALM1,7
0.0959824663650867\,3\,59\,8.14990601503759\,GO:0098900 regulation of action potential\,http://amigo.geneontology.org/amigo/term/GO:0098900\,AKAP9  CALM3  CALM1,7
0.0959824663650867\,2\,26\,17.2053571428571\,GO:1900373 positive regulation of purine nucleotide biosynthetic process\,http://amigo.geneontology.org/amigo/term/GO:1900373\,ENO1  TMSB4X,7
0.0959824663650867\,2\,21\,17.2053571428571\,GO:1901386 negative regulation of voltage-gated calcium channel activity\,http://amigo.geneontology.org/amigo/term/GO:1901386\,CALM3  CALM1,7
0.0959824663650867\,2\,12\,17.2053571428571\,GO:1901844 regulation of cell communication by electrical coupling involved in cardiac conduction\,http://amigo.geneontology.org/amigo/term/GO:1901844\,CALM3  CALM1,7
0.0959824663650867\,2\,8\,17.2053571428571\,GO:1904732 regulation of electron transfer activity\,http://amigo.geneontology.org/amigo/term/GO:1904732\,COX17  NDUFA4,7
0.0959824663650867\,2\,7\,17.2053571428571\,GO:1904959 regulation of cytochrome-c oxidase activity\,http://amigo.geneontology.org/amigo/term/GO:1904959\,COX17  NDUFA4,7
0.0959824663650867\,3\,94\,8.14990601503759\,GO:1905954 positive regulation of lipid localization\,http://amigo.geneontology.org/amigo/term/GO:1905954\,DBI  FABP3  MIF,7
0.100558409529172\,5\,203\,4.30133928571429\,GO:0032872 regulation of stress-activated MAPK cascade\,http://amigo.geneontology.org/amigo/term/GO:0032872\,MAP4K4  GSTP1  GADD45G  PRDX1  PPIA,7
0.1036497537708\,7\,354\,3.19745575221239\,GO:0051235 maintenance of location\,http://amigo.geneontology.org/amigo/term/GO:0051235\,TMSB10  AKAP9  CALM3  TMSB4X  CALM1  TXN  PARK7,7
0.106233641505438\,3\,33\,7.74241071428571\,GO:0000413 protein peptidyl-prolyl isomerization\,http://amigo.geneontology.org/amigo/term/GO:0000413\,PPIB  PPIA  FKBP2,7
0.106233641505438\,3\,129\,7.74241071428571\,GO:0006690 icosanoid metabolic process\,http://amigo.geneontology.org/amigo/term/GO:0006690\,GSTP1  MIF  FABP5,7
0.106233641505438\,3\,83\,7.74241071428571\,GO:0031279 regulation of cyclase activity\,http://amigo.geneontology.org/amigo/term/GO:0031279\,AKAP9  CALM3  CALM1,7
0.108301284683901\,4\,86\,5.29395604395604\,GO:1903201 regulation of oxidative stress-induced cell death\,http://amigo.geneontology.org/amigo/term/GO:1903201\,PARK7  TXN  SOD1  PPIA,7
0.108775631591224\,7\,440\,3.14184782608696\,GO:0003012 muscle system process\,http://amigo.geneontology.org/amigo/term/GO:0003012\,CALM3  CALM1  SOD1  HSBP1  ENO1  AKAP9  MYL6,7
0.108775631591224\,5\,134\,4.16258640552995\,GO:0043467 regulation of generation of precursor metabolites and energy\,http://amigo.geneontology.org/amigo/term/GO:0043467\,COX7A2  PARK7  CHCHD2  COX17  NDUFA4,7
0.108775631591224\,20\,1874\,1.79222470238095\,GO:0051049 regulation of transport\,http://amigo.geneontology.org/amigo/term/GO:0051049\,UBL5  AKAP9  CALM3  SVIP  CALM1  DBI  TMSB4X  PARK7  FABP3  SOX4  ATP5IF1  MAP1B  TXN  SOD1  FABP5  SNCG  MIF  COX17  NDUFA4  PPIA,7
0.108775631591224\,5\,206\,4.16258640552995\,GO:0070302 regulation of stress-activated protein kinase signaling cascade\,http://amigo.geneontology.org/amigo/term/GO:0070302\,MAP4K4  GSTP1  GADD45G  PRDX1  PPIA,7
0.112614274195186\,2\,32\,14.7474489795918\,GO:0001975 response to amphetamine\,http://amigo.geneontology.org/amigo/term/GO:0001975\,SOD1  CALM3,7
0.112614274195186\,2\,19\,14.7474489795918\,GO:0006089 lactate metabolic process\,http://amigo.geneontology.org/amigo/term/GO:0006089\,LDHB  PARK7,7
0.112614274195186\,2\,36\,14.7474489795918\,GO:0006656 phosphatidylcholine biosynthetic process\,http://amigo.geneontology.org/amigo/term/GO:0006656\,FABP3  FABP5,7
0.112614274195186\,3\,108\,7.37372448979592\,GO:0015908 fatty acid transport\,http://amigo.geneontology.org/amigo/term/GO:0015908\,FABP3  FABP5  MIF,7
0.112614274195186\,2\,24\,14.7474489795918\,GO:0032928 regulation of superoxide anion generation\,http://amigo.geneontology.org/amigo/term/GO:0032928\,SOD1  GSTP1,7
0.112614274195186\,3\,49\,7.37372448979592\,GO:0035307 positive regulation of protein dephosphorylation\,http://amigo.geneontology.org/amigo/term/GO:0035307\,CALM3  CALM1  PPIA,7
0.112614274195186\,2\,13\,14.7474489795918\,GO:1901841 regulation of high voltage-gated calcium channel activity\,http://amigo.geneontology.org/amigo/term/GO:1901841\,CALM3  CALM1,7
0.112614274195186\,3\,29\,7.37372448979592\,GO:1902175 regulation of oxidative stress-induced intrinsic apoptotic signaling pathway\,http://amigo.geneontology.org/amigo/term/GO:1902175\,PARK7  SOD1  PPIA,7
0.117125610101823\,5\,147\,4.03250558035714\,GO:0034614 cellular response to reactive oxygen species\,http://amigo.geneontology.org/amigo/term/GO:0034614\,PRDX1  SOD1  PARK7  TXN  ROMO1,7
0.118909966959716\,2\,24\,12.9040178571429\,GO:0000303 response to superoxide\,http://amigo.geneontology.org/amigo/term/GO:0000303\,PRDX1  SOD1,7
0.118909966959716\,2\,25\,12.9040178571429\,GO:0000305 response to oxygen radical\,http://amigo.geneontology.org/amigo/term/GO:0000305\,PRDX1  SOD1,7
0.118909966959716\,2\,31\,12.9040178571429\,GO:0001516 prostaglandin biosynthetic process\,http://amigo.geneontology.org/amigo/term/GO:0001516\,MIF  FABP5,7
0.118909966959716\,2\,14\,12.9040178571429\,GO:0005513 detection of calcium ion\,http://amigo.geneontology.org/amigo/term/GO:0005513\,CALM3  CALM1,7
0.118909966959716\,3\,73\,6.73253105590062\,GO:0006749 glutathione metabolic process\,http://amigo.geneontology.org/amigo/term/GO:0006749\,GSTP1  PARK7  SOD1,7
0.118909966959716\,11\,961\,2.26205890722823\,GO:0010562 positive regulation of phosphorus metabolic process\,http://amigo.geneontology.org/amigo/term/GO:0010562\,AKAP9  PARK7  FABP3  TXN  ENO1  CALM3  PPIA  CALM1  TMSB4X  MIF  RPLP1,7
0.118909966959716\,3\,130\,7.03855519480519\,GO:0010565 regulation of cellular ketone metabolic process\,http://amigo.geneontology.org/amigo/term/GO:0010565\,FABP3  FABP5  PARK7,7
0.118909966959716\,2\,17\,12.9040178571429\,GO:0010649 regulation of cell communication by electrical coupling\,http://amigo.geneontology.org/amigo/term/GO:0010649\,CALM3  CALM1,7
0.118909966959716\,2\,41\,12.9040178571429\,GO:0010712 regulation of collagen metabolic process\,http://amigo.geneontology.org/amigo/term/GO:0010712\,MFAP4  CST3,7
0.118909966959716\,2\,19\,12.9040178571429\,GO:0010801 negative regulation of peptidyl-threonine phosphorylation\,http://amigo.geneontology.org/amigo/term/GO:0010801\,CALM3  CALM1,7
0.118909966959716\,2\,46\,12.9040178571429\,GO:0014075 response to amine\,http://amigo.geneontology.org/amigo/term/GO:0014075\,SOD1  CALM3,7
0.118909966959716\,40\,4503\,1.41027517564403\,GO:0018130 heterocycle biosynthetic process\,http://amigo.geneontology.org/amigo/term/GO:0018130\,RSF1  POLR2I  CHCHD2  ATP5F1E  SOX4  ATP5IF1  ATP5MC3  ATP5MC1  ATP5MG  BASP1  PTMA  ATP5MF  NDUFB4  NDUFB2  NDUFB7  NDUFB3  NDUFA1  NDUFA2  NDUFB10  NDUFB11  ATP5PF  ATP5MJ  NDUFS5  ATP5ME  NDUFA3  ATP5MK  NDUFA11  NDUFB1  NDUFA13  ENO1  ELOB  PARK7  PPIA  TMSB4X  PFN1  TXN  NME1  H2AZ1  HINT1  HSBP1,7
0.118909966959716\,40\,4513\,1.41123913680305\,GO:0019438 aromatic compound biosynthetic process\,http://amigo.geneontology.org/amigo/term/GO:0019438\,RSF1  POLR2I  CHCHD2  ATP5F1E  SOX4  ATP5IF1  ATP5MC3  ATP5MC1  ATP5MG  BASP1  PTMA  ATP5MF  NDUFB4  NDUFB2  NDUFB7  PARK7  NDUFB3  NDUFA1  NDUFA2  NDUFB10  NDUFB11  ATP5PF  ATP5MJ  NDUFS5  ATP5ME  NDUFA3  ATP5MK  NDUFA11  NDUFB1  NDUFA13  ENO1  ELOB  PPIA  TMSB4X  PFN1  TXN  NME1  H2AZ1  HINT1  HSBP1,7
0.118909966959716\,2\,29\,12.9040178571429\,GO:0031954 positive regulation of protein autophosphorylation\,http://amigo.geneontology.org/amigo/term/GO:0031954\,CALM3  CALM1,7
0.118909966959716\,2\,37\,12.9040178571429\,GO:0032770 positive regulation of monooxygenase activity\,http://amigo.geneontology.org/amigo/term/GO:0032770\,PARK7  CALM3,7
0.118909966959716\,7\,315\,3.0109375\,GO:0034599 cellular response to oxidative stress\,http://amigo.geneontology.org/amigo/term/GO:0034599\,PRDX1  SOD1  PARK7  PPIA  CHCHD2  TXN  ROMO1,7
0.118909966959716\,8\,596\,2.69887955182073\,GO:0034762 regulation of transmembrane transport\,http://amigo.geneontology.org/amigo/term/GO:0034762\,AKAP9  CALM3  CALM1  TMSB4X  PARK7  FABP5  COX17  NDUFA4,7
0.118909966959716\,7\,511\,2.98605371900826\,GO:0034765 regulation of ion transmembrane transport\,http://amigo.geneontology.org/amigo/term/GO:0034765\,AKAP9  CALM3  CALM1  TMSB4X  PARK7  COX17  NDUFA4,7
0.118909966959716\,2\,8\,12.9040178571429\,GO:0036261 7-methylguanosine cap hypermethylation\,http://amigo.geneontology.org/amigo/term/GO:0036261\,SNRPD2  SNRPG,7
0.118909966959716\,11\,961\,2.26205890722823\,GO:0045937 positive regulation of phosphate metabolic process\,http://amigo.geneontology.org/amigo/term/GO:0045937\,AKAP9  PARK7  FABP3  TXN  ENO1  CALM3  PPIA  CALM1  TMSB4X  MIF  RPLP1,7
0.118909966959716\,2\,31\,12.9040178571429\,GO:0046457 prostanoid biosynthetic process\,http://amigo.geneontology.org/amigo/term/GO:0046457\,MIF  FABP5,7
0.118909966959716\,2\,18\,12.9040178571429\,GO:0050746 regulation of lipoprotein metabolic process\,http://amigo.geneontology.org/amigo/term/GO:0050746\, DBI  SVIP,7
0.118909966959716\,2\,145\,12.9040178571429\,GO:0050830 defense response to Gram-positive bacterium\,http://amigo.geneontology.org/amigo/term/GO:0050830\,ROMO1  FAU,7
0.118909966959716\,43\,4987\,1.38028051705757\,GO:0051234 establishment of localization\,http://amigo.geneontology.org/amigo/term/GO:0051234\,UBL5  FABP3  ROMO1  AKAP9  SEC61G  SRP14  CALM3  FABP5  SNCG  ATOX1  SVIP  CALM1  DBI  NDUFA13  TMSB4X  PARK7  ATP5F1E  SOX4  COX6B1  ATP5IF1  COX7B  MAP1B  COX5B  TXN  SOD1  ATP5MC3  ATP5PF  ATP5MC1  ATP5MG  ATP5ME  UQCRH  COX8A  NDUFB1  UQCR10  S100A13  S100A6  NME1  MIF  ATP5MF  COX17  NDUFA4  PPIA  HSBP1,7
0.118909966959716\,2\,15\,12.9040178571429\,GO:0051284 positive regulation of sequestering of calcium ion\,http://amigo.geneontology.org/amigo/term/GO:0051284\,CALM1  CALM3,7
0.118909966959716\,2\,94\,12.9040178571429\,GO:0061844 antimicrobial humoral immune response mediated by antimicrobial peptide\,http://amigo.geneontology.org/amigo/term/GO:0061844\,FAU  ROMO1,7
0.118909966959716\,6\,345\,3.33006912442396\,GO:0062012 regulation of small molecule metabolic process\,http://amigo.geneontology.org/amigo/term/GO:0062012\,ENO1  SOD1  TMSB4X  FABP3  FABP5  PARK7,7
0.118909966959716\,2\,21\,12.9040178571429\,GO:0071450 cellular response to oxygen radical\,http://amigo.geneontology.org/amigo/term/GO:0071450\,PRDX1  SOD1,7
0.118909966959716\,2\,21\,12.9040178571429\,GO:0071451 cellular response to superoxide\,http://amigo.geneontology.org/amigo/term/GO:0071451\,PRDX1  SOD1,7
0.118909966959716\,3\,45\,6.73253105590062\,GO:0090317 negative regulation of intracellular protein transport\,http://amigo.geneontology.org/amigo/term/GO:0090317\,SVIP  TXN  PARK7,7
0.118909966959716\,2\,15\,12.9040178571429\,GO:1900037 regulation of cellular response to hypoxia\,http://amigo.geneontology.org/amigo/term/GO:1900037\,ENO1  CHCHD2,7
0.118909966959716\,4\,98\,4.8014950166113\,GO:1900407 regulation of cellular response to oxidative stress\,http://amigo.geneontology.org/amigo/term/GO:1900407\,PARK7  TXN  SOD1  PPIA,7
0.118909966959716\,2\,17\,12.9040178571429\,GO:1901032 negative regulation of response to reactive oxygen species\,http://amigo.geneontology.org/amigo/term/GO:1901032\,PARK7  TXN,7
0.118909966959716\,41\,4676\,1.39687057991513\,GO:1901362 organic cyclic compound biosynthetic process\,http://amigo.geneontology.org/amigo/term/GO:1901362\,RSF1  POLR2I  CHCHD2  ATP5F1E  SOX4  ATP5IF1  ATP5MC3  ATP5MC1  ATP5MG  BASP1  PTMA  ATP5MF  NDUFB4  NDUFB2  NDUFB7  PARK7  NDUFB3  NDUFA1  NDUFA2  NDUFB10  NDUFB11  ATP5PF  ATP5MJ  NDUFS5  ATP5ME  NDUFA3  ATP5MK  NDUFA11  NDUFB1  NDUFA13  ENO1  ELOB  SOD1  PPIA  TMSB4X  PFN1  TXN  NME1  H2AZ1  HINT1  HSBP1,7
0.118909966959716\,2\,11\,12.9040178571429\,GO:1903059 regulation of protein lipidation\,http://amigo.geneontology.org/amigo/term/GO:1903059\, DBI  SVIP,7
0.118909966959716\,2\,17\,12.9040178571429\,GO:1903206 negative regulation of hydrogen peroxide-induced cell death\,http://amigo.geneontology.org/amigo/term/GO:1903206\,PARK7  TXN,7
0.118909966959716\,6\,178\,3.40325745682889\,GO:2001242 regulation of intrinsic apoptotic signaling pathway\,http://amigo.geneontology.org/amigo/term/GO:2001242\,ENO1  PARK7  MIF  SOD1  NDUFA13  PPIA,7
0.118909966959716\,3\,81\,7.03855519480519\,GO:2001259 positive regulation of cation channel activity\,http://amigo.geneontology.org/amigo/term/GO:2001259\,CALM3  CALM1  TMSB4X,7
0.121196267551491\,4\,154\,4.69237012987013\,GO:0032147 activation of protein kinase activity\,http://amigo.geneontology.org/amigo/term/GO:0032147\,PARK7  TXN  PPIA  RPLP1,7
0.121196267551491\,4\,170\,4.69237012987013\,GO:0035637 multicellular organismal signaling\,http://amigo.geneontology.org/amigo/term/GO:0035637\,CALM3  CALM1  SOD1  AKAP9,7
0.121196267551491\,7\,443\,2.91381048387097\,GO:0045860 positive regulation of protein kinase activity\,http://amigo.geneontology.org/amigo/term/GO:0045860\,PARK7  TXN  PPIA  RPLP1  MIF  CALM3  CALM1,7
0.127373262509825\,39\,4425\,1.40476398165686\,GO:0034654 nucleobase-containing compound biosynthetic process\,http://amigo.geneontology.org/amigo/term/GO:0034654\,RSF1  POLR2I  CHCHD2  ATP5F1E  SOX4  ATP5MC3  ATP5MC1  ATP5MG  BASP1  PTMA  ATP5MF  NDUFB4  NDUFB2  NDUFB7  NDUFB3  NDUFA1  NDUFA2  NDUFB10  NDUFB11  ATP5PF  ATP5MJ  NDUFS5  ATP5ME  NDUFA3  ATP5MK  NDUFA11  NDUFB1  NDUFA13  ENO1  ELOB  PARK7  PPIA  TMSB4X  PFN1  TXN  NME1  H2AZ1  HINT1  HSBP1,7
0.127373262509825\,3\,66\,6.45200892857143\,GO:0035306 positive regulation of dephosphorylation\,http://amigo.geneontology.org/amigo/term/GO:0035306\,CALM3  CALM1  PPIA,7
0.127373262509825\,3\,78\,6.45200892857143\,GO:0055117 regulation of cardiac muscle contraction\,http://amigo.geneontology.org/amigo/term/GO:0055117\,CALM3  CALM1  AKAP9,7
0.127876818965206\,4\,106\,4.58809523809524\,GO:0036473 cell death in response to oxidative stress\,http://amigo.geneontology.org/amigo/term/GO:0036473\,PARK7  TXN  SOD1  PPIA,7
0.127876818965206\,4\,89\,4.58809523809524\,GO:1903578 regulation of ATP metabolic process\,http://amigo.geneontology.org/amigo/term/GO:1903578\,COX7A2  ENO1  TMSB4X  ATP5IF1,7
0.136016810982549\,4\,108\,4.48835403726708\,GO:0048144 fibroblast proliferation\,http://amigo.geneontology.org/amigo/term/GO:0048144\,MIF  PRDX1  GSTP1  S100A6,7
0.136016810982549\,4\,108\,4.48835403726708\,GO:1902882 regulation of response to oxidative stress\,http://amigo.geneontology.org/amigo/term/GO:1902882\,PARK7  TXN  SOD1  PPIA,7
0.136016810982549\,4\,160\,4.48835403726708\,GO:1904064 positive regulation of cation transmembrane transport\,http://amigo.geneontology.org/amigo/term/GO:1904064\,AKAP9  CALM3  CALM1  TMSB4X,7
0.136419378249796\,2\,130\,11.4702380952381\,GO:0002526 acute inflammatory response\,http://amigo.geneontology.org/amigo/term/GO:0002526\,PARK7  GSTP1,7
0.136419378249796\,2\,639\,11.4702380952381\,GO:0009593 detection of chemical stimulus\,http://amigo.geneontology.org/amigo/term/GO:0009593\,CALM3  CALM1,7
0.136419378249796\,2\,23\,11.4702380952381\,GO:0010523 negative regulation of calcium ion transport into cytosol\,http://amigo.geneontology.org/amigo/term/GO:0010523\,CALM1  CALM3,7
0.136419378249796\,5\,152\,3.63493460764588\,GO:0031333 negative regulation of protein-containing complex assembly\,http://amigo.geneontology.org/amigo/term/GO:0031333\,TMSB10  SVIP  TMSB4X  PARK7  PFN1,7
0.136419378249796\,2\,43\,11.4702380952381\,GO:0042554 superoxide anion generation\,http://amigo.geneontology.org/amigo/term/GO:0042554\,SOD1  GSTP1,7
0.136419378249796\,13\,782\,2.00900876817793\,GO:0080135 regulation of cellular response to stress\,http://amigo.geneontology.org/amigo/term/GO:0080135\,SVIP  MAP4K4  ENO1  GSTP1  CHCHD2  PARK7  GADD45G  MIF  PRDX1  TXN  SOX4  SOD1  PPIA,7
0.136419378249796\,3\,77\,6.19392857142857\,GO:0086001 cardiac muscle cell action potential\,http://amigo.geneontology.org/amigo/term/GO:0086001\,AKAP9  CALM3  CALM1,7
0.136419378249796\,2\,34\,11.4702380952381\,GO:1903209 positive regulation of oxidative stress-induced cell death\,http://amigo.geneontology.org/amigo/term/GO:1903209\,PARK7  SOD1,7
0.136419378249796\,2\,35\,11.4702380952381\,GO:2000191 regulation of fatty acid transport\,http://amigo.geneontology.org/amigo/term/GO:2000191\,FABP3  MIF,7
0.136419378249796\,2\,21\,11.4702380952381\,GO:2001169 regulation of ATP biosynthetic process\,http://amigo.geneontology.org/amigo/term/GO:2001169\,ENO1  TMSB4X,7
0.138171192093042\,5\,239\,3.5844494047619\,GO:0090257 regulation of muscle system process\,http://amigo.geneontology.org/amigo/term/GO:0090257\,CALM3  CALM1  SOD1  ENO1  AKAP9,7
0.138505898314263\,4\,149\,4.39285714285714\,GO:0033135 regulation of peptidyl-serine phosphorylation\,http://amigo.geneontology.org/amigo/term/GO:0033135\,AKAP9  MIF  TXN  PARK7,7
0.144192180002682\,3\,107\,5.95570054945055\,GO:0002027 regulation of heart rate\,http://amigo.geneontology.org/amigo/term/GO:0002027\,AKAP9  CALM3  CALM1,7
0.144192180002682\,3\,302\,5.95570054945055\,GO:0006959 humoral immune response\,http://amigo.geneontology.org/amigo/term/GO:0006959\,MFAP4  FAU  ROMO1,7
0.144192180002682\,3\,45\,5.95570054945055\,GO:0008631 intrinsic apoptotic signaling pathway in response to oxidative stress\,http://amigo.geneontology.org/amigo/term/GO:0008631\,PARK7  SOD1  PPIA,7
0.144192180002682\,3\,52\,5.95570054945055\,GO:0018208 peptidyl-proline modification\,http://amigo.geneontology.org/amigo/term/GO:0018208\,PPIB  PPIA  FKBP2,7
0.150208354413226\,5\,255\,3.48757239382239\,GO:0051403 stress-activated MAPK cascade\,http://amigo.geneontology.org/amigo/term/GO:0051403\,MAP4K4  GSTP1  GADD45G  PRDX1  PPIA,7
0.155182305983583\,1\,39\,51.6160714285714\,GO:0002675 positive regulation of acute inflammatory response\,http://amigo.geneontology.org/amigo/term/GO:0002675\,PARK7,7
0.155182305983583\,1\,14\,51.6160714285714\,GO:0002866 positive regulation of acute inflammatory response to antigenic stimulus\,http://amigo.geneontology.org/amigo/term/GO:0002866\,PARK7,7
0.155182305983583\,1\,4\,51.6160714285714\,GO:0002901 mature B cell apoptotic process\,http://amigo.geneontology.org/amigo/term/GO:0002901\, MIF,7
0.155182305983583\,1\,4\,51.6160714285714\,GO:0002905 regulation of mature B cell apoptotic process\,http://amigo.geneontology.org/amigo/term/GO:0002905\, MIF,7
0.155182305983583\,1\,4\,51.6160714285714\,GO:0002906 negative regulation of mature B cell apoptotic process\,http://amigo.geneontology.org/amigo/term/GO:0002906\, MIF,7
0.155182305983583\,3\,98\,5.73511904761905\,GO:0006942 regulation of striated muscle contraction\,http://amigo.geneontology.org/amigo/term/GO:0006942\,CALM3  CALM1  AKAP9,7
0.155182305983583\,5\,127\,3.35169294990724\,GO:0007006 mitochondrial membrane organization\,http://amigo.geneontology.org/amigo/term/GO:0007006\,ROMO1  MICOS10  NDUFA13  ATP5IF1  CALM3,7
0.155182305983583\,1\,3\,51.6160714285714\,GO:0009441 glycolate metabolic process\,http://amigo.geneontology.org/amigo/term/GO:0009441\,PARK7,7
0.155182305983583\,1\,11\,51.6160714285714\,GO:0010713 negative regulation of collagen metabolic process\,http://amigo.geneontology.org/amigo/term/GO:0010713\,CST3,7
0.155182305983583\,1\,3\,51.6160714285714\,GO:0010716 negative regulation of extracellular matrix disassembly\,http://amigo.geneontology.org/amigo/term/GO:0010716\,CST3,7
0.155182305983583\,2\,29\,10.3232142857143\,GO:0010800 positive regulation of peptidyl-threonine phosphorylation\,http://amigo.geneontology.org/amigo/term/GO:0010800\,CALM3  CALM1,7
0.155182305983583\,2\,23\,9.38474025974026\,GO:0010881 regulation of cardiac muscle contraction by regulation of the release of sequestered calcium ion\,http://amigo.geneontology.org/amigo/term/GO:0010881\,CALM3  CALM1,7
0.155182305983583\,1\,7\,51.6160714285714\,GO:0017085 response to insecticide\,http://amigo.geneontology.org/amigo/term/GO:0017085\,MAP1B,7
0.155182305983583\,1\,6\,51.6160714285714\,GO:0019236 response to pheromone\,http://amigo.geneontology.org/amigo/term/GO:0019236\,GNG8,7
0.155182305983583\,1\,3\,51.6160714285714\,GO:0019249 lactate biosynthetic process\,http://amigo.geneontology.org/amigo/term/GO:0019249\,PARK7,7
0.155182305983583\,2\,142\,9.38474025974026\,GO:0019730 antimicrobial humoral response\,http://amigo.geneontology.org/amigo/term/GO:0019730\,FAU  ROMO1,7
0.155182305983583\,3\,69\,5.53029336734694\,GO:0030837 negative regulation of actin filament polymerization\,http://amigo.geneontology.org/amigo/term/GO:0030837\,TMSB10  TMSB4X  PFN1,7
0.155182305983583\,5\,262\,3.30872252747253\,GO:0031098 stress-activated protein kinase signaling cascade\,http://amigo.geneontology.org/amigo/term/GO:0031098\,MAP4K4  GSTP1  GADD45G  PRDX1  PPIA,7
0.155182305983583\,1\,10\,51.6160714285714\,GO:0031666 positive regulation of lipopolysaccharide-mediated signaling pathway\,http://amigo.geneontology.org/amigo/term/GO:0031666\, MIF,7
0.155182305983583\,2\,45\,9.38474025974026\,GO:0031952 regulation of protein autophosphorylation\,http://amigo.geneontology.org/amigo/term/GO:0031952\,CALM3  CALM1,7
0.155182305983583\,1\,22\,51.6160714285714\,GO:0032305 positive regulation of icosanoid secretion\,http://amigo.geneontology.org/amigo/term/GO:0032305\, MIF,7
0.155182305983583\,1\,15\,51.6160714285714\,GO:0032308 positive regulation of prostaglandin secretion\,http://amigo.geneontology.org/amigo/term/GO:0032308\, MIF,7
0.155182305983583\,3\,116\,5.53029336734694\,GO:0032368 regulation of lipid transport\,http://amigo.geneontology.org/amigo/term/GO:0032368\,DBI  FABP3  MIF,7
0.155182305983583\,2\,23\,10.3232142857143\,GO:0032516 positive regulation of phosphoprotein phosphatase activity\,http://amigo.geneontology.org/amigo/term/GO:0032516\,CALM3  CALM1,7
0.155182305983583\,1\,11\,51.6160714285714\,GO:0032610 interleukin-1 alpha production\,http://amigo.geneontology.org/amigo/term/GO:0032610\,S100A13,7
0.155182305983583\,2\,107\,9.38474025974026\,GO:0032637 interleukin-8 production\,http://amigo.geneontology.org/amigo/term/GO:0032637\,PARK7  TMSB4X,7
0.155182305983583\,1\,11\,51.6160714285714\,GO:0032650 regulation of interleukin-1 alpha production\,http://amigo.geneontology.org/amigo/term/GO:0032650\,S100A13,7
0.155182305983583\,2\,107\,9.38474025974026\,GO:0032677 regulation of interleukin-8 production\,http://amigo.geneontology.org/amigo/term/GO:0032677\,PARK7  TMSB4X,7
0.155182305983583\,1\,20\,51.6160714285714\,GO:0032717 negative regulation of interleukin-8 production\,http://amigo.geneontology.org/amigo/term/GO:0032717\,TMSB4X,7
0.155182305983583\,1\,9\,51.6160714285714\,GO:0032730 positive regulation of interleukin-1 alpha production\,http://amigo.geneontology.org/amigo/term/GO:0032730\,S100A13,7
0.155182305983583\,8\,628\,2.41478696741855\,GO:0032787 monocarboxylic acid metabolic process\,http://amigo.geneontology.org/amigo/term/GO:0032787\,ENO1  PARK7  DBI  GSTP1  LDHB  MIF  FABP3  FABP5,7
0.155182305983583\,3\,117\,5.73511904761905\,GO:0033559 unsaturated fatty acid metabolic process\,http://amigo.geneontology.org/amigo/term/GO:0033559\,GSTP1  MIF  FABP5,7
0.155182305983583\,1\,6\,51.6160714285714\,GO:0035502 metanephric part of ureteric bud development\,http://amigo.geneontology.org/amigo/term/GO:0035502\,BASP1,7
0.155182305983583\,1\,5\,51.6160714285714\,GO:0035905 ascending aorta development\,http://amigo.geneontology.org/amigo/term/GO:0035905\,SOX4,7
0.155182305983583\,1\,4\,51.6160714285714\,GO:0035910 ascending aorta morphogenesis\,http://amigo.geneontology.org/amigo/term/GO:0035910\,SOX4,7
0.155182305983583\,1\,13\,51.6160714285714\,GO:0042492 gamma-delta T cell differentiation\,http://amigo.geneontology.org/amigo/term/GO:0042492\,SOX4,7
0.155182305983583\,8\,719\,2.44336432797971\,GO:0043408 regulation of MAPK cascade\,http://amigo.geneontology.org/amigo/term/GO:0043408\,MAP4K4  PEBP1  GSTP1  GADD45G  PPIA  MIF  PRDX1  SOD1,7
0.155182305983583\,2\,16\,10.3232142857143\,GO:0045039 protein insertion into mitochondrial inner membrane\,http://amigo.geneontology.org/amigo/term/GO:0045039\,ROMO1  NDUFA13,7
0.155182305983583\,3\,51\,5.33959359605911\,GO:0045047 protein targeting to ER\,http://amigo.geneontology.org/amigo/term/GO:0045047\,SEC61G  SRP14  NDUFB1,7
0.155182305983583\,4\,99\,4.12928571428571\,GO:0045185 maintenance of protein location\,http://amigo.geneontology.org/amigo/term/GO:0045185\,TMSB10  TMSB4X  TXN  PARK7,7
0.155182305983583\,1\,5\,51.6160714285714\,GO:0045541 negative regulation of cholesterol biosynthetic process\,http://amigo.geneontology.org/amigo/term/GO:0045541\,SOD1,7
0.155182305983583\,1\,9\,51.6160714285714\,GO:0045586 regulation of gamma-delta T cell differentiation\,http://amigo.geneontology.org/amigo/term/GO:0045586\,SOX4,7
0.155182305983583\,1\,7\,51.6160714285714\,GO:0045588 positive regulation of gamma-delta T cell differentiation\,http://amigo.geneontology.org/amigo/term/GO:0045588\,SOX4,7
0.155182305983583\,1\,12\,51.6160714285714\,GO:0046643 regulation of gamma-delta T cell activation\,http://amigo.geneontology.org/amigo/term/GO:0046643\,SOX4,7
0.155182305983583\,1\,10\,51.6160714285714\,GO:0046645 positive regulation of gamma-delta T cell activation\,http://amigo.geneontology.org/amigo/term/GO:0046645\,SOX4,7
0.155182305983583\,1\,5\,51.6160714285714\,GO:0050748 negative regulation of lipoprotein metabolic process\,http://amigo.geneontology.org/amigo/term/GO:0050748\, DBI,7
0.155182305983583\,3\,96\,5.73511904761905\,GO:0050848 regulation of calcium-mediated signaling\,http://amigo.geneontology.org/amigo/term/GO:0050848\,CALM3  HINT1  CALM1,7
0.155182305983583\,7\,456\,2.58080357142857\,GO:0051051 negative regulation of transport\,http://amigo.geneontology.org/amigo/term/GO:0051051\,SVIP  CALM1  MAP1B  TXN  CALM3  FABP5  PARK7,7
0.155182305983583\,1\,10\,51.6160714285714\,GO:0051121 hepoxilin metabolic process\,http://amigo.geneontology.org/amigo/term/GO:0051121\,GSTP1,7
0.155182305983583\,1\,10\,51.6160714285714\,GO:0051122 hepoxilin biosynthetic process\,http://amigo.geneontology.org/amigo/term/GO:0051122\,GSTP1,7
0.155182305983583\,2\,56\,9.38474025974026\,GO:0051349 positive regulation of lyase activity\,http://amigo.geneontology.org/amigo/term/GO:0051349\,PARK7  CALM3,7
0.155182305983583\,2\,33\,9.38474025974026\,GO:0051481 negative regulation of cytosolic calcium ion concentration\,http://amigo.geneontology.org/amigo/term/GO:0051481\,CALM1  CALM3,7
0.155182305983583\,1\,10\,51.6160714285714\,GO:0051838 cytolysis by host of symbiont cells\,http://amigo.geneontology.org/amigo/term/GO:0051838\,ROMO1,7
0.155182305983583\,1\,6\,51.6160714285714\,GO:0060312 regulation of blood vessel remodeling\,http://amigo.geneontology.org/amigo/term/GO:0060312\,CST3,7
0.155182305983583\,4\,355\,4.21355685131195\,GO:0060326 cell chemotaxis\,http://amigo.geneontology.org/amigo/term/GO:0060326\,PPIB  PPIA  TMSB4X  MIF,7
0.155182305983583\,1\,9\,51.6160714285714\,GO:0060539 diaphragm development\,http://amigo.geneontology.org/amigo/term/GO:0060539\,BASP1,7
0.155182305983583\,2\,41\,9.38474025974026\,GO:0060563 neuroepithelial cell differentiation\,http://amigo.geneontology.org/amigo/term/GO:0060563\,MAP1B  SOX4,7
0.155182305983583\,1\,6\,51.6160714285714\,GO:0071638 negative regulation of monocyte chemotactic protein-1 production\,http://amigo.geneontology.org/amigo/term/GO:0071638\,GSTP1,7
0.155182305983583\,1\,6\,51.6160714285714\,GO:0072215 regulation of metanephros development\,http://amigo.geneontology.org/amigo/term/GO:0072215\,BASP1,7
0.155182305983583\,4\,220\,3.8955525606469\,GO:0072330 monocarboxylic acid biosynthetic process\,http://amigo.geneontology.org/amigo/term/GO:0072330\,PARK7  GSTP1  MIF  FABP5,7
0.155182305983583\,3\,41\,5.33959359605911\,GO:0090151 establishment of protein localization to mitochondrial membrane\,http://amigo.geneontology.org/amigo/term/GO:0090151\,ROMO1  NDUFA13  CALM3,7
0.155182305983583\,1\,5\,51.6160714285714\,GO:0090206 negative regulation of cholesterol metabolic process\,http://amigo.geneontology.org/amigo/term/GO:0090206\,SOD1,7
0.155182305983583\,1\,9\,51.6160714285714\,GO:0090237 regulation of arachidonic acid secretion\,http://amigo.geneontology.org/amigo/term/GO:0090237\, MIF,7
0.155182305983583\,1\,8\,51.6160714285714\,GO:0090238 positive regulation of arachidonic acid secretion\,http://amigo.geneontology.org/amigo/term/GO:0090238\, MIF,7
0.155182305983583\,2\,32\,10.3232142857143\,GO:0090322 regulation of superoxide metabolic process\,http://amigo.geneontology.org/amigo/term/GO:0090322\,SOD1  GSTP1,7
0.155182305983583\,1\,5\,51.6160714285714\,GO:0098920 retrograde trans-synaptic signaling by lipid\,http://amigo.geneontology.org/amigo/term/GO:0098920\,FABP5,7
0.155182305983583\,1\,5\,51.6160714285714\,GO:0098921 retrograde trans-synaptic signaling by endocannabinoid\,http://amigo.geneontology.org/amigo/term/GO:0098921\,FABP5,7
0.155182305983583\,1\,5\,51.6160714285714\,GO:0106119 negative regulation of sterol biosynthetic process\,http://amigo.geneontology.org/amigo/term/GO:0106119\,SOD1,7
0.155182305983583\,1\,11\,51.6160714285714\,GO:1901668 regulation of superoxide dismutase activity\,http://amigo.geneontology.org/amigo/term/GO:1901668\,PARK7,7
0.155182305983583\,1\,10\,51.6160714285714\,GO:1901671 positive regulation of superoxide dismutase activity\,http://amigo.geneontology.org/amigo/term/GO:1901671\,PARK7,7
0.155182305983583\,2\,22\,9.38474025974026\,GO:1902883 negative regulation of response to oxidative stress\,http://amigo.geneontology.org/amigo/term/GO:1902883\,PARK7  TXN,7
0.155182305983583\,1\,13\,51.6160714285714\,GO:1902931 negative regulation of alcohol biosynthetic process\,http://amigo.geneontology.org/amigo/term/GO:1902931\,SOD1,7
0.155182305983583\,1\,10\,51.6160714285714\,GO:1903054 negative regulation of extracellular matrix organization\,http://amigo.geneontology.org/amigo/term/GO:1903054\,CST3,7
0.155182305983583\,1\,4\,51.6160714285714\,GO:1903121 regulation of TRAIL-activated apoptotic signaling pathway\,http://amigo.geneontology.org/amigo/term/GO:1903121\,PARK7,7
0.155182305983583\,3\,48\,5.73511904761905\,GO:1903202 negative regulation of oxidative stress-induced cell death\,http://amigo.geneontology.org/amigo/term/GO:1903202\,PARK7  TXN  PPIA,7
0.155182305983583\,1\,6\,51.6160714285714\,GO:1990379 lipid transport across blood-brain barrier\,http://amigo.geneontology.org/amigo/term/GO:1990379\,FABP5,7
0.155182305983583\,4\,149\,4.04831932773109\,GO:2000377 regulation of reactive oxygen species metabolic process\,http://amigo.geneontology.org/amigo/term/GO:2000377\,ROMO1  SOD1  PARK7  GSTP1,7
0.155182305983583\,6\,250\,2.94948979591837\,GO:2001234 negative regulation of apoptotic signaling pathway\,http://amigo.geneontology.org/amigo/term/GO:2001234\,PARK7  ENO1  GSTP1  MIF  NDUFA13  PPIA,7
0.157932201163613\,7\,528\,2.54445422535211\,GO:0033674 positive regulation of kinase activity\,http://amigo.geneontology.org/amigo/term/GO:0033674\,PARK7  TXN  PPIA  RPLP1  MIF  CALM3  CALM1,7
0.157932201163613\,18\,1857\,1.67102389516958\,GO:1902531 regulation of intracellular signal transduction\,http://amigo.geneontology.org/amigo/term/GO:1902531\,MAP4K4  PEBP1  S100A13  PARK7  TXN  ENO1  GSTP1  GADD45G  PPIA  MIF  PRDX1  SOD1  CALM3  HINT1  CALM1  TMSB4X  SOX4  NDUFA13,7
0.157965055558977\,12\,1128\,1.94167039856695\,GO:0051336 regulation of hydrolase activity\,http://amigo.geneontology.org/amigo/term/GO:0051336\,NDUFA13  CST3  PARK7  ATP5IF1  SOD1  RGS10  CALM3  CALM1  PEBP1  MAP4K4  HSPE1  BEX3,7
0.167528334366698\,7\,369\,2.50911458333333\,GO:0062197 cellular response to chemical stress\,http://amigo.geneontology.org/amigo/term/GO:0062197\,PRDX1  SOD1  PARK7  PPIA  CHCHD2  TXN  ROMO1,7
0.167722399051545\,3\,44\,4.99510368663594\,GO:0007007 inner mitochondrial membrane organization\,http://amigo.geneontology.org/amigo/term/GO:0007007\,ROMO1  MICOS10  NDUFA13,7
0.167722399051545\,2\,48\,8.60267857142857\,GO:0032892 positive regulation of organic acid transport\,http://amigo.geneontology.org/amigo/term/GO:0032892\,FABP3  MIF,7
0.167722399051545\,2\,61\,8.60267857142857\,GO:0046456 icosanoid biosynthetic process\,http://amigo.geneontology.org/amigo/term/GO:0046456\,MIF  FABP5,7
0.167722399051545\,3\,100\,4.99510368663594\,GO:0061337 cardiac conduction\,http://amigo.geneontology.org/amigo/term/GO:0061337\,CALM3  CALM1  AKAP9,7
0.167722399051545\,3\,152\,4.99510368663594\,GO:0062013 positive regulation of small molecule metabolic process\,http://amigo.geneontology.org/amigo/term/GO:0062013\,ENO1  TMSB4X  PARK7,7
0.167722399051545\,2\,25\,8.60267857142857\,GO:1903205 regulation of hydrogen peroxide-induced cell death\,http://amigo.geneontology.org/amigo/term/GO:1903205\,PARK7  TXN,7
0.16840716855103\,17\,1504\,1.68420962434878\,GO:0032270 positive regulation of cellular protein metabolic process\,http://amigo.geneontology.org/amigo/term/GO:0032270\,AKAP9  RPS9  PARK7  TXN  NDUFA13  SOX4  CALM3  PPIA  CALM1  MIF  RPLP1  ENO1  ATP5IF1  SVIP  ELOB  HSPE1  BEX3,7
0.16840716855103\,5\,274\,3.10940189328744\,GO:0045927 positive regulation of growth\,http://amigo.geneontology.org/amigo/term/GO:0045927\,MAP1B  H3-3B  H3-3A  PPIB  BASP1,7
0.16840716855103\,5\,185\,3.10940189328744\,GO:0051099 positive regulation of binding\,http://amigo.geneontology.org/amigo/term/GO:0051099\,TXN  NME1  CALM3  CALM1  PARK7,7
0.176113608484252\,10\,831\,2.0564171883893\,GO:0030162 regulation of proteolysis\,http://amigo.geneontology.org/amigo/term/GO:0030162\,SVIP  NDUFA13  CST3  PARK7  PEBP1  ENO1  ATP5IF1  ELOB  HSPE1  BEX3,7
0.179707853067302\,9\,702\,2.15066964285714\,GO:0045859 regulation of protein kinase activity\,http://amigo.geneontology.org/amigo/term/GO:0045859\,PARK7  TXN  GSTP1  SOD1  PPIA  RPLP1  MIF  CALM3  CALM1,7
0.179707853067302\,8\,622\,2.28137332280979\,GO:0051347 positive regulation of transferase activity\,http://amigo.geneontology.org/amigo/term/GO:0051347\,PARK7  TXN  DBI  PPIA  RPLP1  MIF  CALM3  CALM1,7
0.182602777454862\,2\,28\,7.94093406593407\,GO:0010882 regulation of cardiac muscle contraction by calcium ion signaling\,http://amigo.geneontology.org/amigo/term/GO:0010882\,CALM3  CALM1,7
0.182602777454862\,2\,39\,7.94093406593407\,GO:0010922 positive regulation of phosphatase activity\,http://amigo.geneontology.org/amigo/term/GO:0010922\,CALM3  CALM1,7
0.182602777454862\,2\,55\,7.94093406593407\,GO:0015872 dopamine transport\,http://amigo.geneontology.org/amigo/term/GO:0015872\,PARK7  SNCG,7
0.182602777454862\,2\,42\,7.94093406593407\,GO:0030808 regulation of nucleotide biosynthetic process\,http://amigo.geneontology.org/amigo/term/GO:0030808\,ENO1  TMSB4X,7
0.182602777454862\,2\,114\,7.94093406593407\,GO:0032602 chemokine production\,http://amigo.geneontology.org/amigo/term/GO:0032602\,GSTP1  MIF,7
0.182602777454862\,2\,114\,7.94093406593407\,GO:0032642 regulation of chemokine production\,http://amigo.geneontology.org/amigo/term/GO:0032642\,GSTP1  MIF,7
0.182602777454862\,2\,16\,7.94093406593407\,GO:0036260 RNA capping\,http://amigo.geneontology.org/amigo/term/GO:0036260\,SNRPD2  SNRPG,7
0.182602777454862\,2\,23\,7.94093406593407\,GO:0046823 negative regulation of nucleocytoplasmic transport\,http://amigo.geneontology.org/amigo/term/GO:0046823\,TXN  PARK7,7
0.182602777454862\,3\,74\,4.69237012987013\,GO:0051881 regulation of mitochondrial membrane potential\,http://amigo.geneontology.org/amigo/term/GO:0051881\,PARK7  ATP5IF1  SOD1,7
0.182602777454862\,3\,55\,4.69237012987013\,GO:0072599 establishment of protein localization to endoplasmic reticulum\,http://amigo.geneontology.org/amigo/term/GO:0072599\,SEC61G  SRP14  NDUFB1,7
0.182602777454862\,5\,135\,3.00093438538206\,GO:0072655 establishment of protein localization to mitochondrion\,http://amigo.geneontology.org/amigo/term/GO:0072655\,UBL5  ROMO1  NDUFA13  CALM3  ATP5IF1,7
0.182602777454862\,2\,28\,7.94093406593407\,GO:0086064 cell communication by electrical coupling involved in cardiac conduction\,http://amigo.geneontology.org/amigo/term/GO:0086064\,CALM3  CALM1,7
0.182602777454862\,7\,317\,2.42491610738255\,GO:0097193 intrinsic apoptotic signaling pathway\,http://amigo.geneontology.org/amigo/term/GO:0097193\,ENO1  PARK7  MIF  SOD1  HINT1  NDUFA13  PPIA,7
0.182602777454862\,2\,41\,7.94093406593407\,GO:1900371 regulation of purine nucleotide biosynthetic process\,http://amigo.geneontology.org/amigo/term/GO:1900371\,ENO1  TMSB4X,7
0.182602777454862\,2\,41\,7.94093406593407\,GO:1901020 negative regulation of calcium ion transmembrane transporter activity\,http://amigo.geneontology.org/amigo/term/GO:1901020\,CALM1  CALM3,7
0.182602777454862\,2\,42\,7.94093406593407\,GO:1901385 regulation of voltage-gated calcium channel activity\,http://amigo.geneontology.org/amigo/term/GO:1901385\,CALM3  CALM1,7
0.182602777454862\,13\,1272\,1.81845238095238\,GO:1901701 cellular response to oxygen-containing compound\,http://amigo.geneontology.org/amigo/term/GO:1901701\,PRDX1  SOD1  PARK7  RGS10  NDUFA13  SOX4  MAP1B  MIF  TXN  ROMO1  AKAP9  H2AZ1  GSTP1,7
0.182602777454862\,2\,38\,7.94093406593407\,GO:1903580 positive regulation of ATP metabolic process\,http://amigo.geneontology.org/amigo/term/GO:1903580\,ENO1  TMSB4X,7
0.182784709445904\,6\,480\,2.64697802197802\,GO:0052548 regulation of endopeptidase activity\,http://amigo.geneontology.org/amigo/term/GO:0052548\,PEBP1  CST3  NDUFA13  PARK7  HSPE1  BEX3,7
0.196071521514869\,6\,442\,2.60249099639856\,GO:0042391 regulation of membrane potential\,http://amigo.geneontology.org/amigo/term/GO:0042391\,AKAP9  PARK7  ATP5IF1  SOD1  CALM3  CALM1,7
0.199959262698859\,2\,82\,7.37372448979592\,GO:0001895 retina homeostasis\,http://amigo.geneontology.org/amigo/term/GO:0001895\,PRDX1  SOD1,7
0.199959262698859\,2\,35\,7.37372448979592\,GO:0006336 DNA replication-independent chromatin assembly\,http://amigo.geneontology.org/amigo/term/GO:0006336\,H3-3B  H3-3A,7
0.199959262698859\,2\,31\,7.37372448979592\,GO:0010880 regulation of release of sequestered calcium ion into cytosol by sarcoplasmic reticulum\,http://amigo.geneontology.org/amigo/term/GO:0010880\,CALM3  CALM1,7
0.199959262698859\,2\,63\,7.37372448979592\,GO:0045761 regulation of adenylate cyclase activity\,http://amigo.geneontology.org/amigo/term/GO:0045761\,AKAP9  CALM3,7
0.199959262698859\,2\,47\,7.37372448979592\,GO:0045981 positive regulation of nucleotide metabolic process\,http://amigo.geneontology.org/amigo/term/GO:0045981\,ENO1  TMSB4X,7
0.199959262698859\,2\,45\,7.37372448979592\,GO:0046688 response to copper ion\,http://amigo.geneontology.org/amigo/term/GO:0046688\,PARK7  SOD1,7
0.199959262698859\,2\,43\,7.37372448979592\,GO:0051281 positive regulation of release of sequestered calcium ion into cytosol\,http://amigo.geneontology.org/amigo/term/GO:0051281\,CALM3  CALM1,7
0.199959262698859\,4\,247\,3.44107142857143\,GO:0060047 heart contraction\,http://amigo.geneontology.org/amigo/term/GO:0060047\,CALM3  CALM1  SOD1  AKAP9,7
0.199959262698859\,2\,28\,7.37372448979592\,GO:0060314 regulation of ryanodine-sensitive calcium-release channel activity\,http://amigo.geneontology.org/amigo/term/GO:0060314\,CALM3  CALM1,7
0.199959262698859\,5\,141\,2.89977929373997\,GO:0070585 protein localization to mitochondrion\,http://amigo.geneontology.org/amigo/term/GO:0070585\,UBL5  ROMO1  NDUFA13  CALM3  ATP5IF1,7
0.199959262698859\,2\,47\,7.37372448979592\,GO:0070839 metal ion export\,http://amigo.geneontology.org/amigo/term/GO:0070839\,CALM3  CALM1,7
0.199959262698859\,2\,47\,7.37372448979592\,GO:1900544 positive regulation of purine nucleotide metabolic process\,http://amigo.geneontology.org/amigo/term/GO:1900544\,ENO1  TMSB4X,7
0.199959262698859\,2\,34\,7.37372448979592\,GO:1901031 regulation of response to reactive oxygen species\,http://amigo.geneontology.org/amigo/term/GO:1901031\,PARK7  TXN,7
0.199959262698859\,2\,19\,7.37372448979592\,GO:1902176 negative regulation of oxidative stress-induced intrinsic apoptotic signaling pathway\,http://amigo.geneontology.org/amigo/term/GO:1902176\,PARK7  PPIA,7
0.000112216810481925\,8\,107\,14.455\,GO:0098869 cellular oxidant detoxification\,http://amigo.geneontology.org/amigo/term/GO:0098869\,PRDX1  SOD1  PRDX2  GSTP1  PARK7  PRDX4  PRDX5  SELENOW,9
0.000224165998154464\,8\,130\,11.564\,GO:0097237 cellular response to toxic substance\,http://amigo.geneontology.org/amigo/term/GO:0097237\,PRDX1  SOD1  PRDX2  PARK7  GSTP1  PRDX4  PRDX5  SELENOW,9
0.000224165998154464\,8\,147\,11.2819512195122\,GO:0098754 detoxification\,http://amigo.geneontology.org/amigo/term/GO:0098754\,PRDX1  SOD1  PRDX2  PARK7  GSTP1  PRDX4  PRDX5  SELENOW,9
0.000224165998154464\,8\,122\,12.1726315789474\,GO:1990748 cellular detoxification\,http://amigo.geneontology.org/amigo/term/GO:1990748\,PRDX1  SOD1  PRDX2  PARK7  GSTP1  PRDX4  PRDX5  SELENOW,9
0.000766380978594071\,11\,163\,6.05733333333333\,GO:0006119 oxidative phosphorylation\,http://amigo.geneontology.org/amigo/term/GO:0006119\,ATP5F1E  NDUFV2  COX5A  UQCR10  ATP5PO  NDUFB11  NDUFC2  NDUFB8  ATP5F1C  PARK7,9
0.000961481439345997\,12\,214\,5.17791044776119\,GO:0009060 aerobic respiration\,http://amigo.geneontology.org/amigo/term/GO:0009060\,ATP5F1E  MDH2  NDUFV2  COX5A  UQCR10  ATP5PO  NDUFB11  NDUFC2  NDUFB8  ATP5F1C  PARK7,9
0.000961481439345997\,9\,250\,7.434\,GO:0009636 response to toxic substance\,http://amigo.geneontology.org/amigo/term/GO:0009636\,PRDX1  SOD1  PRDX2  PARK7  GSTP1  PRDX4  PRDX5  MAP1B  SELENOW,9
0.00163548952428391\,5\,55\,18.06875\,GO:0042743 hydrogen peroxide metabolic process\,http://amigo.geneontology.org/amigo/term/GO:0042743\,PRDX5  PARK7  PRDX1  SOD1  PRDX2,9
0.00204580777482915\,13\,568\,4.22280898876405\,GO:0010035 response to inorganic substance\,http://amigo.geneontology.org/amigo/term/GO:0010035\,PRDX1  SOD1  PRDX2  SELENOW  PARK7  HNRNPA1  CALM2  CALM3  CALM1  RPLP0  CUTA  MAP1B  PPP1CA,9
0.00204580777482915\,8\,92\,7.46064516129032\,GO:0015986 proton motive force-driven ATP synthesis\,http://amigo.geneontology.org/amigo/term/GO:0015986\,ATP5F1E  ATP5MC3  ATP5F1C  ATP5PO  NDUFB11  NDUFC2  NDUFB8  NDUFV2,9
0.00204580777482915\,12\,260\,4.6256\,GO:0045333 cellular respiration\,http://amigo.geneontology.org/amigo/term/GO:0045333\,ATP5F1E  MDH2  NDUFV2  COX5A  UQCR10  ATP5PO  NDUFB11  NDUFC2  NDUFB8  ATP5F1C  PARK7,9
0.00204580777482915\,13\,318\,4.31988505747126\,GO:0046034 ATP metabolic process\,http://amigo.geneontology.org/amigo/term/GO:0046034\,TPI1  ATP5F1E  ATP5MC3  ATP5F1C  NDUFV2  COX5A  UQCR10  ATP5PO  NDUFB11  NDUFC2  NDUFB8  PARK7,9
0.00210219336908537\,9\,185\,6.26963855421687\,GO:0051099 positive regulation of binding\,http://amigo.geneontology.org/amigo/term/GO:0051099\,RAN  HSP90AB1  CALM2  CALM3  CTHRC1  CALM1  PARK7  STMN1  EIF3E,9
0.00210369787659987\,13\,352\,4.15281767955801\,GO:0015980 energy derivation by oxidation of organic compounds\,http://amigo.geneontology.org/amigo/term/GO:0015980\,ATP5F1E  MDH2  NDUFV2  COX5A  UQCR10  ATP5PO  NDUFB11  NDUFC2  NDUFB8  ATP5F1C  PARK7  PPP1CA,9
0.00240504056927139\,6\,51\,10.84125\,GO:0021762 substantia nigra development\,http://amigo.geneontology.org/amigo/term/GO:0021762\,ACTB  DYNLL1  CALM2  CALM3  CKB  CALM1,9
0.00240705457080252\,15\,532\,3.45537848605578\,GO:0006091 generation of precursor metabolites and energy\,http://amigo.geneontology.org/amigo/term/GO:0006091\,TPI1  ATP5F1E  MDH2  TALDO1  NDUFV2  COX5A  UQCR10  ATP5PO  NDUFB11  NDUFC2  NDUFB8  ATP5F1C  PARK7  PPP1CA,9
0.00240705457080252\,9\,150\,5.782\,GO:0009144 purine nucleoside triphosphate metabolic process\,http://amigo.geneontology.org/amigo/term/GO:0009144\,ATP5F1E  ATP5MC3  ATP5F1C  ATP5PO  NDUFB11  NDUFC2  NDUFB8  NDUFV2  RAN,9
0.00240705457080252\,9\,152\,5.782\,GO:0009199 ribonucleoside triphosphate metabolic process\,http://amigo.geneontology.org/amigo/term/GO:0009199\,ATP5F1E  ATP5MC3  ATP5F1C  ATP5PO  NDUFB11  NDUFC2  NDUFB8  NDUFV2  RAN,9
0.00240705457080252\,9\,145\,5.91340909090909\,GO:0009205 purine ribonucleoside triphosphate metabolic process\,http://amigo.geneontology.org/amigo/term/GO:0009205\,ATP5F1E  ATP5MC3  ATP5F1C  ATP5PO  NDUFB11  NDUFC2  NDUFB8  NDUFV2  RAN,9
0.00240705457080252\,4\,23\,23.128\,GO:0032516 positive regulation of phosphoprotein phosphatase activity\,http://amigo.geneontology.org/amigo/term/GO:0032516\,HSP90AB1  CALM2  CALM3  CALM1,9
0.00240705457080252\,3\,5\,43.365\,GO:0051343 positive regulation of cyclic-nucleotide phosphodiesterase activity\,http://amigo.geneontology.org/amigo/term/GO:0051343\,CALM2  CALM3  CALM1,9
0.00240705457080252\,3\,5\,43.365\,GO:1905912 regulation of calcium ion export across plasma membrane\,http://amigo.geneontology.org/amigo/term/GO:1905912\,CALM2  CALM3  CALM1,9
0.00240705457080252\,3\,5\,43.365\,GO:1905913 negative regulation of calcium ion export across plasma membrane\,http://amigo.geneontology.org/amigo/term/GO:1905913\,CALM2  CALM3  CALM1,9
0.00293291059817911\,6\,72\,9.63666666666667\,GO:0048857 neural nucleus development\,http://amigo.geneontology.org/amigo/term/GO:0048857\,ACTB  DYNLL1  CALM2  CALM3  CKB  CALM1,9
0.00293291059817911\,8\,235\,6.42444444444444\,GO:0072593 reactive oxygen species metabolic process\,http://amigo.geneontology.org/amigo/term/GO:0072593\,PRDX1  PRDX5  SOD1  PRDX2  PARK7  PRDX4  NDUFC2  GSTP1,9
0.0033905317288482\,5\,73\,12.5695652173913\,GO:0006749 glutathione metabolic process\,http://amigo.geneontology.org/amigo/term/GO:0006749\,GSTP1  PARK7  SOD1  ARL6IP5  CLIC1,9
0.0033905317288482\,8\,120\,6.25081081081081\,GO:0006754 ATP biosynthetic process\,http://amigo.geneontology.org/amigo/term/GO:0006754\,ATP5F1E  ATP5MC3  ATP5F1C  ATP5PO  NDUFB11  NDUFC2  NDUFB8  NDUFV2,9
0.00372710303879084\,9\,173\,5.31\,GO:0009141 nucleoside triphosphate metabolic process\,http://amigo.geneontology.org/amigo/term/GO:0009141\,ATP5F1E  ATP5MC3  ATP5F1C  ATP5PO  NDUFB11  NDUFC2  NDUFB8  NDUFV2  RAN,9
0.00372710303879084\,7\,82\,7.2275\,GO:0042776 proton motive force-driven mitochondrial ATP synthesis\,http://amigo.geneontology.org/amigo/term/GO:0042776\,ATP5F1E  ATP5PO  NDUFB11  NDUFC2  NDUFB8  NDUFV2  ATP5F1C,9
0.00406215191109346\,3\,10\,34.692\,GO:1990034 calcium ion export across plasma membrane\,http://amigo.geneontology.org/amigo/term/GO:1990034\,CALM2  CALM3  CALM1,9
0.00429070073241664\,4\,39\,17.7907692307692\,GO:0010922 positive regulation of phosphatase activity\,http://amigo.geneontology.org/amigo/term/GO:0010922\,HSP90AB1  CALM2  CALM3  CALM1,9
0.00487926852131549\,8\,131\,5.782\,GO:0009206 purine ribonucleoside triphosphate biosynthetic process\,http://amigo.geneontology.org/amigo/term/GO:0009206\,ATP5F1E  ATP5MC3  ATP5F1C  ATP5PO  NDUFB11  NDUFC2  NDUFB8  NDUFV2,9
0.0051758020640546\,8\,132\,5.71061728395062\,GO:0009145 purine nucleoside triphosphate biosynthetic process\,http://amigo.geneontology.org/amigo/term/GO:0009145\,ATP5F1E  ATP5MC3  ATP5F1C  ATP5PO  NDUFB11  NDUFC2  NDUFB8  NDUFV2,9
0.00548807413288532\,8\,137\,5.6409756097561\,GO:0009201 ribonucleoside triphosphate biosynthetic process\,http://amigo.geneontology.org/amigo/term/GO:0009201\,ATP5F1E  ATP5MC3  ATP5F1C  ATP5PO  NDUFB11  NDUFC2  NDUFB8  NDUFV2,9
0.00601663161807298\,3\,19\,28.91\,GO:0019430 removal of superoxide radicals\,http://amigo.geneontology.org/amigo/term/GO:0019430\,PRDX1  SOD1  PRDX2,9
0.00601663161807298\,3\,13\,28.91\,GO:0051280 negative regulation of release of sequestered calcium ion into cytosol\,http://amigo.geneontology.org/amigo/term/GO:0051280\,CALM2  CALM1  CALM3,9
0.00601663161807298\,3\,10\,28.91\,GO:0051342 regulation of cyclic-nucleotide phosphodiesterase activity\,http://amigo.geneontology.org/amigo/term/GO:0051342\,CALM2  CALM3  CALM1,9
0.00601663161807298\,3\,11\,28.91\,GO:0060315 negative regulation of ryanodine-sensitive calcium-release channel activity\,http://amigo.geneontology.org/amigo/term/GO:0060315\,CALM2  CALM1  CALM3,9
0.00601663161807298\,3\,9\,28.91\,GO:0060316 positive regulation of ryanodine-sensitive calcium-release channel activity\,http://amigo.geneontology.org/amigo/term/GO:0060316\,CALM3  CALM2  CALM1,9
0.00601663161807298\,3\,12\,28.91\,GO:1901844 regulation of cell communication by electrical coupling involved in cardiac conduction\,http://amigo.geneontology.org/amigo/term/GO:1901844\,CALM2  CALM3  CALM1,9
0.0065947870461328\,6\,102\,7.70933333333333\,GO:0030901 midbrain development\,http://amigo.geneontology.org/amigo/term/GO:0030901\,ACTB  DYNLL1  CALM2  CALM3  CKB  CALM1,9
0.00718604022258707\,8\,148\,5.25636363636364\,GO:0009142 nucleoside triphosphate biosynthetic process\,http://amigo.geneontology.org/amigo/term/GO:0009142\,ATP5F1E  ATP5MC3  ATP5F1C  ATP5PO  NDUFB11  NDUFC2  NDUFB8  NDUFV2,9
0.00718604022258707\,11\,386\,3.83144578313253\,GO:0051098 regulation of binding\,http://amigo.geneontology.org/amigo/term/GO:0051098\,PARK7  RAN  ACTB  HSP90AB1  CALM2  CALM3  CTHRC1  CALM1  STMN1  EIF3E  PPP1CA,9
0.00954043260194741\,4\,69\,13.6047058823529\,GO:0006801 superoxide metabolic process\,http://amigo.geneontology.org/amigo/term/GO:0006801\,PRDX1  SOD1  PRDX2  GSTP1,9
0.0111450351198042\,7\,108\,5.70056338028169\,GO:0019646 aerobic electron transport chain\,http://amigo.geneontology.org/amigo/term/GO:0019646\,NDUFV2  COX5A  UQCR10  PARK7  NDUFC2  NDUFB8,9
0.0112567633163921\,17\,1151\,2.61420212765957\,GO:1901135 carbohydrate derivative metabolic process\,http://amigo.geneontology.org/amigo/term/GO:1901135\,TPI1  ATP5F1E  DAD1  ITM2B  ATP5MC3  ATP5F1C  TALDO1  OST4  ATP5PO  NDUFB11  NDUFC2  NDUFB8  NDUFV2  TMEM59  PARK7  RAN  ERH,9
0.0115271125768639\,3\,24\,21.6825\,GO:0000303 response to superoxide\,http://amigo.geneontology.org/amigo/term/GO:0000303\,PRDX1  SOD1  PRDX2,9
0.0115271125768639\,3\,25\,21.6825\,GO:0000305 response to oxygen radical\,http://amigo.geneontology.org/amigo/term/GO:0000305\,PRDX1  SOD1  PRDX2,9
0.0115271125768639\,3\,14\,21.6825\,GO:0005513 detection of calcium ion\,http://amigo.geneontology.org/amigo/term/GO:0005513\,CALM2  CALM3  CALM1,9
0.0115271125768639\,6\,207\,6.80235294117647\,GO:0006575 cellular modified amino acid metabolic process\,http://amigo.geneontology.org/amigo/term/GO:0006575\,GSTP1  CKB  PARK7  SOD1  ARL6IP5  CLIC1,9
0.0115271125768639\,3\,17\,21.6825\,GO:0010649 regulation of cell communication by electrical coupling\,http://amigo.geneontology.org/amigo/term/GO:0010649\,CALM2  CALM3  CALM1,9
0.0115271125768639\,3\,19\,21.6825\,GO:0010801 negative regulation of peptidyl-threonine phosphorylation\,http://amigo.geneontology.org/amigo/term/GO:0010801\,CALM2  CALM3  CALM1,9
0.0115271125768639\,3\,29\,21.6825\,GO:0031954 positive regulation of protein autophosphorylation\,http://amigo.geneontology.org/amigo/term/GO:0031954\,CALM2  CALM3  CALM1,9
0.0115271125768639\,3\,15\,21.6825\,GO:0051284 positive regulation of sequestering of calcium ion\,http://amigo.geneontology.org/amigo/term/GO:0051284\,CALM2  CALM1  CALM3,9
0.0115271125768639\,5\,74\,8.76060606060606\,GO:0051881 regulation of mitochondrial membrane potential\,http://amigo.geneontology.org/amigo/term/GO:0051881\,NDUFC2  CLIC1  PARK7  SOD1  ARL6IP5,9
0.0115271125768639\,3\,21\,21.6825\,GO:0071450 cellular response to oxygen radical\,http://amigo.geneontology.org/amigo/term/GO:0071450\,PRDX1  SOD1  PRDX2,9
0.0115271125768639\,3\,21\,21.6825\,GO:0071451 cellular response to superoxide\,http://amigo.geneontology.org/amigo/term/GO:0071451\,PRDX1  SOD1  PRDX2,9
0.0121817280546317\,13\,701\,3.05552845528455\,GO:1901137 carbohydrate derivative biosynthetic process\,http://amigo.geneontology.org/amigo/term/GO:1901137\,TPI1  ATP5F1E  DAD1  ITM2B  ATP5MC3  ATP5F1C  OST4  ATP5PO  NDUFB11  NDUFC2  NDUFB8  NDUFV2  TMEM59,9
0.012494734229441\,2\,5\,57.82\,GO:1901842 negative regulation of high voltage-gated calcium channel activity\,http://amigo.geneontology.org/amigo/term/GO:1901842\,CALM3  CALM1,9
0.0136613040870979\,7\,116\,5.25636363636364\,GO:0042773 ATP synthesis coupled electron transport\,http://amigo.geneontology.org/amigo/term/GO:0042773\,NDUFV2  COX5A  UQCR10  PARK7  NDUFC2  NDUFB8,9
0.0136613040870979\,7\,116\,5.25636363636364\,GO:0042775 mitochondrial ATP synthesis coupled electron transport\,http://amigo.geneontology.org/amigo/term/GO:0042775\,NDUFV2  COX5A  UQCR10  PARK7  NDUFC2  NDUFB8,9
0.0152063384321488\,3\,639\,19.2733333333333\,GO:0009593 detection of chemical stimulus\,http://amigo.geneontology.org/amigo/term/GO:0009593\,CALM2  CALM3  CALM1,9
0.0152063384321488\,3\,23\,19.2733333333333\,GO:0010523 negative regulation of calcium ion transport into cytosol\,http://amigo.geneontology.org/amigo/term/GO:0010523\,CALM2  CALM1  CALM3,9
0.0152063384321488\,3\,30\,19.2733333333333\,GO:0042744 hydrogen peroxide catabolic process\,http://amigo.geneontology.org/amigo/term/GO:0042744\,PRDX5  PRDX1  PRDX2,9
0.0153991177899628\,4\,49\,11.0133333333333\,GO:0035307 positive regulation of protein dephosphorylation\,http://amigo.geneontology.org/amigo/term/GO:0035307\,HSP90AB1  CALM2  CALM3  CALM1,9
0.0208010209320458\,3\,29\,17.346\,GO:0010800 positive regulation of peptidyl-threonine phosphorylation\,http://amigo.geneontology.org/amigo/term/GO:0010800\,CALM2  CALM3  CALM1,9
0.0212266235925056\,7\,137\,4.81833333333333\,GO:0022904 respiratory electron transport chain\,http://amigo.geneontology.org/amigo/term/GO:0022904\,NDUFV2  COX5A  UQCR10  PARK7  NDUFC2  NDUFB8,9
0.0242011278523891\,16\,1677\,2.45389920424403\,GO:0006811 ion transport\,http://amigo.geneontology.org/amigo/term/GO:0006811\,CALM2  CALM3  CLIC1  ATP6V0B  CALM1  CD63  PARK7  ATP5F1E  ARL6IP5  ATP5MC3  ATP5F1C  ARL6IP1  ATOX1  COX5A  UQCR10  ATP5PO,9
0.0243960969724013\,4\,66\,9.63666666666667\,GO:0035306 positive regulation of dephosphorylation\,http://amigo.geneontology.org/amigo/term/GO:0035306\,HSP90AB1  CALM2  CALM3  CALM1,9
0.0243960969724013\,4\,78\,9.63666666666667\,GO:0055117 regulation of cardiac muscle contraction\,http://amigo.geneontology.org/amigo/term/GO:0055117\,CALM2  CALM3  CALM1  HSP90AA1,9
0.0248539867533642\,5\,172\,6.88333333333333\,GO:0006937 regulation of muscle contraction\,http://amigo.geneontology.org/amigo/term/GO:0006937\,CALM2  CALM3  CALM1  HSP90AA1  SOD1,9
0.0248539867533642\,3\,23\,15.7690909090909\,GO:0010881 regulation of cardiac muscle contraction by regulation of the release of sequestered calcium ion\,http://amigo.geneontology.org/amigo/term/GO:0010881\,CALM2  CALM3  CALM1,9
0.0248539867533642\,3\,45\,15.7690909090909\,GO:0031952 regulation of protein autophosphorylation\,http://amigo.geneontology.org/amigo/term/GO:0031952\,CALM2  CALM3  CALM1,9
0.0248539867533642\,13\,1218\,2.76345588235294\,GO:0034220 ion transmembrane transport\,http://amigo.geneontology.org/amigo/term/GO:0034220\,CALM2  CALM3  ATP6V0B  CALM1  CD63  PARK7  ARL6IP5  ATP5MC3  ARL6IP1  COX5A  UQCR10  CLIC1  ATP5PO,9
0.0248539867533642\,3\,33\,15.7690909090909\,GO:0051481 negative regulation of cytosolic calcium ion concentration\,http://amigo.geneontology.org/amigo/term/GO:0051481\,CALM2  CALM1  CALM3,9
0.0260548281229844\,5\,66\,6.72325581395349\,GO:0006120 mitochondrial electron transport NADH to ubiquinone\,http://amigo.geneontology.org/amigo/term/GO:0006120\,NDUFV2  PARK7  NDUFC2  NDUFB8,9
0.0260548281229844\,4\,41\,9.2512\,GO:0045454 cell redox homeostasis\,http://amigo.geneontology.org/amigo/term/GO:0045454\,PRDX1  PRDX4  PRDX5  PRDX2,9
0.0276780992819908\,2\,6\,38.5466666666667\,GO:0019682 glyceraldehyde-3-phosphate metabolic process\,http://amigo.geneontology.org/amigo/term/GO:0019682\,TPI1  TALDO1,9
0.0276780992819908\,2\,6\,38.5466666666667\,GO:1902949 positive regulation of tau-protein kinase activity\,http://amigo.geneontology.org/amigo/term/GO:1902949\,HSP90AB1  HSP90AA1,9
0.0292470542936456\,4\,57\,8.89538461538461\,GO:0043388 positive regulation of DNA binding\,http://amigo.geneontology.org/amigo/term/GO:0043388\,CALM2  CALM3  CALM1  PARK7,9
0.0322681425312488\,4\,98\,8.56592592592593\,GO:0006942 regulation of striated muscle contraction\,http://amigo.geneontology.org/amigo/term/GO:0006942\,CALM2  CALM3  CALM1  HSP90AA1,9
0.0322681425312488\,8\,511\,3.82280991735537\,GO:0034765 regulation of ion transmembrane transport\,http://amigo.geneontology.org/amigo/term/GO:0034765\,CALM2  CALM3  CALM1  CD63  PARK7  ARL6IP5  ARL6IP1  CLIC1,9
0.0322681425312488\,12\,826\,2.79774193548387\,GO:0043549 regulation of kinase activity\,http://amigo.geneontology.org/amigo/term/GO:0043549\,HSP90AB1  PARK7  HSP90AA1  GSTP1  SOD1  UCHL1  EEF1A1  RPLP1  ACTB  CALM2  CALM3  CALM1,9
0.0322681425312488\,6\,161\,5.10176470588235\,GO:1902600 proton transmembrane transport\,http://amigo.geneontology.org/amigo/term/GO:1902600\,ATP6V0B  PARK7  ATP5MC3  COX5A  UQCR10  ATP5PO,9
0.0340929105440803\,11\,702\,2.94453703703704\,GO:0045859 regulation of protein kinase activity\,http://amigo.geneontology.org/amigo/term/GO:0045859\,HSP90AB1  PARK7  HSP90AA1  GSTP1  SOD1  UCHL1  RPLP1  ACTB  CALM2  CALM3  CALM1,9
0.0350075062237996\,8\,245\,3.76065040650406\,GO:0009152 purine ribonucleotide biosynthetic process\,http://amigo.geneontology.org/amigo/term/GO:0009152\,ATP5F1E  ATP5MC3  ATP5F1C  ATP5PO  NDUFB11  NDUFC2  NDUFB8  NDUFV2,9
0.0350075062237996\,3\,28\,13.3430769230769\,GO:0010882 regulation of cardiac muscle contraction by calcium ion signaling\,http://amigo.geneontology.org/amigo/term/GO:0010882\,CALM2  CALM3  CALM1,9
0.0350075062237996\,9\,596\,3.40117647058824\,GO:0034762 regulation of transmembrane transport\,http://amigo.geneontology.org/amigo/term/GO:0034762\,CALM2  CALM3  CALM1  CD63  PARK7  ARL6IP5  ARL6IP1  CLIC1  ACTB,9
0.0350075062237996\,3\,28\,13.3430769230769\,GO:0086064 cell communication by electrical coupling involved in cardiac conduction\,http://amigo.geneontology.org/amigo/term/GO:0086064\,CALM2  CALM3  CALM1,9
0.0350075062237996\,3\,41\,13.3430769230769\,GO:1901020 negative regulation of calcium ion transmembrane transporter activity\,http://amigo.geneontology.org/amigo/term/GO:1901020\,CALM2  CALM1  CALM3,9
0.0369735398981472\,11\,942\,2.891\,GO:0098660 inorganic ion transmembrane transport\,http://amigo.geneontology.org/amigo/term/GO:0098660\,CALM2  CALM3  ATP6V0B  CALM1  CD63  PARK7  ATP5MC3  COX5A  UQCR10  CLIC1  ATP5PO,9
0.0408230605634773\,3\,82\,12.39\,GO:0001895 retina homeostasis\,http://amigo.geneontology.org/amigo/term/GO:0001895\,ACTB  PRDX1  SOD1,9
0.0408230605634773\,8\,258\,3.61375\,GO:0009260 ribonucleotide biosynthetic process\,http://amigo.geneontology.org/amigo/term/GO:0009260\,ATP5F1E  ATP5MC3  ATP5F1C  ATP5PO  NDUFB11  NDUFC2  NDUFB8  NDUFV2,9
0.0408230605634773\,3\,31\,12.39\,GO:0010880 regulation of release of sequestered calcium ion into cytosol by sarcoplasmic reticulum\,http://amigo.geneontology.org/amigo/term/GO:0010880\,CALM2  CALM3  CALM1,9
0.0408230605634773\,3\,43\,12.39\,GO:0051281 positive regulation of release of sequestered calcium ion into cytosol\,http://amigo.geneontology.org/amigo/term/GO:0051281\,CALM3  CALM2  CALM1,9
0.0408230605634773\,3\,28\,12.39\,GO:0060314 regulation of ryanodine-sensitive calcium-release channel activity\,http://amigo.geneontology.org/amigo/term/GO:0060314\,CALM2  CALM3  CALM1,9
0.0408230605634773\,3\,47\,12.39\,GO:0070839 metal ion export\,http://amigo.geneontology.org/amigo/term/GO:0070839\,CALM2  CALM3  CALM1,9
0.0418961640152371\,2\,8\,28.91\,GO:0002036 regulation of L-glutamate import across plasma membrane\,http://amigo.geneontology.org/amigo/term/GO:0002036\,ARL6IP5  ARL6IP1,9
0.0418961640152371\,8\,269\,3.55815384615385\,GO:0006164 purine nucleotide biosynthetic process\,http://amigo.geneontology.org/amigo/term/GO:0006164\,ATP5F1E  ATP5MC3  ATP5F1C  ATP5PO  NDUFB11  NDUFC2  NDUFB8  NDUFV2,9
0.0418961640152371\,2\,8\,28.91\,GO:0042780 tRNA 3-prime-end processing\,http://amigo.geneontology.org/amigo/term/GO:0042780\,HSD17B10  SSB,9
0.0418961640152371\,2\,7\,28.91\,GO:0070358 actin polymerization-dependent cell motility\,http://amigo.geneontology.org/amigo/term/GO:0070358\,ARPC3  ARPC2,9
0.0418961640152371\,2\,11\,28.91\,GO:1902947 regulation of tau-protein kinase activity\,http://amigo.geneontology.org/amigo/term/GO:1902947\,HSP90AB1  HSP90AA1,9
0.0418961640152371\,2\,6\,28.91\,GO:1905323 telomerase holoenzyme complex assembly\,http://amigo.geneontology.org/amigo/term/GO:1905323\,HSP90AA1  HSP90AB1,9
0.0418961640152371\,5\,149\,5.66862745098039\,GO:2000377 regulation of reactive oxygen species metabolic process\,http://amigo.geneontology.org/amigo/term/GO:2000377\,SOD1  PARK7  NDUFC2  PRDX2  GSTP1,9
0.0421377833858564\,4\,277\,7.46064516129032\,GO:0001906 cell killing\,http://amigo.geneontology.org/amigo/term/GO:0001906\,HLA-A  HSP90AB1  PRDX1  TUBB4B,9
0.0421377833858564\,3\,139\,11.564\,GO:0002228 natural killer cell mediated immunity\,http://amigo.geneontology.org/amigo/term/GO:0002228\,HLA-A  PRDX1  TUBB4B,9
0.0421377833858564\,3\,45\,11.564\,GO:0010799 regulation of peptidyl-threonine phosphorylation\,http://amigo.geneontology.org/amigo/term/GO:0010799\,CALM2  CALM3  CALM1,9
0.0421377833858564\,3\,37\,11.564\,GO:0014808 release of sequestered calcium ion into cytosol by sarcoplasmic reticulum\,http://amigo.geneontology.org/amigo/term/GO:0014808\,CALM2  CALM3  CALM1,9
0.0421377833858564\,3\,136\,11.564\,GO:0042267 natural killer cell mediated cytotoxicity\,http://amigo.geneontology.org/amigo/term/GO:0042267\,HLA-A  PRDX1  TUBB4B,9
0.0421377833858564\,4\,79\,7.46064516129032\,GO:0043666 regulation of phosphoprotein phosphatase activity\,http://amigo.geneontology.org/amigo/term/GO:0043666\,HSP90AB1  CALM2  CALM3  CALM1,9
0.0421377833858564\,20\,1936\,1.9972366148532\,GO:0044281 small molecule metabolic process\,http://amigo.geneontology.org/amigo/term/GO:0044281\,HSD17B10  HACD3  TPI1  PARK7  ATP5F1E  ATP5MC3  ATP5F1C  ATP5PO  NDUFB11  NDUFC2  NDUFB8  NDUFV2  GSTP1  RAN  SOD1  MDH2  DHRS7  ECH1  PPP1CA  ERH,9
0.0421377833858564\,8\,265\,3.50424242424242\,GO:0046390 ribose phosphate biosynthetic process\,http://amigo.geneontology.org/amigo/term/GO:0046390\,ATP5F1E  ATP5MC3  ATP5F1C  ATP5PO  NDUFB11  NDUFC2  NDUFB8  NDUFV2,9
0.0421377833858564\,12\,660\,2.62818181818182\,GO:0055086 nucleobase-containing small molecule metabolic process\,http://amigo.geneontology.org/amigo/term/GO:0055086\,TPI1  PARK7  ATP5F1E  ATP5MC3  ATP5F1C  ATP5PO  NDUFB11  NDUFC2  NDUFB8  NDUFV2  RAN  ERH,9
0.0421377833858564\,3\,66\,11.564\,GO:0140115 export across plasma membrane\,http://amigo.geneontology.org/amigo/term/GO:0140115\,CALM2  CALM3  CALM1,9
0.0421377833858564\,3\,38\,11.564\,GO:1903514 release of sequestered calcium ion into cytosol by endoplasmic reticulum\,http://amigo.geneontology.org/amigo/term/GO:1903514\,CALM2  CALM3  CALM1,9
0.0421377833858564\,3\,50\,11.564\,GO:2001258 negative regulation of cation channel activity\,http://amigo.geneontology.org/amigo/term/GO:2001258\,CALM2  CALM1  CALM3,9
0.0427807177341368\,10\,453\,2.93502538071066\,GO:0009150 purine ribonucleotide metabolic process\,http://amigo.geneontology.org/amigo/term/GO:0009150\,TPI1  ATP5F1E  ATP5MC3  ATP5F1C  ATP5PO  NDUFB11  NDUFC2  NDUFB8  NDUFV2  RAN,9
0.0438334109118351\,4\,100\,7.2275\,GO:0034766 negative regulation of ion transmembrane transport\,http://amigo.geneontology.org/amigo/term/GO:0034766\,CALM2  CALM1  ARL6IP5  CALM3,9
0.0438334109118351\,8\,280\,3.45194029850746\,GO:0072522 purine-containing compound biosynthetic process\,http://amigo.geneontology.org/amigo/term/GO:0072522\,ATP5F1E  ATP5MC3  ATP5F1C  ATP5PO  NDUFB11  NDUFC2  NDUFB8  NDUFV2,9
0.0443307320949424\,7\,194\,3.85466666666667\,GO:0022900 electron transport chain\,http://amigo.geneontology.org/amigo/term/GO:0022900\,NDUFV2  COX5A  UQCR10  PARK7  NDUFC2  NDUFB8,9
0.0471500600435574\,7\,435\,3.78261682242991\,GO:0009410 response to xenobiotic stimulus\,http://amigo.geneontology.org/amigo/term/GO:0009410\,GSTP1  HSP90AA1  HSP90AB1  DAD1  MAP1B  SOD1  UCHL1,9
0.0471500600435574\,3\,65\,10.84125\,GO:0010524 positive regulation of calcium ion transport into cytosol\,http://amigo.geneontology.org/amigo/term/GO:0010524\,CALM3  CALM2  CALM1,9
0.0471500600435574\,3\,36\,10.84125\,GO:0010644 cell communication by electrical coupling\,http://amigo.geneontology.org/amigo/term/GO:0010644\,CALM2  CALM3  CALM1,9
0.0471500600435574\,13\,956\,2.43255663430421\,GO:0051338 regulation of transferase activity\,http://amigo.geneontology.org/amigo/term/GO:0051338\,HSP90AB1  PARK7  HSP90AA1  GSTP1  SKP1  SOD1  UCHL1  EEF1A1  RPLP1  ACTB  CALM2  CALM3  CALM1,9
0.0471500600435574\,3\,46\,10.84125\,GO:1903170 negative regulation of calcium ion transmembrane transport\,http://amigo.geneontology.org/amigo/term/GO:1903170\,CALM2  CALM1  CALM3,9
0.0471500600435574\,3\,58\,10.84125\,GO:1903409 reactive oxygen species biosynthetic process\,http://amigo.geneontology.org/amigo/term/GO:1903409\,SOD1  PARK7  NDUFC2,9
0.0491382416053\,6\,202\,4.28296296296296\,GO:0000302 response to reactive oxygen species\,http://amigo.geneontology.org/amigo/term/GO:0000302\,PRDX1  SOD1  PRDX2  PARK7  PRDX5  GSTP1,9
0.0491382416053\,2\,9\,23.128\,GO:0002176 male germ cell proliferation\,http://amigo.geneontology.org/amigo/term/GO:0002176\,PRDX4  UCHL1,9
0.0491382416053\,10\,481\,2.84827586206897\,GO:0006163 purine nucleotide metabolic process\,http://amigo.geneontology.org/amigo/term/GO:0006163\,TPI1  ATP5F1E  ATP5MC3  ATP5F1C  ATP5PO  NDUFB11  NDUFC2  NDUFB8  NDUFV2  RAN,9
0.0491382416053\,11\,588\,2.63908713692946\,GO:0006753 nucleoside phosphate metabolic process\,http://amigo.geneontology.org/amigo/term/GO:0006753\,TPI1  PARK7  ATP5F1E  ATP5MC3  ATP5F1C  ATP5PO  NDUFB11  NDUFC2  NDUFB8  NDUFV2  RAN,9
0.0491382416053\,28\,3005\,1.68993736951983\,GO:0006796 phosphate-containing compound metabolic process\,http://amigo.geneontology.org/amigo/term/GO:0006796\,TPI1  PARK7  ATP5F1E  ATP5MC3  ATP5F1C  CKB  TALDO1  ATP5PO  HSP90AB1  NDUFB11  NDUFC2  NDUFB8  NDUFV2  HSP90AA1  GSTP1  DYNLL1  RAN  SOD1  CALM2  UCHL1  EEF1A1  CALM3  PPP1CA  CALM1  RPLP1  H3-3A  ACTB  PRDX4,9
0.0491382416053\,9\,476\,3.02546511627907\,GO:0006979 response to oxidative stress\,http://amigo.geneontology.org/amigo/term/GO:0006979\,PRDX1  PRDX5  SOD1  PRDX2  PARK7  ARL6IP5  PRDX4  GSTP1  ATOX1,9
0.0491382416053\,11\,578\,2.65008333333333\,GO:0009117 nucleotide metabolic process\,http://amigo.geneontology.org/amigo/term/GO:0009117\,TPI1  PARK7  ATP5F1E  ATP5MC3  ATP5F1C  ATP5PO  NDUFB11  NDUFC2  NDUFB8  NDUFV2  RAN,9
0.0491382416053\,10\,472\,2.8343137254902\,GO:0009259 ribonucleotide metabolic process\,http://amigo.geneontology.org/amigo/term/GO:0009259\,TPI1  ATP5F1E  ATP5MC3  ATP5F1C  ATP5PO  NDUFB11  NDUFC2  NDUFB8  NDUFV2  RAN,9
0.0491382416053\,2\,6\,23.128\,GO:0009438 methylglyoxal metabolic process\,http://amigo.geneontology.org/amigo/term/GO:0009438\,PARK7  TPI1,9
0.0491382416053\,7\,374\,3.67945454545455\,GO:0010038 response to metal ion\,http://amigo.geneontology.org/amigo/term/GO:0010038\,CALM2  CALM3  CALM1  CUTA  PARK7  SOD1  PPP1CA,9
0.0491382416053\,2\,14\,23.128\,GO:0010269 response to selenium ion\,http://amigo.geneontology.org/amigo/term/GO:0010269\,SELENOW  RPLP0,9
0.0491382416053\,2\,10\,23.128\,GO:0036093 germ cell proliferation\,http://amigo.geneontology.org/amigo/term/GO:0036093\,PRDX4  UCHL1,9
0.0491382416053\,2\,12\,23.128\,GO:0045793 positive regulation of cell size\,http://amigo.geneontology.org/amigo/term/GO:0045793\,HSP90AA1  HSP90AB1,9
0.0491382416053\,33\,4103\,1.58608478802993\,GO:0065008 regulation of biological quality\,http://amigo.geneontology.org/amigo/term/GO:0065008\,ACTB  PRDX1  CLIC1  HSD17B10  HSP90AA1  HSP90AB1  PRDX4  PRDX5  CALM2  CALM3  PRDX2  ATP6V0B  CALM1  PARK7  RPLP0  DHRS7  ARPC3  MYL12B  MAP1B  SOD1  NDUFC2  ARPC2  CKB  TUBA1A  ATOX1  HACD3  STMN1  PRMT1  DAD1  ARL6IP5  CFL1  PPP1CA  GSTP1,9
0.0491382416053\,3\,44\,10.2035294117647\,GO:0070296 sarcoplasmic reticulum calcium ion transport\,http://amigo.geneontology.org/amigo/term/GO:0070296\,CALM2  CALM3  CALM1,9
0.0491382416053\,2\,21\,23.128\,GO:0090493 catecholamine uptake\,http://amigo.geneontology.org/amigo/term/GO:0090493\,PARK7  ACTB,9
0.0491382416053\,10\,840\,2.80679611650485\,GO:0098662 inorganic cation transmembrane transport\,http://amigo.geneontology.org/amigo/term/GO:0098662\,CALM2  CALM3  ATP6V0B  CALM1  CD63  PARK7  ATP5MC3  COX5A  UQCR10  ATP5PO,9
0.0491382416053\,2\,17\,23.128\,GO:0098712 L-glutamate import across plasma membrane\,http://amigo.geneontology.org/amigo/term/GO:0098712\,ARL6IP5  ARL6IP1,9
0.0491382416053\,2\,7\,23.128\,GO:1902177 positive regulation of oxidative stress-induced intrinsic apoptotic signaling pathway\,http://amigo.geneontology.org/amigo/term/GO:1902177\,PARK7  SOD1,9
0.0497604770380993\,28\,3030\,1.67767875647668\,GO:0006793 phosphorus metabolic process\,http://amigo.geneontology.org/amigo/term/GO:0006793\,TPI1  PARK7  ATP5F1E  ATP5MC3  ATP5F1C  CKB  TALDO1  ATP5PO  HSP90AB1  NDUFB11  NDUFC2  NDUFB8  NDUFV2  HSP90AA1  GSTP1  DYNLL1  RAN  SOD1  CALM2  UCHL1  EEF1A1  CALM3  PPP1CA  CALM1  RPLP1  H3-3A  ACTB  PRDX4,9
0.0533706293273827\,6\,354\,4.13\,GO:0006936 muscle contraction\,http://amigo.geneontology.org/amigo/term/GO:0006936\,CALM2  CALM3  CALM1  HSP90AA1  SOD1  MYL6,9
0.0538476915663777\,10\,482\,2.75333333333333\,GO:0019693 ribose phosphate metabolic process\,http://amigo.geneontology.org/amigo/term/GO:0019693\,TPI1  ATP5F1E  ATP5MC3  ATP5F1C  ATP5PO  NDUFB11  NDUFC2  NDUFB8  NDUFV2  RAN,9
0.0538476915663777\,4\,807\,6.42444444444444\,GO:0051606 detection of stimulus\,http://amigo.geneontology.org/amigo/term/GO:0051606\,CALM2  CALM3  CALM1  HLA-A,9
0.0538476915663777\,4\,139\,6.42444444444444\,GO:0060048 cardiac muscle contraction\,http://amigo.geneontology.org/amigo/term/GO:0060048\,CALM2  CALM3  CALM1  HSP90AA1,9
0.0547715788783089\,6\,208\,4.08141176470588\,GO:0043393 regulation of protein binding\,http://amigo.geneontology.org/amigo/term/GO:0043393\,PARK7  RAN  ACTB  HSP90AB1  CTHRC1  PPP1CA,9
0.0547715788783089\,10\,505\,2.74028436018957\,GO:0072521 purine-containing compound metabolic process\,http://amigo.geneontology.org/amigo/term/GO:0072521\,TPI1  ATP5F1E  ATP5MC3  ATP5F1C  ATP5PO  NDUFB11  NDUFC2  NDUFB8  NDUFV2  RAN,9
0.0548200740908931\,3\,76\,9.63666666666667\,GO:0051926 negative regulation of calcium ion transport\,http://amigo.geneontology.org/amigo/term/GO:0051926\,CALM2  CALM1  CALM3,9
0.0548200740908931\,3\,46\,9.63666666666667\,GO:1901021 positive regulation of calcium ion transmembrane transporter activity\,http://amigo.geneontology.org/amigo/term/GO:1901021\,CALM3  CALM2  CALM1,9
0.0578272842797908\,5\,247\,4.81833333333333\,GO:0060047 heart contraction\,http://amigo.geneontology.org/amigo/term/GO:0060047\,CALM2  CALM3  CALM1  SOD1  HSP90AA1,9
0.0591044272829693\,8\,334\,3.14666666666667\,GO:0009165 nucleotide biosynthetic process\,http://amigo.geneontology.org/amigo/term/GO:0009165\,ATP5F1E  ATP5MC3  ATP5F1C  ATP5PO  NDUFB11  NDUFC2  NDUFB8  NDUFV2,9
0.0591044272829693\,8\,337\,3.14666666666667\,GO:1901293 nucleoside phosphate biosynthetic process\,http://amigo.geneontology.org/amigo/term/GO:1901293\,ATP5F1E  ATP5MC3  ATP5F1C  ATP5PO  NDUFB11  NDUFC2  NDUFB8  NDUFV2,9
0.0632768557891694\,2\,59\,19.2733333333333\,GO:0002673 regulation of acute inflammatory response\,http://amigo.geneontology.org/amigo/term/GO:0002673\,PARK7  GSTP1,9
0.0632768557891694\,2\,18\,19.2733333333333\,GO:0010958 regulation of amino acid import across plasma membrane\,http://amigo.geneontology.org/amigo/term/GO:0010958\,ARL6IP5  ARL6IP1,9
0.0632768557891694\,2\,70\,19.2733333333333\,GO:0031342 negative regulation of cell killing\,http://amigo.geneontology.org/amigo/term/GO:0031342\,HLA-A  HSP90AB1,9
0.0632768557891694\,2\,20\,19.2733333333333\,GO:0032930 positive regulation of superoxide anion generation\,http://amigo.geneontology.org/amigo/term/GO:0032930\,SOD1  GSTP1,9
0.0632768557891694\,2\,18\,19.2733333333333\,GO:0051938 L-glutamate import\,http://amigo.geneontology.org/amigo/term/GO:0051938\,ARL6IP5  ARL6IP1,9
0.0632768557891694\,7\,401\,3.43\,GO:0071900 regulation of protein serine/threonine kinase activity\,http://amigo.geneontology.org/amigo/term/GO:0071900\,GSTP1  UCHL1  HSP90AB1  ACTB  CALM2  CALM3  CALM1,9
0.0632768557891694\,2\,21\,19.2733333333333\,GO:1901386 negative regulation of voltage-gated calcium channel activity\,http://amigo.geneontology.org/amigo/term/GO:1901386\,CALM3  CALM1,9
0.0632768557891694\,25\,1888\,1.70661157024793\,GO:1901566 organonitrogen compound biosynthetic process\,http://amigo.geneontology.org/amigo/term/GO:1901566\,RPL31  HACD3  RPLP0  EIF3E  ATP5F1E  DAD1  ITM2B  RPLP1  ATP5MC3  EEF1A1  ATP5F1C  CKB  OST4  ATP5PO  PARK7  RPL32  NDUFB11  NDUFC2  NDUFB8  NDUFV2  GSTP1  TMEM59  SELENOW  PRMT1  PPP1CA,9
0.0632768557891694\,2\,18\,19.2733333333333\,GO:1903427 negative regulation of reactive oxygen species biosynthetic process\,http://amigo.geneontology.org/amigo/term/GO:1903427\,PARK7  NDUFC2,9
0.0632768557891694\,2\,18\,19.2733333333333\,GO:1903789 regulation of amino acid transmembrane transport\,http://amigo.geneontology.org/amigo/term/GO:1903789\,ARL6IP5  ARL6IP1,9
0.0640419661880351\,7\,442\,3.40117647058824\,GO:0042391 regulation of membrane potential\,http://amigo.geneontology.org/amigo/term/GO:0042391\,PARK7  NDUFC2  CLIC1  SOD1  ARL6IP5  CALM3  CALM1,9
0.0641486619373133\,4\,108\,5.93025641025641\,GO:0010921 regulation of phosphatase activity\,http://amigo.geneontology.org/amigo/term/GO:0010921\,HSP90AB1  CALM2  CALM3  CALM1,9
0.0649072492296091\,11\,967\,2.484453125\,GO:0019725 cellular homeostasis\,http://amigo.geneontology.org/amigo/term/GO:0019725\,PRDX1  PRDX4  PRDX5  CALM2  CALM3  PRDX2  ATP6V0B  CALM1  SOD1  CKB  ATOX1,9
0.0661070660296067\,3\,83\,8.673\,GO:0031279 regulation of cyclase activity\,http://amigo.geneontology.org/amigo/term/GO:0031279\,CALM2  CALM3  CALM1,9
0.0661070660296067\,3\,41\,8.673\,GO:0042307 positive regulation of protein import into nucleus\,http://amigo.geneontology.org/amigo/term/GO:0042307\,HSP90AA1  HSP90AB1  RAN,9
0.0661070660296067\,17\,1916\,1.98173387096774\,GO:0042592 homeostatic process\,http://amigo.geneontology.org/amigo/term/GO:0042592\,ACTB  PRDX1  PRDX4  PRDX5  CALM2  CALM3  PRDX2  ATP6V0B  CALM1  PARK7  SOD1  CKB  ATOX1  HACD3  STMN1  PRMT1  GSTP1,9
0.0661070660296067\,14\,1653\,2.17018766756032\,GO:0055085 transmembrane transport\,http://amigo.geneontology.org/amigo/term/GO:0055085\,CALM2  CALM3  ATP6V0B  CALM1  CD63  PARK7  ARL6IP5  ATP5MC3  ARL6IP1  COX5A  UQCR10  CLIC1  ACTB  ATP5PO,9
0.0677250406537834\,5\,147\,4.5171875\,GO:0034614 cellular response to reactive oxygen species\,http://amigo.geneontology.org/amigo/term/GO:0034614\,PRDX1  SOD1  PRDX2  PARK7  PRDX5,9
0.0719693716656235\,5\,258\,4.44769230769231\,GO:0003015 heart process\,http://amigo.geneontology.org/amigo/term/GO:0003015\,CALM2  CALM3  CALM1  SOD1  HSP90AA1,9
0.0748752012878657\,3\,63\,8.26\,GO:0086065 cell communication involved in cardiac conduction\,http://amigo.geneontology.org/amigo/term/GO:0086065\,CALM2  CALM3  CALM1,9
0.0757328261884367\,7\,443\,3.26403225806452\,GO:0045860 positive regulation of protein kinase activity\,http://amigo.geneontology.org/amigo/term/GO:0045860\,HSP90AB1  PARK7  HSP90AA1  RPLP1  CALM2  CALM3  CALM1,9
0.078899289275014\,14\,1222\,2.11905759162304\,GO:0044092 negative regulation of molecular function\,http://amigo.geneontology.org/amigo/term/GO:0044092\,GSTP1  PARK7  CALM2  UCHL1  ARL6IP1  CALM1  ACTB  PEBP1  PRDX5  CALM3  PRDX2  PPP1R27  STMN1  PPP1CA,9
0.0799332208206222\,2\,32\,16.52\,GO:0001975 response to amphetamine\,http://amigo.geneontology.org/amigo/term/GO:0001975\,SOD1  CALM3,9
0.0799332208206222\,2\,42\,16.52\,GO:0002347 response to tumor cell\,http://amigo.geneontology.org/amigo/term/GO:0002347\,HLA-A  PRDX2,9
0.0799332208206222\,2\,24\,16.52\,GO:0032928 regulation of superoxide anion generation\,http://amigo.geneontology.org/amigo/term/GO:0032928\,SOD1  GSTP1,9
0.0799332208206222\,2\,13\,16.52\,GO:1901841 regulation of high voltage-gated calcium channel activity\,http://amigo.geneontology.org/amigo/term/GO:1901841\,CALM3  CALM1,9
0.0807965267050454\,3\,208\,7.88454545454545\,GO:0001909 leukocyte mediated cytotoxicity\,http://amigo.geneontology.org/amigo/term/GO:0001909\,HLA-A  PRDX1  TUBB4B,9
0.0807965267050454\,3\,79\,7.88454545454545\,GO:0006081 cellular aldehyde metabolic process\,http://amigo.geneontology.org/amigo/term/GO:0006081\,TPI1  PARK7  TALDO1,9
0.0807965267050454\,4\,128\,5.37860465116279\,GO:0032411 positive regulation of transporter activity\,http://amigo.geneontology.org/amigo/term/GO:0032411\,CALM3  CALM2  CALM1  PARK7,9
0.0807965267050454\,4\,159\,5.37860465116279\,GO:0043271 negative regulation of ion transport\,http://amigo.geneontology.org/amigo/term/GO:0043271\,CALM2  CALM1  ARL6IP5  CALM3,9
0.0807965267050454\,10\,972\,2.51391304347826\,GO:0098655 cation transmembrane transport\,http://amigo.geneontology.org/amigo/term/GO:0098655\,CALM2  CALM3  ATP6V0B  CALM1  CD63  PARK7  ATP5MC3  COX5A  UQCR10  ATP5PO,9
0.0807965267050454\,4\,91\,5.37860465116279\,GO:1900182 positive regulation of protein localization to nucleus\,http://amigo.geneontology.org/amigo/term/GO:1900182\,PARK7  HSP90AA1  HSP90AB1  RAN,9
0.0807965267050454\,3\,45\,7.88454545454545\,GO:1904591 positive regulation of protein import\,http://amigo.geneontology.org/amigo/term/GO:1904591\,HSP90AA1  HSP90AB1  RAN,9
0.0807965267050454\,3\,81\,7.88454545454545\,GO:2001259 positive regulation of cation channel activity\,http://amigo.geneontology.org/amigo/term/GO:2001259\,CALM3  CALM2  CALM1,9
0.085496055659926\,28\,3356\,1.5856611165524\,GO:0065009 regulation of molecular function\,http://amigo.geneontology.org/amigo/term/GO:0065009\,PSME2  SSBP1  CALM2  CALM3  HSP90AB1  PARK7  HSP90AA1  GSTP1  SKP1  RAN  SOD1  UCHL1  EEF1A1  ARL6IP1  CALM1  HACD3  ACTB  PEBP1  PRDX5  DAD1  RPLP1  CTHRC1  PRDX2  PPP1R27  STMN1  ARL6IP5  EIF3E  PPP1CA,9
0.0859165853788503\,4\,181\,5.25636363636364\,GO:0006941 striated muscle contraction\,http://amigo.geneontology.org/amigo/term/GO:0006941\,CALM2  CALM3  CALM1  HSP90AA1,9
0.0859165853788503\,4\,125\,5.25636363636364\,GO:0034763 negative regulation of transmembrane transport\,http://amigo.geneontology.org/amigo/term/GO:0034763\,CALM2  CALM1  ARL6IP5  CALM3,9
0.0859165853788503\,4\,170\,5.25636363636364\,GO:0035637 multicellular organismal signaling\,http://amigo.geneontology.org/amigo/term/GO:0035637\,CALM2  CALM3  CALM1  SOD1,9
0.0869281379952516\,3\,78\,7.54173913043478\,GO:0032413 negative regulation of ion transmembrane transporter activity\,http://amigo.geneontology.org/amigo/term/GO:0032413\,CALM2  CALM1  CALM3,9
0.0869281379952516\,10\,671\,2.47094017094017\,GO:0090407 organophosphate biosynthetic process\,http://amigo.geneontology.org/amigo/term/GO:0090407\,TPI1  ATP5F1E  ATP5MC3  ATP5F1C  CKB  ATP5PO  NDUFB11  NDUFC2  NDUFB8  NDUFV2,9
0.0869281379952516\,3\,71\,7.54173913043478\,GO:2000379 positive regulation of reactive oxygen species metabolic process\,http://amigo.geneontology.org/amigo/term/GO:2000379\,SOD1  PARK7  GSTP1,9
0.0894361865712377\,23\,2582\,1.68550063371356\,GO:0050790 regulation of catalytic activity\,http://amigo.geneontology.org/amigo/term/GO:0050790\,PSME2  SSBP1  HSP90AB1  PARK7  HSP90AA1  GSTP1  SKP1  SOD1  CALM2  UCHL1  EEF1A1  CALM3  ARL6IP1  CALM1  HACD3  PEBP1  PRDX5  DAD1  RPLP1  PPP1R27  STMN1  ARL6IP5  ACTB,9
0.0922178151254393\,6\,221\,3.4692\,GO:0032271 regulation of protein polymerization\,http://amigo.geneontology.org/amigo/term/GO:0032271\,HSP90AA1  STMN2  ARPC3  STMN1  MAP1B  ARPC2,9
0.0945327977513303\,2\,46\,14.455\,GO:0014075 response to amine\,http://amigo.geneontology.org/amigo/term/GO:0014075\,SOD1  CALM3,9
0.0945327977513303\,2\,37\,14.455\,GO:0032770 positive regulation of monooxygenase activity\,http://amigo.geneontology.org/amigo/term/GO:0032770\,PARK7  CALM3,9
0.0945327977513303\,2\,37\,14.455\,GO:0060122 inner ear receptor cell stereocilium organization\,http://amigo.geneontology.org/amigo/term/GO:0060122\,SOD1  CTHRC1,9
0.0945327977513303\,2\,29\,14.455\,GO:1903959 regulation of anion transmembrane transport\,http://amigo.geneontology.org/amigo/term/GO:1903959\,ARL6IP5  ARL6IP1,9
0.0947368074545836\,5\,422\,4.01527777777778\,GO:0050878 regulation of body fluid levels\,http://amigo.geneontology.org/amigo/term/GO:0050878\,ACTB  CLIC1  RPLP0  PRDX2  STMN1,9
0.0947368074545836\,5\,239\,4.01527777777778\,GO:0090257 regulation of muscle system process\,http://amigo.geneontology.org/amigo/term/GO:0090257\,CALM2  CALM3  CALM1  HSP90AA1  SOD1,9
0.100938044114569\,9\,827\,2.55088235294118\,GO:0000165 MAPK cascade\,http://amigo.geneontology.org/amigo/term/GO:0000165\,PEBP1  GSTP1  UCHL1  HACD3  PRDX1  SOD1  PRDX2  PRMT1  ARL6IP5,9
0.100938044114569\,13\,1083\,2.09376044568245\,GO:0019637 organophosphate metabolic process\,http://amigo.geneontology.org/amigo/term/GO:0019637\,TPI1  PARK7  ATP5F1E  ATP5MC3  ATP5F1C  CKB  TALDO1  ATP5PO  NDUFB11  NDUFC2  NDUFB8  NDUFV2  RAN,9
0.100938044114569\,4\,114\,4.92085106382979\,GO:0035304 regulation of protein dephosphorylation\,http://amigo.geneontology.org/amigo/term/GO:0035304\,HSP90AB1  CALM2  CALM3  CALM1,9
0.100938044114569\,8\,719\,2.73704142011834\,GO:0043408 regulation of MAPK cascade\,http://amigo.geneontology.org/amigo/term/GO:0043408\,PEBP1  GSTP1  UCHL1  PRDX1  SOD1  PRDX2  PRMT1  ARL6IP5,9
0.100938044114569\,12\,1128\,2.17504702194357\,GO:0051336 regulation of hydrolase activity\,http://amigo.geneontology.org/amigo/term/GO:0051336\,PSME2  HSP90AB1  PARK7  SOD1  CALM2  CALM3  ARL6IP1  CALM1  PEBP1  PRDX5  STMN1  ARL6IP5,9
0.103158200829185\,5\,255\,3.90675675675676\,GO:0051403 stress-activated MAPK cascade\,http://amigo.geneontology.org/amigo/term/GO:0051403\,GSTP1  HACD3  PRDX1  PRMT1  ARL6IP5,9
0.103459574605707\,8\,745\,2.72094117647059\,GO:0043269 regulation of ion transport\,http://amigo.geneontology.org/amigo/term/GO:0043269\,CALM2  CALM3  CALM1  CD63  PARK7  ARL6IP5  ARL6IP1  CLIC1,9
0.106476509658226\,4\,169\,4.81833333333333\,GO:2001236 regulation of extrinsic apoptotic signaling pathway\,http://amigo.geneontology.org/amigo/term/GO:2001236\,PARK7  GSTP1  PRDX2  PPP1CA,9
0.108721780443145\,3\,107\,6.67153846153846\,GO:0002027 regulation of heart rate\,http://amigo.geneontology.org/amigo/term/GO:0002027\,CALM2  CALM3  CALM1,9
0.108721780443145\,2\,130\,12.8488888888889\,GO:0002526 acute inflammatory response\,http://amigo.geneontology.org/amigo/term/GO:0002526\,PARK7  GSTP1,9
0.108721780443145\,4\,210\,4.72\,GO:0008016 regulation of heart contraction\,http://amigo.geneontology.org/amigo/term/GO:0008016\,CALM2  CALM3  CALM1  HSP90AA1,9
0.108721780443145\,3\,45\,6.67153846153846\,GO:0008631 intrinsic apoptotic signaling pathway in response to oxidative stress\,http://amigo.geneontology.org/amigo/term/GO:0008631\,PARK7  ARL6IP5  SOD1,9
0.108721780443145\,2\,35\,12.8488888888889\,GO:0009651 response to salt stress\,http://amigo.geneontology.org/amigo/term/GO:0009651\,HSP90AA1  HSP90AB1,9
0.108721780443145\,2\,30\,12.8488888888889\,GO:0015813 L-glutamate transmembrane transport\,http://amigo.geneontology.org/amigo/term/GO:0015813\,ARL6IP5  ARL6IP1,9
0.108721780443145\,2\,43\,12.8488888888889\,GO:0042554 superoxide anion generation\,http://amigo.geneontology.org/amigo/term/GO:0042554\,SOD1  GSTP1,9
0.108721780443145\,24\,2069\,1.61734265734266\,GO:0043933 protein-containing complex organization\,http://amigo.geneontology.org/amigo/term/GO:0043933\,RPLP0  STMN2  STMN1  CLTA  MAP1B  POMP  CFL1  EIF3E  PARK7  SNRPB2  HSD17B10  HSP90AA1  HSP90AB1  SSBP1  PRMT1  H3-3B  H3-3A  CALM1  ARPC3  NDUFC2  ARPC2  NDUFB11  NDUFB8  PPP1CA,9
0.108721780443145\,2\,11\,12.8488888888889\,GO:0045050 protein insertion into ER membrane by stop-transfer membrane-anchor sequence\,http://amigo.geneontology.org/amigo/term/GO:0045050\,EMC4  EMC7,9
0.108721780443145\,3\,86\,6.67153846153846\,GO:0051279 regulation of release of sequestered calcium ion into cytosol\,http://amigo.geneontology.org/amigo/term/GO:0051279\,CALM2  CALM3  CALM1,9
0.108721780443145\,2\,34\,12.8488888888889\,GO:1903209 positive regulation of oxidative stress-induced cell death\,http://amigo.geneontology.org/amigo/term/GO:1903209\,PARK7  SOD1,9
0.108721780443145\,3\,83\,6.67153846153846\,GO:1904427 positive regulation of calcium ion transmembrane transport\,http://amigo.geneontology.org/amigo/term/GO:1904427\,CALM3  CALM2  CALM1,9
0.115732575086462\,4\,124\,4.6256\,GO:0018107 peptidyl-threonine phosphorylation\,http://amigo.geneontology.org/amigo/term/GO:0018107\,H3-3A  CALM2  CALM3  CALM1,9
0.118574762703789\,5\,262\,3.70641025641026\,GO:0031098 stress-activated protein kinase signaling cascade\,http://amigo.geneontology.org/amigo/term/GO:0031098\,GSTP1  HACD3  PRDX1  PRMT1  ARL6IP5,9
0.118574762703789\,3\,96\,6.42444444444444\,GO:0050848 regulation of calcium-mediated signaling\,http://amigo.geneontology.org/amigo/term/GO:0050848\,CALM2  CALM3  CALM1,9
0.120358362267501\,7\,528\,2.85028169014085\,GO:0033674 positive regulation of kinase activity\,http://amigo.geneontology.org/amigo/term/GO:0033674\,HSP90AB1  PARK7  HSP90AA1  RPLP1  CALM2  CALM3  CALM1,9
0.121802267435353\,4\,133\,4.53490196078431\,GO:0009408 response to heat\,http://amigo.geneontology.org/amigo/term/GO:0009408\,HSP90AA1  HSP90AB1  HIKESHI  SOD1,9
0.123724891277738\,7\,387\,2.83034965034965\,GO:0042326 negative regulation of phosphorylation\,http://amigo.geneontology.org/amigo/term/GO:0042326\,GSTP1  DYNLL1  UCHL1  PARK7  CALM2  CALM3  CALM1,9
0.125216787941268\,3\,49\,6.195\,GO:0007019 microtubule depolymerization\,http://amigo.geneontology.org/amigo/term/GO:0007019\,STMN2  STMN1  MAP1B,9
0.125216787941268\,3\,43\,6.195\,GO:0031111 negative regulation of microtubule polymerization or depolymerization\,http://amigo.geneontology.org/amigo/term/GO:0031111\,STMN2  STMN1  MAP1B,9
0.125216787941268\,3\,86\,6.195\,GO:0032410 negative regulation of transporter activity\,http://amigo.geneontology.org/amigo/term/GO:0032410\,CALM2  CALM1  CALM3,9
0.125216787941268\,3\,87\,6.195\,GO:0043154 negative regulation of cysteine-type endopeptidase activity involved in apoptotic process\,http://amigo.geneontology.org/amigo/term/GO:0043154\,ARL6IP1  PRDX5  PARK7,9
0.125216787941268\,2\,53\,11.564\,GO:0045429 positive regulation of nitric oxide biosynthetic process\,http://amigo.geneontology.org/amigo/term/GO:0045429\,HSP90AA1  HSP90AB1,9
0.125216787941268\,2\,51\,11.564\,GO:0060119 inner ear receptor cell development\,http://amigo.geneontology.org/amigo/term/GO:0060119\,SOD1  CTHRC1,9
0.125216787941268\,2\,48\,11.564\,GO:0089718 amino acid import across plasma membrane\,http://amigo.geneontology.org/amigo/term/GO:0089718\,ARL6IP5  ARL6IP1,9
0.125216787941268\,2\,32\,11.564\,GO:0090322 regulation of superoxide metabolic process\,http://amigo.geneontology.org/amigo/term/GO:0090322\,SOD1  GSTP1,9
0.125216787941268\,2\,22\,11.564\,GO:0099116 tRNA 5-prime-end processing\,http://amigo.geneontology.org/amigo/term/GO:0099116\,HSD17B10  SSB,9
0.125216787941268\,2\,55\,11.564\,GO:1904407 positive regulation of nitric oxide metabolic process\,http://amigo.geneontology.org/amigo/term/GO:1904407\,HSP90AA1  HSP90AB1,9
0.126575036973767\,26\,2402\,1.54821833161689\,GO:0044248 cellular catabolic process\,http://amigo.geneontology.org/amigo/term/GO:0044248\,PSMB1  PSMA4  PSME2  PSMA7  PSMD7  TPI1  SKP1  TMEM59  PRDX5  RMC1  UBC  PSMB3  HSD17B10  HSP90AB1  PARK7  PRDX1  CALM1  ECH1  UCHL1  PRDX2  PPP1CA  EIF3E  SSB  ATP6V0B  EEF1A1  HSP90AA1,9
0.129062074442356\,8\,622\,2.55558011049724\,GO:0051347 positive regulation of transferase activity\,http://amigo.geneontology.org/amigo/term/GO:0051347\,HSP90AB1  PARK7  HSP90AA1  SKP1  RPLP1  CALM2  CALM3  CALM1,9
0.131092944507702\,4\,220\,4.36377358490566\,GO:0072330 monocarboxylic acid biosynthetic process\,http://amigo.geneontology.org/amigo/term/GO:0072330\,HACD3  PARK7  HSD17B10  GSTP1,9
0.133420745998325\,3\,62\,5.98137931034483\,GO:0042306 regulation of protein import into nucleus\,http://amigo.geneontology.org/amigo/term/GO:0042306\,HSP90AA1  HSP90AB1  RAN,9
0.133420745998325\,3\,96\,5.98137931034483\,GO:2000117 negative regulation of cysteine-type endopeptidase activity\,http://amigo.geneontology.org/amigo/term/GO:2000117\,ARL6IP1  PRDX5  PARK7,9
0.136401157327613\,4\,133\,4.28296296296296\,GO:0018210 peptidyl-threonine modification\,http://amigo.geneontology.org/amigo/term/GO:0018210\,H3-3A  CALM2  CALM3  CALM1,9
0.136401157327613\,4\,176\,4.28296296296296\,GO:0034767 positive regulation of ion transmembrane transport\,http://amigo.geneontology.org/amigo/term/GO:0034767\,CALM3  CALM2  CALM1  ARL6IP1,9
0.136401157327613\,4\,176\,4.28296296296296\,GO:0043409 negative regulation of MAPK cascade\,http://amigo.geneontology.org/amigo/term/GO:0043409\,PEBP1  GSTP1  UCHL1  PRMT1,9
0.136401157327613\,4\,255\,4.28296296296296\,GO:0098657 import into cell\,http://amigo.geneontology.org/amigo/term/GO:0098657\,PARK7  ARL6IP5  ARL6IP1  ACTB,9
0.139281006021439\,1\,3\,57.82\,GO:0002419 T cell mediated cytotoxicity directed against tumor cell target\,http://amigo.geneontology.org/amigo/term/GO:0002419\, HLA-A,9
0.139281006021439\,1\,4\,57.82\,GO:0002484 antigen processing and presentation of endogenous peptide antigen via MHC class I via ER pathway\,http://amigo.geneontology.org/amigo/term/GO:0002484\, HLA-A,9
0.139281006021439\,1\,3\,57.82\,GO:0002486 antigen processing and presentation of endogenous peptide antigen via MHC class I via ER pathway TAP-independent\,http://amigo.geneontology.org/amigo/term/GO:0002486\, HLA-A,9
0.139281006021439\,1\,39\,57.82\,GO:0002675 positive regulation of acute inflammatory response\,http://amigo.geneontology.org/amigo/term/GO:0002675\,PARK7,9
0.139281006021439\,1\,14\,57.82\,GO:0002866 positive regulation of acute inflammatory response to antigenic stimulus\,http://amigo.geneontology.org/amigo/term/GO:0002866\,PARK7,9
0.139281006021439\,6\,440\,3.01669565217391\,GO:0003012 muscle system process\,http://amigo.geneontology.org/amigo/term/GO:0003012\,CALM2  CALM3  CALM1  HSP90AA1  SOD1  MYL6,9
0.139281006021439\,1\,5\,57.82\,GO:0006599 phosphagen metabolic process\,http://amigo.geneontology.org/amigo/term/GO:0006599\, CKB,9
0.139281006021439\,1\,5\,57.82\,GO:0006603 phosphocreatine metabolic process\,http://amigo.geneontology.org/amigo/term/GO:0006603\, CKB,9
0.139281006021439\,1\,3\,57.82\,GO:0009441 glycolate metabolic process\,http://amigo.geneontology.org/amigo/term/GO:0009441\,PARK7,9
0.139281006021439\,3\,115\,5.782\,GO:0010522 regulation of calcium ion transport into cytosol\,http://amigo.geneontology.org/amigo/term/GO:0010522\,CALM2  CALM3  CALM1,9
0.139281006021439\,4\,275\,4.05754385964912\,GO:0010951 negative regulation of endopeptidase activity\,http://amigo.geneontology.org/amigo/term/GO:0010951\,ARL6IP1  PEBP1  PRDX5  PARK7,9
0.139281006021439\,1\,18\,57.82\,GO:0016045 detection of bacterium\,http://amigo.geneontology.org/amigo/term/GO:0016045\, HLA-A,9
0.139281006021439\,1\,7\,57.82\,GO:0017085 response to insecticide\,http://amigo.geneontology.org/amigo/term/GO:0017085\,MAP1B,9
0.139281006021439\,2\,35\,9.63666666666667\,GO:0018195 peptidyl-arginine modification\,http://amigo.geneontology.org/amigo/term/GO:0018195\,PRMT1  PARK7,9
0.139281006021439\,1\,3\,57.82\,GO:0019249 lactate biosynthetic process\,http://amigo.geneontology.org/amigo/term/GO:0019249\,PARK7,9
0.139281006021439\,1\,7\,57.82\,GO:0019563 glycerol catabolic process\,http://amigo.geneontology.org/amigo/term/GO:0019563\,TPI1,9
0.139281006021439\,2\,14\,10.5127272727273\,GO:0031115 negative regulation of microtubule polymerization\,http://amigo.geneontology.org/amigo/term/GO:0031115\,STMN2  STMN1,9
0.139281006021439\,2\,28\,9.63666666666667\,GO:0034471 ncRNA 5-prime-end processing\,http://amigo.geneontology.org/amigo/term/GO:0034471\,HSD17B10  SSB,9
0.139281006021439\,6\,315\,2.891\,GO:0034599 cellular response to oxidative stress\,http://amigo.geneontology.org/amigo/term/GO:0034599\,PRDX1  PRDX5  SOD1  PRDX2  PARK7  ARL6IP5,9
0.139281006021439\,1\,11\,57.82\,GO:0036363 transforming growth factor beta activation\,http://amigo.geneontology.org/amigo/term/GO:0036363\,HSP90AB1,9
0.139281006021439\,1\,19\,57.82\,GO:0042270 protection from natural killer cell mediated cytotoxicity\,http://amigo.geneontology.org/amigo/term/GO:0042270\, HLA-A,9
0.139281006021439\,13\,1318\,1.93726804123711\,GO:0042325 regulation of phosphorylation\,http://amigo.geneontology.org/amigo/term/GO:0042325\,HSP90AB1  PARK7  HSP90AA1  GSTP1  DYNLL1  SOD1  UCHL1  EEF1A1  RPLP1  ACTB  CALM2  CALM3  CALM1,9
0.139281006021439\,1\,5\,57.82\,GO:0042396 phosphagen biosynthetic process\,http://amigo.geneontology.org/amigo/term/GO:0042396\, CKB,9
0.139281006021439\,2\,45\,9.63666666666667\,GO:0042398 cellular modified amino acid biosynthetic process\,http://amigo.geneontology.org/amigo/term/GO:0042398\,CKB  PARK7,9
0.139281006021439\,1\,16\,57.82\,GO:0042590 antigen processing and presentation of exogenous peptide antigen via MHC class I\,http://amigo.geneontology.org/amigo/term/GO:0042590\, HLA-A,9
0.139281006021439\,1\,4\,57.82\,GO:0043932 ossification involved in bone remodeling\,http://amigo.geneontology.org/amigo/term/GO:0043932\,CTHRC1,9
0.139281006021439\,16\,1718\,1.79286821705426\,GO:0044093 positive regulation of molecular function\,http://amigo.geneontology.org/amigo/term/GO:0044093\,PSME2  SSBP1  CALM3  HSP90AB1  PARK7  HSP90AA1  SKP1  RAN  SOD1  CALM2  CALM1  RPLP1  CTHRC1  STMN1  ARL6IP5  EIF3E,9
0.139281006021439\,1\,5\,57.82\,GO:0045541 negative regulation of cholesterol biosynthetic process\,http://amigo.geneontology.org/amigo/term/GO:0045541\,SOD1,9
0.139281006021439\,2\,47\,9.63666666666667\,GO:0046189 phenol-containing compound biosynthetic process\,http://amigo.geneontology.org/amigo/term/GO:0046189\,PARK7  PMEL,9
0.139281006021439\,1\,5\,57.82\,GO:0046314 phosphocreatine biosynthetic process\,http://amigo.geneontology.org/amigo/term/GO:0046314\, CKB,9
0.139281006021439\,11\,1241\,2.09907590759076\,GO:0048878 chemical homeostasis\,http://amigo.geneontology.org/amigo/term/GO:0048878\,CALM2  CALM3  ATP6V0B  CALM1  PARK7  SOD1  CKB  ATOX1  HACD3  STMN1  GSTP1,9
0.139281006021439\,4\,128\,4.20509090909091\,GO:0051101 regulation of DNA binding\,http://amigo.geneontology.org/amigo/term/GO:0051101\,CALM2  CALM3  CALM1  PARK7,9
0.139281006021439\,1\,10\,57.82\,GO:0051121 hepoxilin metabolic process\,http://amigo.geneontology.org/amigo/term/GO:0051121\,GSTP1,9
0.139281006021439\,1\,10\,57.82\,GO:0051122 hepoxilin biosynthetic process\,http://amigo.geneontology.org/amigo/term/GO:0051122\,GSTP1,9
0.139281006021439\,2\,56\,10.5127272727273\,GO:0051349 positive regulation of lyase activity\,http://amigo.geneontology.org/amigo/term/GO:0051349\,PARK7  CALM3,9
0.139281006021439\,5\,236\,3.40117647058824\,GO:0051651 maintenance of location in cell\,http://amigo.geneontology.org/amigo/term/GO:0051651\,CALM2  CALM3  CALM1  PARK7  SKP1,9
0.139281006021439\,3\,122\,5.59548387096774\,GO:0051897 positive regulation of protein kinase B signaling\,http://amigo.geneontology.org/amigo/term/GO:0051897\,PARK7  HSP90AA1  HSP90AB1,9
0.139281006021439\,6\,480\,2.96512820512821\,GO:0052548 regulation of endopeptidase activity\,http://amigo.geneontology.org/amigo/term/GO:0052548\,PSME2  ARL6IP1  PEBP1  PRDX5  PARK7  ARL6IP5,9
0.139281006021439\,3\,100\,5.59548387096774\,GO:0061337 cardiac conduction\,http://amigo.geneontology.org/amigo/term/GO:0061337\,CALM2  CALM3  CALM1,9
0.139281006021439\,2\,16\,10.5127272727273\,GO:0061684 chaperone-mediated autophagy\,http://amigo.geneontology.org/amigo/term/GO:0061684\,EEF1A1  HSP90AA1,9
0.139281006021439\,21\,1859\,1.61037135278515\,GO:0065003 protein-containing complex assembly\,http://amigo.geneontology.org/amigo/term/GO:0065003\,RPLP0  CLTA  POMP  EIF3E  PARK7  SNRPB2  HSD17B10  HSP90AA1  HSP90AB1  STMN2  SSBP1  PRMT1  H3-3B  H3-3A  ARPC3  STMN1  MAP1B  NDUFC2  ARPC2  NDUFB11  NDUFB8,9
0.139281006021439\,2\,36\,9.63666666666667\,GO:0070670 response to interleukin-4\,http://amigo.geneontology.org/amigo/term/GO:0070670\,RPLP0  HSP90AB1,9
0.139281006021439\,2\,33\,9.63666666666667\,GO:0071353 cellular response to interleukin-4\,http://amigo.geneontology.org/amigo/term/GO:0071353\,RPLP0  HSP90AB1,9
0.139281006021439\,1\,6\,57.82\,GO:0071638 negative regulation of monocyte chemotactic protein-1 production\,http://amigo.geneontology.org/amigo/term/GO:0071638\,GSTP1,9
0.139281006021439\,1\,5\,57.82\,GO:0090206 negative regulation of cholesterol metabolic process\,http://amigo.geneontology.org/amigo/term/GO:0090206\,SOD1,9
0.139281006021439\,1\,21\,57.82\,GO:0098543 detection of other organism\,http://amigo.geneontology.org/amigo/term/GO:0098543\, HLA-A,9
0.139281006021439\,1\,30\,57.82\,GO:0098581 detection of external biotic stimulus\,http://amigo.geneontology.org/amigo/term/GO:0098581\, HLA-A,9
0.139281006021439\,1\,5\,57.82\,GO:0106119 negative regulation of sterol biosynthetic process\,http://amigo.geneontology.org/amigo/term/GO:0106119\,SOD1,9
0.139281006021439\,1\,8\,57.82\,GO:1901388 regulation of transforming growth factor beta activation\,http://amigo.geneontology.org/amigo/term/GO:1901388\,HSP90AB1,9
0.139281006021439\,1\,11\,57.82\,GO:1901668 regulation of superoxide dismutase activity\,http://amigo.geneontology.org/amigo/term/GO:1901668\,PARK7,9
0.139281006021439\,1\,10\,57.82\,GO:1901671 positive regulation of superoxide dismutase activity\,http://amigo.geneontology.org/amigo/term/GO:1901671\,PARK7,9
0.139281006021439\,1\,13\,57.82\,GO:1902931 negative regulation of alcohol biosynthetic process\,http://amigo.geneontology.org/amigo/term/GO:1902931\,SOD1,9
0.139281006021439\,1\,4\,57.82\,GO:1903121 regulation of TRAIL-activated apoptotic signaling pathway\,http://amigo.geneontology.org/amigo/term/GO:1903121\,PARK7,9
0.139281006021439\,4\,264\,4.13\,GO:1903522 regulation of blood circulation\,http://amigo.geneontology.org/amigo/term/GO:1903522\,CALM2  CALM3  CALM1  HSP90AA1,9
0.139281006021439\,1\,3\,57.82\,GO:1903660 negative regulation of complement-dependent cytotoxicity\,http://amigo.geneontology.org/amigo/term/GO:1903660\,HSP90AB1,9
0.139281006021439\,3\,93\,5.782\,GO:1904063 negative regulation of cation transmembrane transport\,http://amigo.geneontology.org/amigo/term/GO:1904063\,CALM2  CALM1  CALM3,9
0.139281006021439\,1\,8\,57.82\,GO:1904587 response to glycoprotein\,http://amigo.geneontology.org/amigo/term/GO:1904587\,RPLP0,9
0.139281006021439\,3\,67\,5.420625\,GO:1904589 regulation of protein import\,http://amigo.geneontology.org/amigo/term/GO:1904589\,HSP90AA1  HSP90AB1  RAN,9
0.139281006021439\,1\,10\,57.82\,GO:2000566 positive regulation of CD8-positive alpha-beta T cell proliferation\,http://amigo.geneontology.org/amigo/term/GO:2000566\, HLA-A,9
0.139281006021439\,3\,79\,5.59548387096774\,GO:2000573 positive regulation of DNA biosynthetic process\,http://amigo.geneontology.org/amigo/term/GO:2000573\,HSP90AA1  HSP90AB1  HNRNPA1,9
0.139281006021439\,3\,112\,5.420625\,GO:2001237 negative regulation of extrinsic apoptotic signaling pathway\,http://amigo.geneontology.org/amigo/term/GO:2001237\,PARK7  GSTP1  PRDX2,9
0.140699322536657\,5\,283\,3.28522727272727\,GO:0022898 regulation of transmembrane transporter activity\,http://amigo.geneontology.org/amigo/term/GO:0022898\,CALM2  CALM3  CALM1  PARK7  ACTB,9
0.145671447786405\,4\,284\,3.92\,GO:0010466 negative regulation of peptidase activity\,http://amigo.geneontology.org/amigo/term/GO:0010466\,PARK7  ARL6IP1  PEBP1  PRDX5,9
0.145671447786405\,8\,438\,2.38432989690722\,GO:0043254 regulation of protein-containing complex assembly\,http://amigo.geneontology.org/amigo/term/GO:0043254\,PARK7  HSP90AA1  STMN2  ARPC3  STMN1  MAP1B  H3-3A  ARPC2,9
0.145671447786405\,4\,113\,3.92\,GO:0046822 regulation of nucleocytoplasmic transport\,http://amigo.geneontology.org/amigo/term/GO:0046822\,HSP90AA1  HSP90AB1  PARK7  RAN,9
0.145671447786405\,5\,180\,3.24831460674157\,GO:0051170 import into nucleus\,http://amigo.geneontology.org/amigo/term/GO:0051170\,RAN  HIKESHI  HNRNPA1  HSP90AA1  HSP90AB1,9
0.146327580661229\,3\,64\,5.25636363636364\,GO:0046824 positive regulation of nucleocytoplasmic transport\,http://amigo.geneontology.org/amigo/term/GO:0046824\,HSP90AA1  HSP90AB1  RAN,9
0.146327580661229\,3\,133\,5.25636363636364\,GO:0051209 release of sequestered calcium ion into cytosol\,http://amigo.geneontology.org/amigo/term/GO:0051209\,CALM2  CALM3  CALM1,9
0.146327580661229\,3\,97\,5.25636363636364\,GO:1901019 regulation of calcium ion transmembrane transporter activity\,http://amigo.geneontology.org/amigo/term/GO:1901019\,CALM2  CALM3  CALM1,9
0.151599920519754\,4\,203\,3.85466666666667\,GO:0032872 regulation of stress-activated MAPK cascade\,http://amigo.geneontology.org/amigo/term/GO:0032872\,GSTP1  PRDX1  PRMT1  ARL6IP5,9
0.151599920519754\,4\,125\,3.85466666666667\,GO:0051261 protein depolymerization\,http://amigo.geneontology.org/amigo/term/GO:0051261\,STMN2  STMN1  MAP1B  CFL1,9
0.152963419852867\,2\,30\,8.89538461538461\,GO:0000966 RNA 5-prime-end processing\,http://amigo.geneontology.org/amigo/term/GO:0000966\,HSD17B10  SSB,9
0.152963419852867\,2\,79\,8.89538461538461\,GO:0042490 mechanoreceptor differentiation\,http://amigo.geneontology.org/amigo/term/GO:0042490\,SOD1  CTHRC1,9
0.152963419852867\,2\,58\,8.89538461538461\,GO:0043090 amino acid import\,http://amigo.geneontology.org/amigo/term/GO:0043090\,ARL6IP5  ARL6IP1,9
0.152963419852867\,2\,40\,8.89538461538461\,GO:0046329 negative regulation of JNK cascade\,http://amigo.geneontology.org/amigo/term/GO:0046329\,GSTP1  PRMT1,9
0.152963419852867\,3\,134\,5.10176470588235\,GO:0051283 negative regulation of sequestering of calcium ion\,http://amigo.geneontology.org/amigo/term/GO:0051283\,CALM2  CALM3  CALM1,9
0.152963419852867\,3\,143\,5.10176470588235\,GO:0051928 positive regulation of calcium ion transport\,http://amigo.geneontology.org/amigo/term/GO:0051928\,CALM3  CALM2  CALM1,9
0.152963419852867\,2\,68\,8.89538461538461\,GO:0060113 inner ear receptor cell differentiation\,http://amigo.geneontology.org/amigo/term/GO:0060113\,SOD1  CTHRC1,9
0.152963419852867\,2\,79\,8.89538461538461\,GO:0070527 platelet aggregation\,http://amigo.geneontology.org/amigo/term/GO:0070527\,ACTB  CLIC1,9
0.152963419852867\,2\,42\,8.89538461538461\,GO:1901385 regulation of voltage-gated calcium channel activity\,http://amigo.geneontology.org/amigo/term/GO:1901385\,CALM3  CALM1,9
0.152963419852867\,2\,45\,8.89538461538461\,GO:1903426 regulation of reactive oxygen species biosynthetic process\,http://amigo.geneontology.org/amigo/term/GO:1903426\,PARK7  NDUFC2,9
0.15484949593608\,4\,157\,3.79147540983607\,GO:0035303 regulation of dephosphorylation\,http://amigo.geneontology.org/amigo/term/GO:0035303\,HSP90AB1  CALM2  CALM3  CALM1,9
0.159517515892343\,6\,342\,2.75333333333333\,GO:0001933 negative regulation of protein phosphorylation\,http://amigo.geneontology.org/amigo/term/GO:0001933\,GSTP1  UCHL1  PARK7  CALM2  CALM3  CALM1,9
0.159517515892343\,7\,717\,2.4983950617284\,GO:0006873 cellular ion homeostasis\,http://amigo.geneontology.org/amigo/term/GO:0006873\,CALM2  CALM3  ATP6V0B  CALM1  SOD1  CKB  ATOX1,9
0.159517515892343\,14\,1478\,1.80285077951002\,GO:0019220 regulation of phosphate metabolic process\,http://amigo.geneontology.org/amigo/term/GO:0019220\,HSP90AB1  PARK7  HSP90AA1  GSTP1  DYNLL1  SOD1  CALM2  UCHL1  EEF1A1  CALM3  CALM1  RPLP1  NDUFC2  ACTB,9
0.159517515892343\,11\,973\,1.9875625\,GO:0051050 positive regulation of transport\,http://amigo.geneontology.org/amigo/term/GO:0051050\,CALM3  CALM2  CALM1  HSP90AA1  HSP90AB1  PARK7  SOD1  ARL6IP1  RAN  CD63  ACTB,9
0.160227414756369\,3\,246\,4.956\,GO:0007596 blood coagulation\,http://amigo.geneontology.org/amigo/term/GO:0007596\,ACTB  CLIC1  PRDX2,9
0.160227414756369\,3\,116\,4.956\,GO:0033138 positive regulation of peptidyl-serine phosphorylation\,http://amigo.geneontology.org/amigo/term/GO:0033138\,HSP90AA1  HSP90AB1  PARK7,9
0.160227414756369\,4\,403\,3.73032258064516\,GO:0050727 regulation of inflammatory response\,http://amigo.geneontology.org/amigo/term/GO:0050727\,PARK7  SOD1  NDUFC2  GSTP1,9
0.160227414756369\,14\,1479\,1.79884444444444\,GO:0051174 regulation of phosphorus metabolic process\,http://amigo.geneontology.org/amigo/term/GO:0051174\,HSP90AB1  PARK7  HSP90AA1  GSTP1  DYNLL1  SOD1  CALM2  UCHL1  EEF1A1  CALM3  CALM1  RPLP1  NDUFC2  ACTB,9
0.160227414756369\,4\,206\,3.73032258064516\,GO:0070302 regulation of stress-activated protein kinase signaling cascade\,http://amigo.geneontology.org/amigo/term/GO:0070302\,GSTP1  PRDX1  PRMT1  ARL6IP5,9
0.160428103874596\,6\,892\,2.73165354330709\,GO:0006954 inflammatory response\,http://amigo.geneontology.org/amigo/term/GO:0006954\,PARK7  SOD1  NDUFC2  PRDX2  GSTP1  PRDX5,9
0.160428103874596\,6\,509\,2.73165354330709\,GO:0052547 regulation of peptidase activity\,http://amigo.geneontology.org/amigo/term/GO:0052547\,PSME2  PARK7  ARL6IP1  PEBP1  PRDX5  ARL6IP5,9
0.165010014004922\,5\,300\,3.07553191489362\,GO:0032409 regulation of transporter activity\,http://amigo.geneontology.org/amigo/term/GO:0032409\,CALM2  CALM3  CALM1  PARK7  ACTB,9
0.166439660676323\,2\,35\,8.26\,GO:0006336 DNA replication-independent chromatin assembly\,http://amigo.geneontology.org/amigo/term/GO:0006336\,H3-3B  H3-3A,9
0.166439660676323\,2\,24\,8.26\,GO:0018279 protein N-linked glycosylation via asparagine\,http://amigo.geneontology.org/amigo/term/GO:0018279\,OST4  DAD1,9
0.166439660676323\,3\,81\,4.81833333333333\,GO:0034605 cellular response to heat\,http://amigo.geneontology.org/amigo/term/GO:0034605\,HSP90AA1  HSP90AB1  HIKESHI,9
0.166439660676323\,2\,45\,8.26\,GO:0046688 response to copper ion\,http://amigo.geneontology.org/amigo/term/GO:0046688\,PARK7  SOD1,9
0.166439660676323\,3\,251\,4.81833333333333\,GO:0050817 coagulation\,http://amigo.geneontology.org/amigo/term/GO:0050817\,ACTB  CLIC1  PRDX2,9
0.166439660676323\,3\,136\,4.81833333333333\,GO:0051282 regulation of sequestering of calcium ion\,http://amigo.geneontology.org/amigo/term/GO:0051282\,CALM2  CALM3  CALM1,9
0.166439660676323\,2\,44\,8.26\,GO:0051955 regulation of amino acid transport\,http://amigo.geneontology.org/amigo/term/GO:0051955\,ARL6IP5  ARL6IP1,9
0.166439660676323\,2\,25\,8.26\,GO:0071816 tail-anchored membrane protein insertion into ER membrane\,http://amigo.geneontology.org/amigo/term/GO:0071816\,EMC4  EMC7,9
0.166439660676323\,6\,590\,2.6893023255814\,GO:1901615 organic hydroxy compound metabolic process\,http://amigo.geneontology.org/amigo/term/GO:1901615\,TPI1  PARK7  HSD17B10  SOD1  DHRS7  PMEL,9
0.166439660676323\,2\,60\,8.26\,GO:2001239 regulation of extrinsic apoptotic signaling pathway in absence of ligand\,http://amigo.geneontology.org/amigo/term/GO:2001239\,PRDX2  PPP1CA,9
0.169604148442339\,4\,147\,3.61375\,GO:1900180 regulation of protein localization to nucleus\,http://amigo.geneontology.org/amigo/term/GO:1900180\,PARK7  HSP90AA1  HSP90AB1  RAN,9
0.174339397546271\,7\,456\,2.42359281437126\,GO:0045936 negative regulation of phosphate metabolic process\,http://amigo.geneontology.org/amigo/term/GO:0045936\,GSTP1  DYNLL1  UCHL1  PARK7  CALM2  CALM3  CALM1,9
0.175921781812956\,3\,252\,4.68810810810811\,GO:0007599 hemostasis\,http://amigo.geneontology.org/amigo/term/GO:0007599\,ACTB  CLIC1  PRDX2,9
0.175921781812956\,3\,65\,4.68810810810811\,GO:0031113 regulation of microtubule polymerization\,http://amigo.geneontology.org/amigo/term/GO:0031113\,STMN2  STMN1  MAP1B,9
0.175921781812956\,3\,99\,4.68810810810811\,GO:0032465 regulation of cytokinesis\,http://amigo.geneontology.org/amigo/term/GO:0032465\,CALM2  CALM3  CALM1,9
0.175921781812956\,4\,236\,3.55815384615385\,GO:0071902 positive regulation of protein serine/threonine kinase activity\,http://amigo.geneontology.org/amigo/term/GO:0071902\,HSP90AB1  CALM2  CALM3  CALM1,9
0.176383784488082\,5\,527\,2.98041237113402\,GO:0008015 blood circulation\,http://amigo.geneontology.org/amigo/term/GO:0008015\,CALM2  CALM3  CALM1  SOD1  HSP90AA1,9
0.176383784488082\,7\,457\,2.40916666666667\,GO:0010563 negative regulation of phosphorus metabolic process\,http://amigo.geneontology.org/amigo/term/GO:0010563\,GSTP1  DYNLL1  UCHL1  PARK7  CALM2  CALM3  CALM1,9
0.176383784488082\,5\,199\,2.98041237113402\,GO:0032200 telomere organization\,http://amigo.geneontology.org/amigo/term/GO:0032200\,HSP90AA1  HSP90AB1  HNRNPA1  H3-3A  H3-3B,9
0.179702628497311\,2\,25\,7.70933333333333\,GO:0018196 peptidyl-asparagine modification\,http://amigo.geneontology.org/amigo/term/GO:0018196\,OST4  DAD1,9
0.179702628497311\,2\,119\,7.70933333333333\,GO:0034308 primary alcohol metabolic process\,http://amigo.geneontology.org/amigo/term/GO:0034308\,PARK7  DHRS7,9
0.179702628497311\,2\,36\,7.70933333333333\,GO:0034724 DNA replication-independent chromatin organization\,http://amigo.geneontology.org/amigo/term/GO:0034724\,H3-3B  H3-3A,9
0.179702628497311\,12\,1280\,1.86016085790885\,GO:0043085 positive regulation of catalytic activity\,http://amigo.geneontology.org/amigo/term/GO:0043085\,PSME2  SSBP1  HSP90AB1  PARK7  HSP90AA1  SKP1  SOD1  CALM2  CALM3  CALM1  RPLP1  ARL6IP5,9
0.179702628497311\,2\,31\,7.70933333333333\,GO:0051131 chaperone-mediated protein complex assembly\,http://amigo.geneontology.org/amigo/term/GO:0051131\,HSP90AA1  HSP90AB1,9
0.179702628497311\,7\,522\,2.39491124260355\,GO:0090066 regulation of anatomical structure size\,http://amigo.geneontology.org/amigo/term/GO:0090066\,HSP90AA1  HSP90AB1  ARPC3  MAP1B  SOD1  ARPC2  PPP1CA,9
0.179702628497311\,2\,32\,7.70933333333333\,GO:0098901 regulation of cardiac muscle cell action potential\,http://amigo.geneontology.org/amigo/term/GO:0098901\,CALM3  CALM1,9
0.179702628497311\,2\,76\,7.70933333333333\,GO:2000242 negative regulation of reproductive process\,http://amigo.geneontology.org/amigo/term/GO:2000242\,PRDX4  SOD1,9
0.180781864196117\,6\,312\,2.60842105263158\,GO:0051258 protein polymerization\,http://amigo.geneontology.org/amigo/term/GO:0051258\,HSP90AA1  STMN2  ARPC3  STMN1  MAP1B  ARPC2,9
0.181611888455898\,11\,1165\,1.89291666666667\,GO:0001932 regulation of protein phosphorylation\,http://amigo.geneontology.org/amigo/term/GO:0001932\,HSP90AB1  PARK7  HSP90AA1  GSTP1  SOD1  UCHL1  RPLP1  ACTB  CALM2  CALM3  CALM1,9
0.181611888455898\,1\,12\,28.91\,GO:0002357 defense response to tumor cell\,http://amigo.geneontology.org/amigo/term/GO:0002357\,PRDX2,9
0.181611888455898\,1\,33\,28.91\,GO:0002438 acute inflammatory response to antigenic stimulus\,http://amigo.geneontology.org/amigo/term/GO:0002438\,PARK7,9
0.181611888455898\,1\,62\,28.91\,GO:0002483 antigen processing and presentation of endogenous peptide antigen\,http://amigo.geneontology.org/amigo/term/GO:0002483\, HLA-A,9
0.181611888455898\,1\,21\,28.91\,GO:0002864 regulation of acute inflammatory response to antigenic stimulus\,http://amigo.geneontology.org/amigo/term/GO:0002864\,PARK7,9
0.181611888455898\,1\,6\,28.91\,GO:0005981 regulation of glycogen catabolic process\,http://amigo.geneontology.org/amigo/term/GO:0005981\,PPP1CA,9
0.181611888455898\,1\,21\,28.91\,GO:0006071 glycerol metabolic process\,http://amigo.geneontology.org/amigo/term/GO:0006071\,TPI1,9
0.181611888455898\,1\,15\,28.91\,GO:0006264 mitochondrial DNA replication\,http://amigo.geneontology.org/amigo/term/GO:0006264\,SSBP1,9
0.181611888455898\,1\,3\,28.91\,GO:0006409 tRNA export from nucleus\,http://amigo.geneontology.org/amigo/term/GO:0006409\, SSB,9
0.181611888455898\,1\,3\,28.91\,GO:0007412 axon target recognition\,http://amigo.geneontology.org/amigo/term/GO:0007412\,UCHL1,9
0.181611888455898\,1\,6\,28.91\,GO:0009052 pentose-phosphate shunt non-oxidative branch\,http://amigo.geneontology.org/amigo/term/GO:0009052\,TALDO1,9
0.181611888455898\,1\,4\,28.91\,GO:0009073 aromatic amino acid family biosynthetic process\,http://amigo.geneontology.org/amigo/term/GO:0009073\,PARK7,9
0.181611888455898\,5\,404\,2.8343137254902\,GO:0009100 glycoprotein metabolic process\,http://amigo.geneontology.org/amigo/term/GO:0009100\,DAD1  ITM2B  OST4  TMEM59  PARK7,9
0.181611888455898\,4\,208\,3.40117647058824\,GO:0009266 response to temperature stimulus\,http://amigo.geneontology.org/amigo/term/GO:0009266\,HSP90AA1  HSP90AB1  HIKESHI  SOD1,9
0.181611888455898\,10\,585\,1.95337837837838\,GO:0010498 proteasomal protein catabolic process\,http://amigo.geneontology.org/amigo/term/GO:0010498\,PSMB1  PSMA4  PSME2  PSMA7  PSMD7  SKP1  PSMB3  HSP90AB1  PARK7  UCHL1,9
0.181611888455898\,2\,31\,6.80235294117647\,GO:0010592 positive regulation of lamellipodium assembly\,http://amigo.geneontology.org/amigo/term/GO:0010592\,HSP90AA1  ARPC2,9
0.181611888455898\,1\,3\,28.91\,GO:0016480 negative regulation of transcription by RNA polymerase III\,http://amigo.geneontology.org/amigo/term/GO:0016480\,PRDX5,9
0.181611888455898\,1\,8\,28.91\,GO:0019405 alditol catabolic process\,http://amigo.geneontology.org/amigo/term/GO:0019405\,TPI1,9
0.181611888455898\,1\,31\,28.91\,GO:0019885 antigen processing and presentation of endogenous peptide antigen via MHC class I\,http://amigo.geneontology.org/amigo/term/GO:0019885\, HLA-A,9
0.181611888455898\,2\,36\,6.80235294117647\,GO:0021955 central nervous system neuron axonogenesis\,http://amigo.geneontology.org/amigo/term/GO:0021955\,HSP90AA1  HSP90AB1,9
0.181611888455898\,2\,165\,6.80235294117647\,GO:0031341 regulation of cell killing\,http://amigo.geneontology.org/amigo/term/GO:0031341\,HLA-A  HSP90AB1,9
0.181611888455898\,6\,731\,2.4958273381295\,GO:0031347 regulation of defense response\,http://amigo.geneontology.org/amigo/term/GO:0031347\,HSP90AA1  HLA-A  PARK7  SOD1  NDUFC2  GSTP1,9
0.181611888455898\,3\,96\,4.23073170731707\,GO:0032091 negative regulation of protein binding\,http://amigo.geneontology.org/amigo/term/GO:0032091\,PARK7  ACTB  PPP1CA,9
0.181611888455898\,3\,94\,4.44769230769231\,GO:0032092 positive regulation of protein binding\,http://amigo.geneontology.org/amigo/term/GO:0032092\,RAN  HSP90AB1  CTHRC1,9
0.181611888455898\,3\,117\,4.3365\,GO:0032414 positive regulation of ion transmembrane transporter activity\,http://amigo.geneontology.org/amigo/term/GO:0032414\,CALM3  CALM2  CALM1,9
0.181611888455898\,2\,62\,7.2275\,GO:0032768 regulation of monooxygenase activity\,http://amigo.geneontology.org/amigo/term/GO:0032768\,PARK7  CALM3,9
0.181611888455898\,6\,264\,2.56977777777778\,GO:0032984 protein-containing complex disassembly\,http://amigo.geneontology.org/amigo/term/GO:0032984\,STMN2  STMN1  MAP1B  CFL1  CALM1  PPP1CA,9
0.181611888455898\,1\,9\,28.91\,GO:0033240 positive regulation of cellular amine metabolic process\,http://amigo.geneontology.org/amigo/term/GO:0033240\,PARK7,9
0.181611888455898\,1\,4\,28.91\,GO:0033366 protein localization to secretory granule\,http://amigo.geneontology.org/amigo/term/GO:0033366\,SCG3,9
0.181611888455898\,1\,3\,28.91\,GO:0033484 nitric oxide homeostasis\,http://amigo.geneontology.org/amigo/term/GO:0033484\,GSTP1,9
0.181611888455898\,1\,32\,28.91\,GO:0033561 regulation of water loss via skin\,http://amigo.geneontology.org/amigo/term/GO:0033561\,STMN1,9
0.181611888455898\,1\,14\,28.91\,GO:0034309 primary alcohol biosynthetic process\,http://amigo.geneontology.org/amigo/term/GO:0034309\,PARK7,9
0.181611888455898\,1\,4\,28.91\,GO:0034465 response to carbon monoxide\,http://amigo.geneontology.org/amigo/term/GO:0034465\,SOD1,9
0.181611888455898\,2\,162\,6.80235294117647\,GO:0034754 cellular hormone metabolic process\,http://amigo.geneontology.org/amigo/term/GO:0034754\,HSD17B10  DHRS7,9
0.181611888455898\,1\,4\,28.91\,GO:0035709 memory T cell activation\,http://amigo.geneontology.org/amigo/term/GO:0035709\, HLA-A,9
0.181611888455898\,1\,14\,28.91\,GO:0035740 CD8-positive alpha-beta T cell proliferation\,http://amigo.geneontology.org/amigo/term/GO:0035740\, HLA-A,9
0.181611888455898\,1\,11\,28.91\,GO:0036462 TRAIL-activated apoptotic signaling pathway\,http://amigo.geneontology.org/amigo/term/GO:0036462\,PARK7,9
0.181611888455898\,2\,49\,6.80235294117647\,GO:0042220 response to cocaine\,http://amigo.geneontology.org/amigo/term/GO:0042220\,HSP90AA1  HSP90AB1,9
0.181611888455898\,4\,224\,3.304\,GO:0043281 regulation of cysteine-type endopeptidase activity involved in apoptotic process\,http://amigo.geneontology.org/amigo/term/GO:0043281\,ARL6IP1  PRDX5  PARK7  ARL6IP5,9
0.181611888455898\,1\,3\,28.91\,GO:0043335 protein unfolding\,http://amigo.geneontology.org/amigo/term/GO:0043335\,HSP90AA1,9
0.181611888455898\,2\,59\,7.2275\,GO:0043407 negative regulation of MAP kinase activity\,http://amigo.geneontology.org/amigo/term/GO:0043407\,GSTP1  UCHL1,9
0.181611888455898\,1\,3\,28.91\,GO:0043987 histone H3-S10 phosphorylation\,http://amigo.geneontology.org/amigo/term/GO:0043987\,H3-3A,9
0.181611888455898\,2\,49\,6.80235294117647\,GO:0044275 cellular carbohydrate catabolic process\,http://amigo.geneontology.org/amigo/term/GO:0044275\,TPI1  PPP1CA,9
0.181611888455898\,1\,10\,28.91\,GO:0044557 relaxation of smooth muscle\,http://amigo.geneontology.org/amigo/term/GO:0044557\,SOD1,9
0.181611888455898\,2\,32\,6.80235294117647\,GO:0045048 protein insertion into ER membrane\,http://amigo.geneontology.org/amigo/term/GO:0045048\,EMC4  EMC7,9
0.181611888455898\,2\,69\,7.2275\,GO:0045428 regulation of nitric oxide biosynthetic process\,http://amigo.geneontology.org/amigo/term/GO:0045428\,HSP90AA1  HSP90AB1,9
0.181611888455898\,5\,388\,2.92020202020202\,GO:0045861 negative regulation of proteolysis\,http://amigo.geneontology.org/amigo/term/GO:0045861\,HSP90AB1  PARK7  ARL6IP1  PEBP1  PRDX5,9
0.181611888455898\,1\,7\,28.91\,GO:0045915 positive regulation of catecholamine metabolic process\,http://amigo.geneontology.org/amigo/term/GO:0045915\,PARK7,9
0.181611888455898\,1\,7\,28.91\,GO:0045964 positive regulation of dopamine metabolic process\,http://amigo.geneontology.org/amigo/term/GO:0045964\,PARK7,9
0.181611888455898\,1\,15\,28.91\,GO:0045986 negative regulation of smooth muscle contraction\,http://amigo.geneontology.org/amigo/term/GO:0045986\,SOD1,9
0.181611888455898\,1\,31\,28.91\,GO:0046641 positive regulation of alpha-beta T cell proliferation\,http://amigo.geneontology.org/amigo/term/GO:0046641\, HLA-A,9
0.181611888455898\,1\,6\,28.91\,GO:0046985 positive regulation of hemoglobin biosynthetic process\,http://amigo.geneontology.org/amigo/term/GO:0046985\,PRMT1,9
0.181611888455898\,6\,456\,2.478\,GO:0051051 negative regulation of transport\,http://amigo.geneontology.org/amigo/term/GO:0051051\,ARL6IP5  CALM2  CALM1  MAP1B  CALM3  PARK7,9
0.181611888455898\,3\,140\,4.44769230769231\,GO:0051208 sequestering of calcium ion\,http://amigo.geneontology.org/amigo/term/GO:0051208\,CALM2  CALM3  CALM1,9
0.181611888455898\,2\,65\,6.80235294117647\,GO:0051289 protein homotetramerization\,http://amigo.geneontology.org/amigo/term/GO:0051289\,HSD17B10  SSBP1,9
0.181611888455898\,2\,24\,7.2275\,GO:0051457 maintenance of protein location in nucleus\,http://amigo.geneontology.org/amigo/term/GO:0051457\,PARK7  SKP1,9
0.181611888455898\,1\,9\,28.91\,GO:0051620 norepinephrine uptake\,http://amigo.geneontology.org/amigo/term/GO:0051620\, ACTB,9
0.181611888455898\,1\,3\,28.91\,GO:0051771 negative regulation of nitric-oxide synthase biosynthetic process\,http://amigo.geneontology.org/amigo/term/GO:0051771\,GSTP1,9
0.181611888455898\,1\,16\,28.91\,GO:0051956 negative regulation of amino acid transport\,http://amigo.geneontology.org/amigo/term/GO:0051956\,ARL6IP5,9
0.181611888455898\,1\,11\,28.91\,GO:0060081 membrane hyperpolarization\,http://amigo.geneontology.org/amigo/term/GO:0060081\,PARK7,9
0.181611888455898\,1\,7\,28.91\,GO:0060087 relaxation of vascular associated smooth muscle\,http://amigo.geneontology.org/amigo/term/GO:0060087\,SOD1,9
0.181611888455898\,1\,10\,28.91\,GO:0060452 positive regulation of cardiac muscle contraction\,http://amigo.geneontology.org/amigo/term/GO:0060452\,HSP90AA1,9
0.181611888455898\,1\,28\,28.91\,GO:0061436 establishment of skin barrier\,http://amigo.geneontology.org/amigo/term/GO:0061436\,STMN1,9
0.181611888455898\,1\,3\,28.91\,GO:0070494 regulation of thrombin-activated receptor signaling pathway\,http://amigo.geneontology.org/amigo/term/GO:0070494\,STMN1,9
0.181611888455898\,1\,3\,28.91\,GO:0070495 negative regulation of thrombin-activated receptor signaling pathway\,http://amigo.geneontology.org/amigo/term/GO:0070495\,STMN1,9
0.181611888455898\,1\,3\,28.91\,GO:0071550 death-inducing signaling complex assembly\,http://amigo.geneontology.org/amigo/term/GO:0071550\,PARK7,9
0.181611888455898\,1\,20\,28.91\,GO:0071605 monocyte chemotactic protein-1 production\,http://amigo.geneontology.org/amigo/term/GO:0071605\,GSTP1,9
0.181611888455898\,1\,20\,28.91\,GO:0071637 regulation of monocyte chemotactic protein-1 production\,http://amigo.geneontology.org/amigo/term/GO:0071637\,GSTP1,9
0.181611888455898\,1\,3\,28.91\,GO:0072356 chromosome passenger complex localization to kinetochore\,http://amigo.geneontology.org/amigo/term/GO:0072356\,H3-3A,9
0.181611888455898\,2\,72\,6.80235294117647\,GO:0080164 regulation of nitric oxide metabolic process\,http://amigo.geneontology.org/amigo/term/GO:0080164\,HSP90AA1  HSP90AB1,9
0.181611888455898\,1\,6\,28.91\,GO:0090296 regulation of mitochondrial DNA replication\,http://amigo.geneontology.org/amigo/term/GO:0090296\,SSBP1,9
0.181611888455898\,1\,4\,28.91\,GO:0090297 positive regulation of mitochondrial DNA replication\,http://amigo.geneontology.org/amigo/term/GO:0090297\,SSBP1,9
0.181611888455898\,1\,10\,28.91\,GO:0097278 complement-dependent cytotoxicity\,http://amigo.geneontology.org/amigo/term/GO:0097278\,HSP90AB1,9
0.181611888455898\,3\,173\,4.3365\,GO:0097553 calcium ion transmembrane import into cytosol\,http://amigo.geneontology.org/amigo/term/GO:0097553\,CALM2  CALM3  CALM1,9
0.181611888455898\,1\,3\,28.91\,GO:0097745 mitochondrial tRNA 5-prime-end processing\,http://amigo.geneontology.org/amigo/term/GO:0097745\,HSD17B10,9
0.181611888455898\,1\,4\,28.91\,GO:0150111 regulation of transepithelial transport\,http://amigo.geneontology.org/amigo/term/GO:0150111\, ACTB,9
0.181611888455898\,4\,246\,3.40117647058824\,GO:1901617 organic hydroxy compound biosynthetic process\,http://amigo.geneontology.org/amigo/term/GO:1901617\,PARK7  HSD17B10  SOD1  PMEL,9
0.181611888455898\,1\,4\,28.91\,GO:1901685 glutathione derivative metabolic process\,http://amigo.geneontology.org/amigo/term/GO:1901685\,GSTP1,9
0.181611888455898\,1\,4\,28.91\,GO:1901687 glutathione derivative biosynthetic process\,http://amigo.geneontology.org/amigo/term/GO:1901687\,GSTP1,9
0.181611888455898\,1\,5\,28.91\,GO:1901860 positive regulation of mitochondrial DNA metabolic process\,http://amigo.geneontology.org/amigo/term/GO:1901860\,SSBP1,9
0.181611888455898\,2\,68\,7.2275\,GO:1902475 L-alpha-amino acid transmembrane transport\,http://amigo.geneontology.org/amigo/term/GO:1902475\,ARL6IP5  ARL6IP1,9
0.181611888455898\,16\,1857\,1.66388489208633\,GO:1902531 regulation of intracellular signal transduction\,http://amigo.geneontology.org/amigo/term/GO:1902531\,PEBP1  PARK7  GSTP1  UCHL1  HSP90AA1  HSP90AB1  PRDX1  SOD1  CALM2  NDUFC2  CALM3  PRDX2  CALM1  STMN1  PRMT1  ARL6IP5,9
0.181611888455898\,1\,3\,28.91\,GO:1903093 regulation of protein K48-linked deubiquitination\,http://amigo.geneontology.org/amigo/term/GO:1903093\,PARK7,9
0.181611888455898\,1\,8\,28.91\,GO:1903659 regulation of complement-dependent cytotoxicity\,http://amigo.geneontology.org/amigo/term/GO:1903659\,HSP90AB1,9
0.181611888455898\,1\,11\,28.91\,GO:1904668 positive regulation of ubiquitin protein ligase activity\,http://amigo.geneontology.org/amigo/term/GO:1904668\,SKP1,9
0.181611888455898\,1\,3\,28.91\,GO:1904886 beta-catenin destruction complex disassembly\,http://amigo.geneontology.org/amigo/term/GO:1904886\,PPP1CA,9
0.181611888455898\,1\,6\,28.91\,GO:1905464 positive regulation of DNA duplex unwinding\,http://amigo.geneontology.org/amigo/term/GO:1905464\,SSBP1,9
0.181611888455898\,1\,6\,28.91\,GO:1905776 positive regulation of DNA helicase activity\,http://amigo.geneontology.org/amigo/term/GO:1905776\,SSBP1,9
0.181611888455898\,1\,4\,28.91\,GO:1905937 negative regulation of germ cell proliferation\,http://amigo.geneontology.org/amigo/term/GO:1905937\,PRDX4,9
0.181611888455898\,1\,3\,28.91\,GO:1990180 mitochondrial tRNA 3-prime-end processing\,http://amigo.geneontology.org/amigo/term/GO:1990180\,HSD17B10,9
0.181611888455898\,1\,4\,28.91\,GO:2000255 negative regulation of male germ cell proliferation\,http://amigo.geneontology.org/amigo/term/GO:2000255\,PRDX4,9
0.181611888455898\,1\,4\,28.91\,GO:2000275 regulation of oxidative phosphorylation uncoupler activity\,http://amigo.geneontology.org/amigo/term/GO:2000275\,PARK7,9
0.181611888455898\,1\,3\,28.91\,GO:2000282 regulation of cellular amino acid biosynthetic process\,http://amigo.geneontology.org/amigo/term/GO:2000282\,PARK7,9
0.181611888455898\,2\,47\,6.80235294117647\,GO:2000378 negative regulation of reactive oxygen species metabolic process\,http://amigo.geneontology.org/amigo/term/GO:2000378\,PARK7  NDUFC2,9
0.181611888455898\,1\,14\,28.91\,GO:2000564 regulation of CD8-positive alpha-beta T cell proliferation\,http://amigo.geneontology.org/amigo/term/GO:2000564\, HLA-A,9
0.181611888455898\,1\,16\,28.91\,GO:2001187 positive regulation of CD8-positive alpha-beta T cell activation\,http://amigo.geneontology.org/amigo/term/GO:2001187\, HLA-A,9
0.181611888455898\,1\,7\,28.91\,GO:2001268 negative regulation of cysteine-type endopeptidase activity involved in apoptotic signaling pathway\,http://amigo.geneontology.org/amigo/term/GO:2001268\,PARK7,9
0.183128241975033\,7\,591\,2.26111731843575\,GO:0044283 small molecule biosynthetic process\,http://amigo.geneontology.org/amigo/term/GO:0044283\,HACD3  TPI1  PARK7  HSD17B10  GSTP1  SOD1  MDH2,9
0.183128241975033\,5\,375\,2.75333333333333\,GO:1904062 regulation of cation transmembrane transport\,http://amigo.geneontology.org/amigo/term/GO:1904062\,CALM2  CALM3  CALM1  CD63  PARK7,9
0.184428516371012\,10\,1274\,1.91456953642384\,GO:0006812 cation transport\,http://amigo.geneontology.org/amigo/term/GO:0006812\,CALM2  CALM3  ATP6V0B  CALM1  CD63  PARK7  ATP5MC3  COX5A  UQCR10  ATP5PO,9
0.186010789249534\,3\,189\,4.13\,GO:0060402 calcium ion transport into cytosol\,http://amigo.geneontology.org/amigo/term/GO:0060402\,CALM2  CALM3  CALM1,9
0.190196892909659\,17\,1994\,1.58283413848631\,GO:0016310 phosphorylation\,http://amigo.geneontology.org/amigo/term/GO:0016310\,TPI1  HSP90AB1  PARK7  HSP90AA1  GSTP1  DYNLL1  SOD1  UCHL1  EEF1A1  RPLP1  CALM2  CALM3  H3-3A  CKB  CALM1  ACTB  PRDX4,9
0.193364408381849\,4\,226\,3.16821917808219\,GO:0034764 positive regulation of transmembrane transport\,http://amigo.geneontology.org/amigo/term/GO:0034764\,CALM3  CALM2  CALM1  ARL6IP1,9
0.194069661443812\,2\,37\,6.42444444444444\,GO:0006734 NADH metabolic process\,http://amigo.geneontology.org/amigo/term/GO:0006734\,TPI1  MDH2,9
0.194069661443812\,2\,30\,6.42444444444444\,GO:0007026 negative regulation of microtubule depolymerization\,http://amigo.geneontology.org/amigo/term/GO:0007026\,STMN2  MAP1B,9
0.194069661443812\,2\,70\,6.42444444444444\,GO:0015807 L-amino acid transport\,http://amigo.geneontology.org/amigo/term/GO:0015807\,ARL6IP5  ARL6IP1,9
0.194069661443812\,2\,143\,6.42444444444444\,GO:0030168 platelet activation\,http://amigo.geneontology.org/amigo/term/GO:0030168\,ACTB  CLIC1,9
0.194069661443812\,2\,51\,6.42444444444444\,GO:0032873 negative regulation of stress-activated MAPK cascade\,http://amigo.geneontology.org/amigo/term/GO:0032873\,GSTP1  PRMT1,9
0.194069661443812\,2\,68\,6.42444444444444\,GO:0045669 positive regulation of osteoblast differentiation\,http://amigo.geneontology.org/amigo/term/GO:0045669\,CTHRC1  CLIC1,9
0.194069661443812\,2\,50\,6.42444444444444\,GO:0048538 thymus development\,http://amigo.geneontology.org/amigo/term/GO:0048538\,PRDX2  SOD1,9
0.194069661443812\,2\,78\,6.42444444444444\,GO:0051937 catecholamine transport\,http://amigo.geneontology.org/amigo/term/GO:0051937\,PARK7  ACTB,9
0.194069661443812\,6\,369\,2.40916666666667\,GO:0062197 cellular response to chemical stress\,http://amigo.geneontology.org/amigo/term/GO:0062197\,PRDX1  PRDX5  SOD1  PRDX2  PARK7  ARL6IP5,9
0.194069661443812\,2\,51\,6.42444444444444\,GO:0070303 negative regulation of stress-activated protein kinase signaling cascade\,http://amigo.geneontology.org/amigo/term/GO:0070303\,GSTP1  PRMT1,9
0.195427533235243\,26\,2805\,1.40628624883068\,GO:0009056 catabolic process\,http://amigo.geneontology.org/amigo/term/GO:0009056\,PSMB1  PSMA4  PSME2  PSMA7  PSMD7  TPI1  SKP1  TMEM59  PRDX5  RMC1  UBC  PSMB3  HSD17B10  HSP90AB1  PARK7  PRDX1  CALM1  ECH1  UCHL1  PRDX2  PPP1CA  HSP90AA1  EIF3E  SSB  ATP6V0B  EEF1A1,9
0.196091675374572\,7\,809\,2.21169398907104\,GO:0098771 inorganic ion homeostasis\,http://amigo.geneontology.org/amigo/term/GO:0098771\,CALM2  CALM3  ATP6V0B  CALM1  SOD1  CKB  ATOX1,9
0.196423890345869\,4\,258\,3.12540540540541\,GO:2000116 regulation of cysteine-type endopeptidase activity\,http://amigo.geneontology.org/amigo/term/GO:2000116\,ARL6IP1  PRDX5  PARK7  ARL6IP5,9
3.5403893264039E-09\,7\,12\,45.4685393258427\,GO:0070202 regulation of establishment of protein localization to chromosome\,http://amigo.geneontology.org/amigo/term/GO:0070202\,CCT4  TCP1  CCT7  CCT5  CCT8  CCT3  CCT2,10
3.5403893264039E-09\,7\,11\,45.4685393258427\,GO:0070203 regulation of establishment of protein localization to telomere\,http://amigo.geneontology.org/amigo/term/GO:0070203\,CCT4  TCP1  CCT7  CCT5  CCT8  CCT3  CCT2,10
3.5403893264039E-09\,8\,21\,34.6426966292135\,GO:0090670 RNA localization to Cajal body\,http://amigo.geneontology.org/amigo/term/GO:0090670\,CCT4  TCP1  CCT7  CCT5  CCT8  CCT3  CCT2  RUVBL1,10
3.5403893264039E-09\,8\,21\,34.6426966292135\,GO:0090671 telomerase RNA localization to Cajal body\,http://amigo.geneontology.org/amigo/term/GO:0090671\,CCT4  TCP1  CCT7  CCT5  CCT8  CCT3  CCT2  RUVBL1,10
3.5403893264039E-09\,8\,21\,34.6426966292135\,GO:0090672 telomerase RNA localization\,http://amigo.geneontology.org/amigo/term/GO:0090672\,CCT4  TCP1  CCT7  CCT5  CCT8  CCT3  CCT2  RUVBL1,10
3.5403893264039E-09\,8\,21\,34.6426966292135\,GO:0090685 RNA localization to nucleus\,http://amigo.geneontology.org/amigo/term/GO:0090685\,CCT4  TCP1  CCT7  CCT5  CCT8  CCT3  CCT2  RUVBL1,10
3.5403893264039E-09\,7\,12\,45.4685393258427\,GO:1903405 protein localization to nuclear body\,http://amigo.geneontology.org/amigo/term/GO:1903405\,CCT4  TCP1  CCT7  CCT5  CCT8  CCT3  CCT2,10
3.5403893264039E-09\,7\,10\,50.5205992509363\,GO:1904851 positive regulation of establishment of protein localization to telomere\,http://amigo.geneontology.org/amigo/term/GO:1904851\,CCT4  TCP1  CCT7  CCT5  CCT8  CCT3  CCT2,10
3.5403893264039E-09\,7\,12\,45.4685393258427\,GO:1904867 protein localization to Cajal body\,http://amigo.geneontology.org/amigo/term/GO:1904867\,CCT4  TCP1  CCT7  CCT5  CCT8  CCT3  CCT2,10
3.5403893264039E-09\,7\,11\,45.4685393258427\,GO:1904869 regulation of protein localization to Cajal body\,http://amigo.geneontology.org/amigo/term/GO:1904869\,CCT4  TCP1  CCT7  CCT5  CCT8  CCT3  CCT2,10
3.5403893264039E-09\,7\,11\,45.4685393258427\,GO:1904871 positive regulation of protein localization to Cajal body\,http://amigo.geneontology.org/amigo/term/GO:1904871\,CCT4  TCP1  CCT7  CCT5  CCT8  CCT3  CCT2,10
3.5403893264039E-09\,8\,20\,34.6426966292135\,GO:1904872 regulation of telomerase RNA localization to Cajal body\,http://amigo.geneontology.org/amigo/term/GO:1904872\,CCT4  TCP1  CCT7  CCT5  CCT8  CCT3  CCT2  RUVBL1,10
3.5403893264039E-09\,8\,16\,39.9723422644771\,GO:1904874 positive regulation of telomerase RNA localization to Cajal body\,http://amigo.geneontology.org/amigo/term/GO:1904874\,CCT4  TCP1  CCT7  CCT5  CCT8  CCT3  CCT2  RUVBL1,10
3.5403893264039E-09\,10\,79\,20.9532439289598\,GO:2000573 positive regulation of DNA biosynthetic process\,http://amigo.geneontology.org/amigo/term/GO:2000573\,HSP90AA1  HSP90AB1  CTNNB1  CCT4  TCP1  CCT7  CCT5  CCT8  CCT3  CCT2,10
5.14731811515817E-09\,11\,74\,16.2387640449438\,GO:0006278 RNA-templated DNA biosynthetic process\,http://amigo.geneontology.org/amigo/term/GO:0006278\,HSP90AA1  HSP90AB1  CTNNB1  CCT4  TCP1  CCT7  CCT5  CCT8  CCT3  CCT2  TERF2IP,10
5.14731811515817E-09\,11\,73\,16.2387640449438\,GO:0007004 telomere maintenance via telomerase\,http://amigo.geneontology.org/amigo/term/GO:0007004\,HSP90AA1  HSP90AB1  CTNNB1  CCT4  TCP1  CCT7  CCT5  CCT8  CCT3  CCT2  TERF2IP,10
7.91832036645346E-09\,7\,13\,41.3350357507661\,GO:1904816 positive regulation of protein localization to chromosome telomeric region\,http://amigo.geneontology.org/amigo/term/GO:1904816\,CCT4  TCP1  CCT7  CCT5  CCT8  CCT3  CCT2,10
1.63289046786953E-08\,11\,86\,14.5817473056638\,GO:0010833 telomere maintenance via telomere lengthening\,http://amigo.geneontology.org/amigo/term/GO:0010833\,TERF2IP  HSP90AA1  HSP90AB1  CTNNB1  CCT4  TCP1  CCT7  CCT5  CCT8  CCT3  CCT2,10
1.67922978750075E-08\,7\,14\,37.8904494382022\,GO:1990173 protein localization to nucleoplasm\,http://amigo.geneontology.org/amigo/term/GO:1990173\,CCT4  TCP1  CCT7  CCT5  CCT8  CCT3  CCT2,10
2.96823825810901E-08\,7\,47\,34.9757994814175\,GO:0007339 binding of sperm to zona pellucida\,http://amigo.geneontology.org/amigo/term/GO:0007339\,CCT4  TCP1  CCT7  CCT5  CCT8  CCT3  CCT2,10
2.96823825810901E-08\,7\,55\,34.9757994814175\,GO:0035036 sperm-egg recognition\,http://amigo.geneontology.org/amigo/term/GO:0035036\,CCT4  TCP1  CCT7  CCT5  CCT8  CCT3  CCT2,10
2.96823825810901E-08\,7\,17\,34.9757994814175\,GO:0070200 establishment of protein localization to telomere\,http://amigo.geneontology.org/amigo/term/GO:0070200\,CCT4  TCP1  CCT7  CCT5  CCT8  CCT3  CCT2,10
2.96823825810901E-08\,7\,15\,34.9757994814175\,GO:1904814 regulation of protein localization to chromosome telomeric region\,http://amigo.geneontology.org/amigo/term/GO:1904814\,CCT4  TCP1  CCT7  CCT5  CCT8  CCT3  CCT2,10
6.80686053855121E-08\,8\,37\,23.6200204290092\,GO:0032212 positive regulation of telomere maintenance via telomerase\,http://amigo.geneontology.org/amigo/term/GO:0032212\,CTNNB1  CCT4  TCP1  CCT7  CCT5  CCT8  CCT3  CCT2,10
1.4093288313297E-07\,8\,32\,21.6516853932584\,GO:0070198 protein localization to chromosome telomeric region\,http://amigo.geneontology.org/amigo/term/GO:0070198\,CCT4  TCP1  CCT7  CCT5  CCT8  CCT3  CCT2  TERF2IP,10
1.4093288313297E-07\,8\,40\,21.6516853932584\,GO:1904358 positive regulation of telomere maintenance via telomere lengthening\,http://amigo.geneontology.org/amigo/term/GO:1904358\,CTNNB1  CCT4  TCP1  CCT7  CCT5  CCT8  CCT3  CCT2,10
1.78185875971899E-07\,10\,77\,13.5323033707865\,GO:0032206 positive regulation of telomere maintenance\,http://amigo.geneontology.org/amigo/term/GO:0032206\,TERF2IP  CTNNB1  RUVBL1  CCT4  TCP1  CCT7  CCT5  CCT8  CCT3  CCT2,10
2.62852414612945E-07\,7\,76\,26.7461996034369\,GO:0009988 cell-cell recognition\,http://amigo.geneontology.org/amigo/term/GO:0009988\,CCT4  TCP1  CCT7  CCT5  CCT8  CCT3  CCT2,10
6.79473895927306E-07\,10\,130\,11.8100102145046\,GO:2000278 regulation of DNA biosynthetic process\,http://amigo.geneontology.org/amigo/term/GO:2000278\,HSP90AA1  HSP90AB1  CTNNB1  CCT4  TCP1  CCT7  CCT5  CCT8  CCT3  CCT2,10
7.58462493118265E-07\,12\,167\,8.66067415730337\,GO:0000723 telomere maintenance\,http://amigo.geneontology.org/amigo/term/GO:0000723\,TERF2IP  HSP90AA1  HSP90AB1  CTNNB1  RUVBL1  CCT4  TCP1  CCT7  CCT5  CCT8  CCT3  CCT2,10
1.01422727635322E-06\,9\,91\,13.5952443166972\,GO:1900182 positive regulation of protein localization to nucleus\,http://amigo.geneontology.org/amigo/term/GO:1900182\,CCT4  TCP1  CCT7  CCT5  CCT8  CCT3  CCT2  HSP90AA1  HSP90AB1,10
1.13576787716011E-06\,13\,247\,7.40715552927262\,GO:0050821 protein stabilization\,http://amigo.geneontology.org/amigo/term/GO:0050821\,HSP90AA1  HSP90AB1  RUVBL1  SOX4  MDM4  CCT4  TCP1  CCT7  HSPD1  CCT5  CCT8  CCT3  CCT2,10
1.23115113670342E-06\,7\,27\,21.6516853932584\,GO:0070199 establishment of protein localization to chromosome\,http://amigo.geneontology.org/amigo/term/GO:0070199\,CCT4  TCP1  CCT7  CCT5  CCT8  CCT3  CCT2,10
1.23115113670342E-06\,7\,43\,21.6516853932584\,GO:1901998 toxin transport\,http://amigo.geneontology.org/amigo/term/GO:1901998\,CCT4  TCP1  CCT7  CCT5  CCT8  CCT3  CCT2,10
1.55047716162723E-06\,12\,199\,8.03567705316808\,GO:0032200 telomere organization\,http://amigo.geneontology.org/amigo/term/GO:0032200\,TERF2IP  HSP90AA1  HSP90AB1  CTNNB1  RUVBL1  CCT4  TCP1  CCT7  CCT5  CCT8  CCT3  CCT2,10
2.21638184167167E-06\,8\,58\,15.2835426305354\,GO:0032210 regulation of telomere maintenance via telomerase\,http://amigo.geneontology.org/amigo/term/GO:0032210\,CTNNB1  CCT4  TCP1  CCT7  CCT5  CCT8  CCT3  CCT2,10
2.49401246382039E-06\,15\,361\,5.69781194559432\,GO:0031647 regulation of protein stability\,http://amigo.geneontology.org/amigo/term/GO:0031647\,HSP90AA1  HSP90AB1  RUVBL1  SOX4  MDM4  HSPA8  CCT4  TCP1  CCT7  SERF2  HSPD1  CCT5  CCT8  CCT3  CCT2,10
2.49401246382039E-06\,11\,204\,8.71348314606742\,GO:0071897 DNA biosynthetic process\,http://amigo.geneontology.org/amigo/term/GO:0071897\,HSP90AA1  HSP90AB1  CTNNB1  CCT4  TCP1  CCT7  CCT5  CCT8  CCT3  CCT2  TERF2IP,10
3.28021085420115E-06\,9\,83\,11.6919101123595\,GO:0061077 chaperone-mediated protein folding\,http://amigo.geneontology.org/amigo/term/GO:0061077\,HSPA8  CCT4  TCP1  CCT7  CCT5  CCT8  CCT3  CCT2  TRAP1,10
4.0965195761927E-06\,13\,235\,6.54585837470604\,GO:0006457 protein folding\,http://amigo.geneontology.org/amigo/term/GO:0006457\,HSP90AA1  HSP90AB1  AHSA1  HSPA8  CCT4  TCP1  TRAP1  CCT7  HSPD1  CCT5  CCT8  CCT3  CCT2,10
4.98517738721346E-06\,8\,173\,13.6747486694264\,GO:0007338 single fertilization\,http://amigo.geneontology.org/amigo/term/GO:0007338\,CECR2  CCT4  TCP1  CCT7  CCT5  CCT8  CCT3  CCT2,10
5.27110276569301E-06\,10\,120\,9.2792937399679\,GO:2001252 positive regulation of chromosome organization\,http://amigo.geneontology.org/amigo/term/GO:2001252\,TERF2IP  CTNNB1  RUVBL1  CCT4  TCP1  CCT7  CCT5  CCT8  CCT3  CCT2,10
5.78326054807591E-06\,10\,113\,9.14859946194018\,GO:0032204 regulation of telomere maintenance\,http://amigo.geneontology.org/amigo/term/GO:0032204\,TERF2IP  CTNNB1  RUVBL1  CCT4  TCP1  CCT7  CCT5  CCT8  CCT3  CCT2,10
5.78326054807591E-06\,8\,67\,13.324114088159\,GO:1904356 regulation of telomere maintenance via telomere lengthening\,http://amigo.geneontology.org/amigo/term/GO:1904356\,CTNNB1  CCT4  TCP1  CCT7  CCT5  CCT8  CCT3  CCT2,10
1.02712793101149E-05\,17\,532\,4.41694382022472\,GO:0006091 generation of precursor metabolites and energy\,http://amigo.geneontology.org/amigo/term/GO:0006091\,PKM  ENO1  FH  IDH3B  PGK1  ATP5F1B  NDUFS2  NDUFV1  UQCRC1  NDUFA9  UQCRC2  ATP5F1A  CIAPIN1  PDHB  PPP1CB  TRAP1  LDHA,10
1.49813191869572E-05\,6\,38\,20.5121230041396\,GO:0051973 positive regulation of telomerase activity\,http://amigo.geneontology.org/amigo/term/GO:0051973\,HSP90AA1  HSP90AB1  CTNNB1  CCT4  TCP1  CCT2,10
1.64721431539707E-05\,13\,317\,5.7443246961706\,GO:0051054 positive regulation of DNA metabolic process\,http://amigo.geneontology.org/amigo/term/GO:0051054\,SMARCB1  TERF2IP  HSP90AA1  HSP90AB1  RUVBL1  CTNNB1  CCT4  TCP1  CCT7  CCT5  CCT8  CCT3  CCT2,10
2.4570465501929E-05\,9\,147\,9.1343047752809\,GO:1900180 regulation of protein localization to nucleus\,http://amigo.geneontology.org/amigo/term/GO:1900180\,CCT4  TCP1  CCT7  CCT5  CCT8  CCT3  CCT2  HSP90AA1  HSP90AB1,10
2.83912178883986E-05\,8\,216\,10.8258426966292\,GO:0009566 fertilization\,http://amigo.geneontology.org/amigo/term/GO:0009566\,CECR2  CCT4  TCP1  CCT7  CCT5  CCT8  CCT3  CCT2,10
6.06975259049512E-05\,7\,178\,12.2887944123899\,GO:0008037 cell recognition\,http://amigo.geneontology.org/amigo/term/GO:0008037\,CCT4  TCP1  CCT7  CCT5  CCT8  CCT3  CCT2,10
8.18902050627727E-05\,6\,54\,15.5892134831461\,GO:0051972 regulation of telomerase activity\,http://amigo.geneontology.org/amigo/term/GO:0051972\,HSP90AA1  HSP90AB1  CTNNB1  CCT4  TCP1  CCT2,10
0.000156051581629179\,8\,121\,8.66067415730337\,GO:0034502 protein localization to chromosome\,http://amigo.geneontology.org/amigo/term/GO:0034502\,CCT4  TCP1  CCT7  CCT5  CCT8  CCT3  CCT2  TERF2IP,10
0.000245990464979305\,15\,572\,3.89730337078652\,GO:0051052 regulation of DNA metabolic process\,http://amigo.geneontology.org/amigo/term/GO:0051052\,SMARCB1  TERF2IP  RUVBL1  HSP90AA1  HSP90AB1  MAGEF1  CTNNB1  CCT4  TCP1  CCT7  CCT5  CCT8  CCT3  CCT2  KPNA2,10
0.000496469035819093\,11\,333\,4.99654278305964\,GO:1904951 positive regulation of establishment of protein localization\,http://amigo.geneontology.org/amigo/term/GO:1904951\,TSG101  HSP90AA1  HSP90AB1  SOX4  CCT4  TCP1  CCT7  CCT5  CCT8  CCT3  CCT2,10
0.000521166250766092\,11\,281\,4.96184456928839\,GO:0033044 regulation of chromosome organization\,http://amigo.geneontology.org/amigo/term/GO:0033044\,SMARCB1  TERF2IP  CTNNB1  RUVBL1  CCT4  TCP1  CCT7  CCT5  CCT8  CCT3  CCT2,10
0.000533337589244123\,12\,318\,4.505553029811\,GO:0046034 ATP metabolic process\,http://amigo.geneontology.org/amigo/term/GO:0046034\,PKM  ENO1  PGK1  ATP5F1B  ATP5F1A  NDUFS2  NDUFV1  UQCRC1  NDUFA9  UQCRC2  HSPA8  LDHA,10
0.000650103919512869\,3\,5\,48.7162921348315\,GO:0090666 scaRNA localization to Cajal body\,http://amigo.geneontology.org/amigo/term/GO:0090666\,CCT4  TCP1  CCT2,10
0.000684742743947793\,11\,260\,4.79533971796999\,GO:0045333 cellular respiration\,http://amigo.geneontology.org/amigo/term/GO:0045333\,FH  IDH3B  ATP5F1B  NDUFS2  NDUFV1  UQCRC1  NDUFA9  UQCRC2  ATP5F1A  PDHB  TRAP1,10
0.000691176719076945\,20\,1138\,2.82413287738153\,GO:0006259 DNA metabolic process\,http://amigo.geneontology.org/amigo/term/GO:0006259\,TERF2IP  SMARCB1  RUVBL1  HSP90AA1  HSP90AB1  HSPD1  CNBP  MAGEF1  FH  CTNNB1  CCT4  TCP1  CCT7  CCT5  CCT8  CCT3  CCT2  CECR2  SET  KPNA2,10
0.000745326023588208\,12\,352\,4.33033707865169\,GO:0015980 energy derivation by oxidation of organic compounds\,http://amigo.geneontology.org/amigo/term/GO:0015980\,FH  IDH3B  ATP5F1B  NDUFS2  NDUFV1  UQCRC1  NDUFA9  UQCRC2  ATP5F1A  PDHB  PPP1CB  TRAP1,10
0.00113301165406153\,11\,328\,4.52218745555397\,GO:0034504 protein localization to nucleus\,http://amigo.geneontology.org/amigo/term/GO:0034504\,CCT4  TCP1  CCT7  CCT5  CCT8  CCT3  CCT2  KPNA2  HSP90AA1  HSP90AB1  PPP3CA,10
0.00137572137700919\,10\,214\,4.88383881050942\,GO:0009060 aerobic respiration\,http://amigo.geneontology.org/amigo/term/GO:0009060\,FH  IDH3B  ATP5F1B  NDUFS2  NDUFV1  UQCRC1  NDUFA9  UQCRC2  ATP5F1A  PDHB,10
0.0015620198766474\,13\,555\,3.71989308518537\,GO:0070201 regulation of establishment of protein localization\,http://amigo.geneontology.org/amigo/term/GO:0070201\,TSG101  HSP90AA1  HSP90AB1  SOX4  PPP3CA  CCT4  TCP1  CCT7  CCT5  CCT8  CCT3  CCT2  HSPA8,10
0.00176579762198549\,14\,480\,3.44458631256384\,GO:0072594 establishment of protein localization to organelle\,http://amigo.geneontology.org/amigo/term/GO:0072594\,HSPA8  HSPD1  KPNA2  TSG101  HSP90AA1  HSP90AB1  PPP3CA  CCT4  TCP1  CCT7  CCT5  CCT8  CCT3  CCT2,10
0.00247292491856765\,26\,2182\,2.18760551900798\,GO:0031328 positive regulation of cellular biosynthetic process\,http://amigo.geneontology.org/amigo/term/GO:0031328\,SOX4  CTNNB1  CNBP  SOX11  PTMA  RUVBL1  HDAC2  PKM  ENO1  HSP90AA1  HSP90AB1  SMARCB1  PPP3CA  ILF2  TSG101  CCT4  TCP1  CCT7  EIF4A3  CCT5  CCT8  CCT3  CCT2  ILK  EIF3E  CDC123,10
0.0024945245505418\,4\,35\,17.3213483146067\,GO:0042026 protein refolding\,http://amigo.geneontology.org/amigo/term/GO:0042026\,HSPA8  HSPD1  CCT7  HSP90AA1,10
0.0024945245505418\,4\,31\,17.3213483146067\,GO:0051131 chaperone-mediated protein complex assembly\,http://amigo.geneontology.org/amigo/term/GO:0051131\,HSP90AA1  HSP90AB1  CCT2  HSPD1,10
0.0028225714575995\,26\,2219\,2.16516853932584\,GO:0009891 positive regulation of biosynthetic process\,http://amigo.geneontology.org/amigo/term/GO:0009891\,SOX4  CTNNB1  CNBP  SOX11  PTMA  RUVBL1  HDAC2  PKM  ENO1  HSP90AA1  HSP90AB1  SMARCB1  PPP3CA  ILF2  TSG101  CCT4  TCP1  CCT7  EIF4A3  CCT5  CCT8  CCT3  CCT2  ILK  EIF3E  CDC123,10
0.00319176138530773\,4\,34\,16.2387640449438\,GO:0019674 NAD metabolic process\,http://amigo.geneontology.org/amigo/term/GO:0019674\,ENO1  PKM  PGK1  LDHB,10
0.00346917637976435\,34\,3403\,1.85585874799358\,GO:0051173 positive regulation of nitrogen compound metabolic process\,http://amigo.geneontology.org/amigo/term/GO:0051173\,TNRC6B  SOX4  CTNNB1  CNBP  SOX11  PTMA  HSP90AB1  SMARCB1  PSMC2  TERF2IP  RUVBL1  HDAC2  PKM  ENO1  HSP90AA1  PPP3CA  ILF2  HSPD1  MAGEF1  PSMC4  TSG101  PSMC1  HSPA8  CCT4  TCP1  CCT7  EIF4A3  CCT5  CCT8  CCT3  CCT2  ILK  EIF3E  CDC123,10
0.0035065608275017\,25\,2068\,2.17969987180454\,GO:0010557 positive regulation of macromolecule biosynthetic process\,http://amigo.geneontology.org/amigo/term/GO:0010557\,SOX4  CTNNB1  CNBP  SOX11  PTMA  RUVBL1  HDAC2  PKM  HSP90AA1  HSP90AB1  SMARCB1  PPP3CA  ILF2  TSG101  CCT4  TCP1  CCT7  EIF4A3  CCT5  CCT8  CCT3  CCT2  ILK  EIF3E  CDC123,10
0.00427881149058144\,6\,114\,7.64177131526768\,GO:0006090 pyruvate metabolic process\,http://amigo.geneontology.org/amigo/term/GO:0006090\,PKM  ENO1  PGK1  PDHB  LDHB  LDHA,10
0.00429472185777525\,3\,22\,27.8378812199037\,GO:0048485 sympathetic nervous system development\,http://amigo.geneontology.org/amigo/term/GO:0048485\,SOX4  CTNNB1  SOX11,10
0.00458409924250431\,9\,216\,4.60311421746439\,GO:0006403 RNA localization\,http://amigo.geneontology.org/amigo/term/GO:0006403\,CCT4  TCP1  CCT7  CCT5  CCT8  CCT3  CCT2  RUVBL1  EIF4A3,10
0.00458409924250431\,26\,2204\,2.09272795622572\,GO:0045935 positive regulation of nucleobase-containing compound metabolic process\,http://amigo.geneontology.org/amigo/term/GO:0045935\,TNRC6B  SOX4  CTNNB1  SOX11  PTMA  SMARCB1  TERF2IP  RUVBL1  HDAC2  PKM  ENO1  HSP90AA1  HSP90AB1  PPP3CA  ILF2  TSG101  HSPA8  CCT4  TCP1  CCT7  CCT5  CCT8  CCT3  CCT2  ILK  CNBP,10
0.0046017889097196\,10\,756\,4.13726472482645\,GO:0030855 epithelial cell differentiation\,http://amigo.geneontology.org/amigo/term/GO:0030855\,TSG101  SMARCB1  PTPRS  SOX4  MSI1  PPP3CA  CTNNB1  SOX11  PGK1  HDAC2,10
0.00463657260775913\,4\,37\,14.434456928839\,GO:0006734 NADH metabolic process\,http://amigo.geneontology.org/amigo/term/GO:0006734\,ENO1  PKM  IDH3B  PGK1,10
0.00463657260775913\,4\,68\,14.434456928839\,GO:0045669 positive regulation of osteoblast differentiation\,http://amigo.geneontology.org/amigo/term/GO:0045669\,PPP3CA  ILK  CTNNB1  SOX11,10
0.00573074220745151\,4\,102\,13.6747486694264\,GO:0060993 kidney morphogenesis\,http://amigo.geneontology.org/amigo/term/GO:0060993\,SOX4  PPP3CA  ILK  CTNNB1,10
0.00620047150066035\,3\,49\,24.3581460674157\,GO:0045933 positive regulation of muscle contraction\,http://amigo.geneontology.org/amigo/term/GO:0045933\,HSP90AA1  ENO1  CTTN,10
0.00664321960462506\,11\,480\,3.60861423220974\,GO:1903829 positive regulation of protein localization\,http://amigo.geneontology.org/amigo/term/GO:1903829\,CCT4  TCP1  CCT7  CCT5  CCT8  CCT3  CCT2  HSP90AB1  TSG101  HSP90AA1  SOX4,10
0.00758913964217529\,2\,3\,64.9550561797753\,GO:0061198 fungiform papilla formation\,http://amigo.geneontology.org/amigo/term/GO:0061198\,CTNNB1  HDAC2,10
0.00834869295518218\,34\,3617\,1.76254741429558\,GO:0031325 positive regulation of cellular metabolic process\,http://amigo.geneontology.org/amigo/term/GO:0031325\,TNRC6B  SOX4  CTNNB1  CNBP  SOX11  PTMA  HSP90AB1  SMARCB1  PSMC2  TERF2IP  RUVBL1  HDAC2  PKM  ENO1  HSP90AA1  PPP3CA  ILF2  HSPD1  MAGEF1  PSMC4  TSG101  PSMC1  HSPA8  CCT4  TCP1  CCT7  EIF4A3  CCT5  CCT8  CCT3  CCT2  ILK  EIF3E  CDC123,10
0.00834869295518218\,14\,1271\,2.90533797609219\,GO:0060429 epithelium development\,http://amigo.geneontology.org/amigo/term/GO:0060429\,TSG101  CECR2  SMARCB1  PTPRS  SOX4  MSI1  PPP3CA  ILK  CTNNB1  SOX11  MARCKS  PGK1  HDAC2  DAAM1,10
0.00878568856828504\,19\,1504\,2.36880243265975\,GO:0032270 positive regulation of cellular protein metabolic process\,http://amigo.geneontology.org/amigo/term/GO:0032270\,CNBP  HSP90AB1  PSMC2  HSP90AA1  SOX4  HSPD1  MAGEF1  PSMC4  PKM  PSMC1  CTNNB1  HDAC2  ENO1  SMARCB1  EIF4A3  ILK  TERF2IP  EIF3E  CDC123,10
0.0127860702600545\,34\,3847\,1.72267699696752\,GO:0010604 positive regulation of macromolecule metabolic process\,http://amigo.geneontology.org/amigo/term/GO:0010604\,TNRC6B  SOX4  HSPD1  CTNNB1  CNBP  SOX11  PTMA  HSP90AB1  SMARCB1  PSMC2  TERF2IP  RUVBL1  HDAC2  PKM  HSP90AA1  PPP3CA  ILF2  MAGEF1  PSMC4  TSG101  PSMC1  HSPA8  ENO1  CCT4  TCP1  CCT7  EIF4A3  CCT5  CCT8  CCT3  CCT2  ILK  EIF3E  CDC123,10
0.0188231431298872\,6\,239\,5.64826575476307\,GO:0001649 osteoblast differentiation\,http://amigo.geneontology.org/amigo/term/GO:0001649\,ATP5F1B  PSMC2  PPP3CA  ILK  CTNNB1  SOX11,10
0.0188231431298872\,2\,14\,43.3033707865169\,GO:0003207 cardiac chamber formation\,http://amigo.geneontology.org/amigo/term/GO:0003207\,SOX4  SOX11,10
0.0188231431298872\,2\,10\,43.3033707865169\,GO:0003211 cardiac ventricle formation\,http://amigo.geneontology.org/amigo/term/GO:0003211\,SOX4  SOX11,10
0.0188231431298872\,3\,16\,16.2387640449438\,GO:0006735 NADH regeneration\,http://amigo.geneontology.org/amigo/term/GO:0006735\,ENO1  PKM  PGK1,10
0.0188231431298872\,3\,48\,16.2387640449438\,GO:0048483 autonomic nervous system development\,http://amigo.geneontology.org/amigo/term/GO:0048483\,SOX4  CTNNB1  SOX11,10
0.0188231431298872\,19\,1618\,2.20383226324238\,GO:0051247 positive regulation of protein metabolic process\,http://amigo.geneontology.org/amigo/term/GO:0051247\,CNBP  HSP90AB1  PSMC2  HSP90AA1  SOX4  HSPD1  MAGEF1  PSMC4  PKM  PSMC1  CTNNB1  HDAC2  ENO1  SMARCB1  EIF4A3  ILK  TERF2IP  EIF3E  CDC123,10
0.0188231431298872\,2\,13\,43.3033707865169\,GO:0060174 limb bud formation\,http://amigo.geneontology.org/amigo/term/GO:0060174\,SOX4  SOX11,10
0.0188231431298872\,2\,6\,43.3033707865169\,GO:0060789 hair follicle placode formation\,http://amigo.geneontology.org/amigo/term/GO:0060789\,CTNNB1  HDAC2,10
0.0188231431298872\,3\,19\,16.2387640449438\,GO:0061615 glycolytic process through fructose-6-phosphate\,http://amigo.geneontology.org/amigo/term/GO:0061615\,ENO1  PKM  PGK1,10
0.0188231431298872\,3\,18\,16.2387640449438\,GO:0061620 glycolytic process through glucose-6-phosphate\,http://amigo.geneontology.org/amigo/term/GO:0061620\,ENO1  PKM  PGK1,10
0.0188231431298872\,3\,16\,16.2387640449438\,GO:0061621 canonical glycolysis\,http://amigo.geneontology.org/amigo/term/GO:0061621\,ENO1  PKM  PGK1,10
0.0188231431298872\,3\,16\,16.2387640449438\,GO:0061718 glucose catabolic process to pyruvate\,http://amigo.geneontology.org/amigo/term/GO:0061718\,ENO1  PKM  PGK1,10
0.0188231431298872\,2\,6\,43.3033707865169\,GO:1902949 positive regulation of tau-protein kinase activity\,http://amigo.geneontology.org/amigo/term/GO:1902949\,HSP90AB1  HSP90AA1,10
0.0190762419977398\,7\,359\,4.63964686998395\,GO:0044403 biological process involved in symbiotic interaction\,http://amigo.geneontology.org/amigo/term/GO:0044403\,HSPA8  TCP1  TSG101  HSP90AB1  SMARCB1  HSPD1  SLC3A2,10
0.0210967884665128\,10\,453\,3.29721097359265\,GO:0009150 purine ribonucleotide metabolic process\,http://amigo.geneontology.org/amigo/term/GO:0009150\,PKM  ENO1  PGK1  ATP5F1B  ATP5F1A  PDHB  NDUFA9  NDUFS2  NDUFV1  LDHA,10
0.0210967884665128\,14\,1312\,2.59820224719101\,GO:0010628 positive regulation of gene expression\,http://amigo.geneontology.org/amigo/term/GO:0010628\,HSPD1  CNBP  HSP90AA1  SOX4  PKM  HSPA8  PPP3CA  CTNNB1  SOX11  HDAC2  ENO1  EIF4A3  EIF3E  CDC123,10
0.0210967884665128\,4\,130\,9.2792937399679\,GO:0045667 regulation of osteoblast differentiation\,http://amigo.geneontology.org/amigo/term/GO:0045667\,PPP3CA  ILK  CTNNB1  SOX11,10
0.0213902094539636\,35\,4181\,1.64146351356833\,GO:0009893 positive regulation of metabolic process\,http://amigo.geneontology.org/amigo/term/GO:0009893\,TNRC6B  SOX4  HSPD1  CTNNB1  CNBP  SOX11  PTMA  HSP90AB1  SMARCB1  PSMC2  TERF2IP  RUVBL1  HDAC2  PKM  ENO1  HSP90AA1  PPP3CA  ILF2  MAGEF1  PSMC4  TSG101  FH  PSMC1  HSPA8  CCT4  TCP1  CCT7  EIF4A3  CCT5  CCT8  CCT3  CCT2  ILK  EIF3E  CDC123,10
0.0225272024071419\,6\,120\,5.26662617673854\,GO:0006754 ATP biosynthetic process\,http://amigo.geneontology.org/amigo/term/GO:0006754\,ATP5F1B  ATP5F1A  NDUFA9  NDUFS2  NDUFV1  ENO1,10
0.0225272024071419\,6\,180\,5.26662617673854\,GO:1990138 neuron projection extension\,http://amigo.geneontology.org/amigo/term/GO:1990138\,DBN1  HSP90AA1  HSP90AB1  PTPRS  CTNNB1  CTTN,10
0.0235324486224939\,5\,94\,6.49550561797753\,GO:1901983 regulation of protein acetylation\,http://amigo.geneontology.org/amigo/term/GO:1901983\,SOX4  HDAC2  SMARCB1  TERF2IP  SET,10
0.0248939620221678\,7\,163\,4.37197493517718\,GO:0006119 oxidative phosphorylation\,http://amigo.geneontology.org/amigo/term/GO:0006119\,ATP5F1B  NDUFS2  NDUFV1  UQCRC1  NDUFA9  UQCRC2  ATP5F1A,10
0.0248939620221678\,10\,481\,3.1997564620579\,GO:0006163 purine nucleotide metabolic process\,http://amigo.geneontology.org/amigo/term/GO:0006163\,PKM  ENO1  PGK1  ATP5F1B  ATP5F1A  PDHB  NDUFA9  NDUFS2  NDUFV1  LDHA,10
0.0248939620221678\,7\,194\,4.37197493517718\,GO:0022900 electron transport chain\,http://amigo.geneontology.org/amigo/term/GO:0022900\,NDUFS2  NDUFV1  UQCRC1  UQCRC2  CIAPIN1  IDH3B  NDUFA9,10
0.0256168249542102\,10\,472\,3.18407138136153\,GO:0009259 ribonucleotide metabolic process\,http://amigo.geneontology.org/amigo/term/GO:0009259\,PKM  ENO1  PGK1  ATP5F1B  ATP5F1A  PDHB  NDUFA9  NDUFS2  NDUFV1  LDHA,10
0.026742520196821\,3\,24\,13.9189406099518\,GO:0006007 glucose catabolic process\,http://amigo.geneontology.org/amigo/term/GO:0006007\,ENO1  PKM  PGK1,10
0.026742520196821\,14\,1112\,2.51207399590291\,GO:0060548 negative regulation of cell death\,http://amigo.geneontology.org/amigo/term/GO:0060548\,PTMA  ENO1  CIAPIN1  CTTN  HSP90AB1  PSMC1  SOX4  TRAP1  CTNNB1  SOX11  MDM4  SET  HSPD1  HDAC2,10
0.0272263853235972\,14\,892\,2.50515368186461\,GO:0032880 regulation of protein localization\,http://amigo.geneontology.org/amigo/term/GO:0032880\,CCT4  TCP1  CCT7  CCT5  CCT8  CCT3  CCT2  HSP90AB1  CTNNB1  TSG101  HSP90AA1  SOX4  PPP3CA  HSPA8,10
0.0284718994265091\,11\,555\,2.91634946113277\,GO:0010638 positive regulation of organelle organization\,http://amigo.geneontology.org/amigo/term/GO:0010638\,TERF2IP  CTNNB1  RUVBL1  CTTN  CCT4  TCP1  CCT7  CCT5  CCT8  CCT3  CCT2,10
0.0289453749817693\,2\,11\,32.4775280898876\,GO:0003357 noradrenergic neuron differentiation\,http://amigo.geneontology.org/amigo/term/GO:0003357\,SOX4  SOX11,10
0.0289453749817693\,6\,131\,4.87162921348315\,GO:0009206 purine ribonucleoside triphosphate biosynthetic process\,http://amigo.geneontology.org/amigo/term/GO:0009206\,ATP5F1B  ATP5F1A  NDUFA9  NDUFS2  NDUFV1  ENO1,10
0.0289453749817693\,10\,482\,3.09309791332263\,GO:0019693 ribose phosphate metabolic process\,http://amigo.geneontology.org/amigo/term/GO:0019693\,PKM  ENO1  PGK1  ATP5F1B  ATP5F1A  PDHB  NDUFA9  NDUFS2  NDUFV1  LDHA,10
0.0289453749817693\,2\,28\,32.4775280898876\,GO:0031639 plasminogen activation\,http://amigo.geneontology.org/amigo/term/GO:0031639\,ENO1  PGK1,10
0.0289453749817693\,4\,100\,8.11938202247191\,GO:0043279 response to alkaloid\,http://amigo.geneontology.org/amigo/term/GO:0043279\,UQCRC1  HSP90AA1  HSP90AB1  HDAC2,10
0.0289453749817693\,2\,25\,32.4775280898876\,GO:0060571 morphogenesis of an epithelial fold\,http://amigo.geneontology.org/amigo/term/GO:0060571\,CECR2  CTNNB1,10
0.0289453749817693\,2\,14\,32.4775280898876\,GO:0061029 eyelid development in camera-type eye\,http://amigo.geneontology.org/amigo/term/GO:0061029\,SOX11  HDAC2,10
0.0289453749817693\,2\,6\,32.4775280898876\,GO:0061196 fungiform papilla development\,http://amigo.geneontology.org/amigo/term/GO:0061196\,CTNNB1  HDAC2,10
0.0289453749817693\,2\,5\,32.4775280898876\,GO:0061197 fungiform papilla morphogenesis\,http://amigo.geneontology.org/amigo/term/GO:0061197\,CTNNB1  HDAC2,10
0.0289453749817693\,10\,505\,3.07843868150594\,GO:0072521 purine-containing compound metabolic process\,http://amigo.geneontology.org/amigo/term/GO:0072521\,PKM  ENO1  PGK1  ATP5F1B  ATP5F1A  PDHB  NDUFA9  NDUFS2  NDUFV1  LDHA,10
0.0289453749817693\,2\,11\,32.4775280898876\,GO:1902947 regulation of tau-protein kinase activity\,http://amigo.geneontology.org/amigo/term/GO:1902947\,HSP90AB1  HSP90AA1,10
0.0289453749817693\,2\,6\,32.4775280898876\,GO:1905323 telomerase holoenzyme complex assembly\,http://amigo.geneontology.org/amigo/term/GO:1905323\,HSP90AA1  HSP90AB1,10
0.0291187110497854\,3\,42\,12.9910112359551\,GO:0019320 hexose catabolic process\,http://amigo.geneontology.org/amigo/term/GO:0019320\,ENO1  PKM  PGK1,10
0.0297589864652735\,6\,132\,4.81148564294632\,GO:0009145 purine nucleoside triphosphate biosynthetic process\,http://amigo.geneontology.org/amigo/term/GO:0009145\,ATP5F1B  ATP5F1A  NDUFA9  NDUFS2  NDUFV1  ENO1,10
0.0305605541046114\,17\,1173\,2.1909443552702\,GO:0051276 chromosome organization\,http://amigo.geneontology.org/amigo/term/GO:0051276\,SMARCB1  HDAC2  TERF2IP  RUVBL1  HSP90AA1  HSP90AB1  CECR2  SET  CTNNB1  CCT4  TCP1  CCT7  CCT5  CCT8  CCT3  CCT2  DCTN2,10
0.0307184160998002\,4\,148\,7.87334014300306\,GO:0035107 appendage morphogenesis\,http://amigo.geneontology.org/amigo/term/GO:0035107\,SOX4  CTNNB1  SOX11  HDAC2,10
0.0307184160998002\,4\,148\,7.87334014300306\,GO:0035108 limb morphogenesis\,http://amigo.geneontology.org/amigo/term/GO:0035108\,SOX4  CTNNB1  SOX11  HDAC2,10
0.0307630655641259\,6\,137\,4.75280898876404\,GO:0009201 ribonucleoside triphosphate biosynthetic process\,http://amigo.geneontology.org/amigo/term/GO:0009201\,ATP5F1B  ATP5F1A  NDUFA9  NDUFS2  NDUFV1  ENO1,10
0.0315124219446524\,5\,82\,5.79955858747994\,GO:0042776 proton motive force-driven mitochondrial ATP synthesis\,http://amigo.geneontology.org/amigo/term/GO:0042776\,ATP5F1B  NDUFA9  NDUFS2  NDUFV1  ATP5F1A,10
0.0336036613237616\,3\,46\,12.1790730337079\,GO:0046365 monosaccharide catabolic process\,http://amigo.geneontology.org/amigo/term/GO:0046365\,ENO1  PKM  PGK1,10
0.0336268748601181\,5\,129\,5.69781194559432\,GO:0048675 axon extension\,http://amigo.geneontology.org/amigo/term/GO:0048675\,DBN1  HSP90AA1  HSP90AB1  PTPRS  CTTN,10
0.0338284296916382\,6\,161\,4.63964686998395\,GO:0045727 positive regulation of translation\,http://amigo.geneontology.org/amigo/term/GO:0045727\,CNBP  PKM  SOX4  EIF4A3  EIF3E  CDC123,10
0.0394754364426108\,3\,49\,11.4626569729015\,GO:0042220 response to cocaine\,http://amigo.geneontology.org/amigo/term/GO:0042220\,HSP90AA1  HSP90AB1  HDAC2,10
0.041073514848894\,6\,148\,4.42875383043922\,GO:0009142 nucleoside triphosphate biosynthetic process\,http://amigo.geneontology.org/amigo/term/GO:0009142\,ATP5F1B  ATP5F1A  NDUFA9  NDUFS2  NDUFV1  ENO1,10
0.041073514848894\,6\,145\,4.42875383043922\,GO:0009205 purine ribonucleoside triphosphate metabolic process\,http://amigo.geneontology.org/amigo/term/GO:0009205\,ATP5F1B  ATP5F1A  NDUFA9  NDUFS2  NDUFV1  ENO1,10
0.041073514848894\,2\,20\,25.9820224719101\,GO:0043586 tongue development\,http://amigo.geneontology.org/amigo/term/GO:0043586\,CTNNB1  HDAC2,10
0.041073514848894\,2\,10\,25.9820224719101\,GO:0043587 tongue morphogenesis\,http://amigo.geneontology.org/amigo/term/GO:0043587\,CTNNB1  HDAC2,10
0.041073514848894\,2\,12\,25.9820224719101\,GO:0045793 positive regulation of cell size\,http://amigo.geneontology.org/amigo/term/GO:0045793\,HSP90AA1  HSP90AB1,10
0.041073514848894\,2\,13\,25.9820224719101\,GO:0060788 ectodermal placode formation\,http://amigo.geneontology.org/amigo/term/GO:0060788\,CTNNB1  HDAC2,10
0.041073514848894\,2\,14\,25.9820224719101\,GO:0071696 ectodermal placode development\,http://amigo.geneontology.org/amigo/term/GO:0071696\,CTNNB1  HDAC2,10
0.041073514848894\,2\,13\,25.9820224719101\,GO:0071697 ectodermal placode morphogenesis\,http://amigo.geneontology.org/amigo/term/GO:0071697\,CTNNB1  HDAC2,10
0.041073514848894\,2\,29\,25.9820224719101\,GO:1903319 positive regulation of protein maturation\,http://amigo.geneontology.org/amigo/term/GO:1903319\,SOX4  ENO1,10
0.0414688324912276\,10\,952\,2.87411753007855\,GO:0019953 sexual reproduction\,http://amigo.geneontology.org/amigo/term/GO:0019953\,CECR2  CCT4  TCP1  CCT7  CCT5  CCT8  CCT3  CCT2  CTNNB1  RUVBL1,10
0.0419139948408666\,4\,252\,7.02216823565138\,GO:0009913 epidermal cell differentiation\,http://amigo.geneontology.org/amigo/term/GO:0009913\,TSG101  PPP3CA  HDAC2  CTNNB1,10
0.0430986782814353\,3\,77\,10.8258426966292\,GO:0003151 outflow tract morphogenesis\,http://amigo.geneontology.org/amigo/term/GO:0003151\,ILK  CTNNB1  SOX11,10
0.0433917813984062\,6\,150\,4.33033707865169\,GO:0009144 purine nucleoside triphosphate metabolic process\,http://amigo.geneontology.org/amigo/term/GO:0009144\,ATP5F1B  ATP5F1A  NDUFA9  NDUFS2  NDUFV1  ENO1,10
0.0433917813984062\,6\,152\,4.33033707865169\,GO:0009199 ribonucleoside triphosphate metabolic process\,http://amigo.geneontology.org/amigo/term/GO:0009199\,ATP5F1B  ATP5F1A  NDUFA9  NDUFS2  NDUFV1  ENO1,10
0.0434959918779259\,5\,92\,5.23831098223994\,GO:0015986 proton motive force-driven ATP synthesis\,http://amigo.geneontology.org/amigo/term/GO:0015986\,ATP5F1B  ATP5F1A  NDUFA9  NDUFS2  NDUFV1,10
0.0456360817437389\,15\,1118\,2.21437691521961\,GO:0051130 positive regulation of cellular component organization\,http://amigo.geneontology.org/amigo/term/GO:0051130\,DBN1  TERF2IP  HSP90AA1  TSG101  PPP3CA  CTNNB1  RUVBL1  CTTN  CCT4  TCP1  CCT7  CCT5  CCT8  CCT3  CCT2,10
0.0463385432007693\,7\,245\,3.69662921348315\,GO:0009152 purine ribonucleotide biosynthetic process\,http://amigo.geneontology.org/amigo/term/GO:0009152\,ATP5F1B  ATP5F1A  PDHB  NDUFA9  NDUFS2  NDUFV1  ENO1,10
0.0469491509366576\,6\,193\,4.2361993160723\,GO:0034250 positive regulation of cellular amide metabolic process\,http://amigo.geneontology.org/amigo/term/GO:0034250\,CNBP  PKM  SOX4  EIF4A3  EIF3E  CDC123,10
0.0469491509366576\,6\,244\,4.2361993160723\,GO:0060560 developmental growth involved in morphogenesis\,http://amigo.geneontology.org/amigo/term/GO:0060560\,DBN1  HSP90AA1  HSP90AB1  PTPRS  CTNNB1  CTTN,10
0.0484481417881195\,5\,322\,5.07461376404494\,GO:0001822 kidney development\,http://amigo.geneontology.org/amigo/term/GO:0001822\,SOX4  PPP3CA  ILK  CTNNB1  SOX11,10
0.0498891620004518\,30\,4103\,1.61982683740088\,GO:0065008 regulation of biological quality\,http://amigo.geneontology.org/amigo/term/GO:0065008\,PRDX1  ILK  HSP90AA1  CTTN  HSP90AB1  TNRC6B  DBN1  PPP3CA  RUVBL1  SMARCB1  FH  PTPRS  HSPA8  SOX4  EIF4A3  TUBA1A  CTNNB1  SOX11  MDM4  ATP5F1B  CCT4  TCP1  CCT7  SERF2  HSPD1  CCT5  CCT8  CCT3  CCT2  CNBP,10
0.0505065327161069\,16\,977\,2.1123595505618\,GO:0033365 protein localization to organelle\,http://amigo.geneontology.org/amigo/term/GO:0033365\,CCT4  TCP1  CCT7  CCT5  CCT8  CCT3  CCT2  HSPA8  HSPD1  KPNA2  TSG101  HSP90AA1  HSP90AB1  PPP3CA  TERF2IP  DCTN2,10
0.0534431267969879\,2\,28\,21.6516853932584\,GO:0003171 atrioventricular valve development\,http://amigo.geneontology.org/amigo/term/GO:0003171\,SOX4  MDM4,10
0.0534431267969879\,2\,25\,21.6516853932584\,GO:0003181 atrioventricular valve morphogenesis\,http://amigo.geneontology.org/amigo/term/GO:0003181\,SOX4  MDM4,10
0.0534431267969879\,2\,24\,21.6516853932584\,GO:0003283 atrial septum development\,http://amigo.geneontology.org/amigo/term/GO:0003283\,SOX4  MDM4,10
0.0534431267969879\,4\,88\,6.33707865168539\,GO:0006096 glycolytic process\,http://amigo.geneontology.org/amigo/term/GO:0006096\,PKM  ENO1  PGK1  LDHA,10
0.0534431267969879\,4\,89\,6.33707865168539\,GO:0006757 ATP generation from ADP\,http://amigo.geneontology.org/amigo/term/GO:0006757\,PKM  ENO1  PGK1  LDHA,10
0.0534431267969879\,22\,2320\,1.81577031252231\,GO:0008219 cell death\,http://amigo.geneontology.org/amigo/term/GO:0008219\,HSPD1  PTMA  RUVBL1  PKM  ENO1  HSP90AA1  CECR2  CTNNB1  CIAPIN1  CTTN  HSP90AB1  PSMC1  TCP1  SOX4  TRAP1  ATP5F1A  SOX11  PUF60  MDM4  MARCKS  SET  HDAC2,10
0.0534431267969879\,7\,258\,3.55222963483146\,GO:0009260 ribonucleotide biosynthetic process\,http://amigo.geneontology.org/amigo/term/GO:0009260\,ATP5F1B  ATP5F1A  PDHB  NDUFA9  NDUFS2  NDUFV1  ENO1,10
0.0534431267969879\,34\,4425\,1.54115276351177\,GO:0034654 nucleobase-containing compound biosynthetic process\,http://amigo.geneontology.org/amigo/term/GO:0034654\,SMARCB1  ATP5F1B  SOX4  ATP5F1A  TERF2IP  CTNNB1  PDHB  RUVBL1  SOX11  MAGEF1  PTMA  HDAC2  MDM4  NDUFA9  NDUFS2  NDUFV1  PKM  ENO1  HSP90AA1  HSP90AB1  HSPA8  SET  PPP3CA  ILF2  CNBP  TSG101  CCT4  TCP1  CCT7  CCT5  CCT8  CCT3  CCT2  ILK,10
0.0534431267969879\,6\,229\,4.05969101123596\,GO:0048588 developmental cell growth\,http://amigo.geneontology.org/amigo/term/GO:0048588\,DBN1  HSP90AA1  HSP90AB1  PTPRS  CTNNB1  CTTN,10
0.0534431267969879\,2\,13\,21.6516853932584\,GO:0061000 negative regulation of dendritic spine development\,http://amigo.geneontology.org/amigo/term/GO:0061000\,PTPRS  HDAC2,10
0.0534431267969879\,5\,331\,4.92083758937692\,GO:0072001 renal system development\,http://amigo.geneontology.org/amigo/term/GO:0072001\,SOX4  PPP3CA  ILK  CTNNB1  SOX11,10
0.0552282709808073\,10\,578\,2.7064606741573\,GO:0009117 nucleotide metabolic process\,http://amigo.geneontology.org/amigo/term/GO:0009117\,PKM  ENO1  PGK1  ATP5F1B  ATP5F1A  PDHB  NDUFA9  NDUFS2  NDUFV1  LDHA,10
0.0560872841300219\,5\,263\,4.7761070720423\,GO:0003007 heart morphogenesis\,http://amigo.geneontology.org/amigo/term/GO:0003007\,SOX4  ILK  CTNNB1  SOX11  MDM4,10
0.0560872841300219\,7\,269\,3.49757994814175\,GO:0006164 purine nucleotide biosynthetic process\,http://amigo.geneontology.org/amigo/term/GO:0006164\,ATP5F1B  ATP5F1A  PDHB  NDUFA9  NDUFS2  NDUFV1  ENO1,10
0.0560872841300219\,10\,588\,2.69523054687864\,GO:0006753 nucleoside phosphate metabolic process\,http://amigo.geneontology.org/amigo/term/GO:0006753\,PKM  ENO1  PGK1  ATP5F1B  ATP5F1A  PDHB  NDUFA9  NDUFS2  NDUFV1  LDHA,10
0.0560872841300219\,4\,186\,6.18619582664526\,GO:0048736 appendage development\,http://amigo.geneontology.org/amigo/term/GO:0048736\,SOX4  CTNNB1  SOX11  HDAC2,10
0.0560872841300219\,4\,186\,6.18619582664526\,GO:0060173 limb development\,http://amigo.geneontology.org/amigo/term/GO:0060173\,SOX4  CTNNB1  SOX11  HDAC2,10
0.0560872841300219\,4\,81\,6.18619582664526\,GO:2000756 regulation of peptidyl-lysine acetylation\,http://amigo.geneontology.org/amigo/term/GO:2000756\,SOX4  HDAC2  SMARCB1  SET,10
0.0564847847051479\,6\,173\,3.97684017427196\,GO:0009141 nucleoside triphosphate metabolic process\,http://amigo.geneontology.org/amigo/term/GO:0009141\,ATP5F1B  ATP5F1A  NDUFA9  NDUFS2  NDUFV1  ENO1,10
0.0592288702107552\,7\,265\,3.44458631256384\,GO:0046390 ribose phosphate biosynthetic process\,http://amigo.geneontology.org/amigo/term/GO:0046390\,ATP5F1B  ATP5F1A  PDHB  NDUFA9  NDUFS2  NDUFV1  ENO1,10
0.0617320737682588\,6\,345\,3.89730337078652\,GO:0042063 gliogenesis\,http://amigo.geneontology.org/amigo/term/GO:0042063\,SOX4  NDUFS2  ILK  CTNNB1  SOX11  HDAC2,10
0.0621209665122718\,5\,108\,4.63964686998395\,GO:0019646 aerobic electron transport chain\,http://amigo.geneontology.org/amigo/term/GO:0019646\,NDUFS2  NDUFV1  UQCRC1  UQCRC2  NDUFA9,10
0.0630837753599637\,3\,75\,8.85750766087845\,GO:0003281 ventricular septum development\,http://amigo.geneontology.org/amigo/term/GO:0003281\,SOX4  SOX11  MDM4,10
0.0630837753599637\,3\,95\,8.85750766087845\,GO:0048704 embryonic skeletal system morphogenesis\,http://amigo.geneontology.org/amigo/term/GO:0048704\,CTNNB1  SOX11  EIF4A3,10
0.0630837753599637\,7\,280\,3.39317457655543\,GO:0072522 purine-containing compound biosynthetic process\,http://amigo.geneontology.org/amigo/term/GO:0072522\,ATP5F1B  ATP5F1A  PDHB  NDUFA9  NDUFS2  NDUFV1  ENO1,10
0.0646098194638621\,5\,249\,4.57429973097009\,GO:0010001 glial cell differentiation\,http://amigo.geneontology.org/amigo/term/GO:0010001\,SOX4  ILK  CTNNB1  SOX11  HDAC2,10
0.0646921827884946\,2\,32\,18.5585874799358\,GO:0001975 response to amphetamine\,http://amigo.geneontology.org/amigo/term/GO:0001975\,PPP3CA  HDAC2,10
0.0646921827884946\,2\,19\,18.5585874799358\,GO:0006089 lactate metabolic process\,http://amigo.geneontology.org/amigo/term/GO:0006089\, LDHB  LDHA,10
0.0646921827884946\,34\,4503\,1.5085190642844\,GO:0018130 heterocycle biosynthetic process\,http://amigo.geneontology.org/amigo/term/GO:0018130\,SMARCB1  ATP5F1B  SOX4  ATP5F1A  TERF2IP  CTNNB1  PDHB  RUVBL1  SOX11  MAGEF1  PTMA  HDAC2  MDM4  NDUFA9  NDUFS2  NDUFV1  PKM  ENO1  HSP90AA1  HSP90AB1  HSPA8  SET  PPP3CA  ILF2  CNBP  TSG101  CCT4  TCP1  CCT7  CCT5  CCT8  CCT3  CCT2  ILK,10
0.0646921827884946\,34\,4513\,1.50955017779382\,GO:0019438 aromatic compound biosynthetic process\,http://amigo.geneontology.org/amigo/term/GO:0019438\,SMARCB1  ATP5F1B  SOX4  ATP5F1A  TERF2IP  CTNNB1  PDHB  RUVBL1  SOX11  MAGEF1  PTMA  HDAC2  MDM4  NDUFA9  NDUFS2  NDUFV1  PKM  ENO1  HSP90AA1  HSP90AB1  HSPA8  SET  PPP3CA  ILF2  CNBP  TSG101  CCT4  TCP1  CCT7  CCT5  CCT8  CCT3  CCT2  ILK,10
0.0646921827884946\,2\,16\,18.5585874799358\,GO:0099170 postsynaptic modulation of chemical synaptic transmission\,http://amigo.geneontology.org/amigo/term/GO:0099170\,PPP3CA  EIF4A3,10
0.0646921827884946\,2\,10\,18.5585874799358\,GO:1902415 regulation of mRNA binding\,http://amigo.geneontology.org/amigo/term/GO:1902415\,EIF4A3  EIF3E,10
0.0646921827884946\,2\,22\,18.5585874799358\,GO:1903902 positive regulation of viral life cycle\,http://amigo.geneontology.org/amigo/term/GO:1903902\,TSG101  KPNA2,10
0.0684178546407023\,3\,34\,8.4723986321446\,GO:0006099 tricarboxylic acid cycle\,http://amigo.geneontology.org/amigo/term/GO:0006099\,FH  IDH3B  PDHB,10
0.0712406736290242\,4\,97\,5.64826575476307\,GO:0046031 ADP metabolic process\,http://amigo.geneontology.org/amigo/term/GO:0046031\,PKM  ENO1  PGK1  LDHA,10
0.072402974805336\,6\,435\,3.71171749598716\,GO:0001503 ossification\,http://amigo.geneontology.org/amigo/term/GO:0001503\,ATP5F1B  PSMC2  PPP3CA  ILK  CTNNB1  SOX11,10
0.0743254784798954\,7\,178\,3.24775280898876\,GO:0002181 cytoplasmic translation\,http://amigo.geneontology.org/amigo/term/GO:0002181\,EIF3I  EIF4A1  CNBP  EIF3E  RPS8  RPLP2  PKM,10
0.0743254784798954\,33\,4309\,1.50845661782729\,GO:0010556 regulation of macromolecule biosynthetic process\,http://amigo.geneontology.org/amigo/term/GO:0010556\,SMARCB1  TNRC6B  SOX4  TERF2IP  CTNNB1  CNBP  RUVBL1  SOX11  MAGEF1  PTMA  HDAC2  MDM4  PKM  ENO1  HSP90AA1  HSP90AB1  HSPA8  SET  PPP3CA  EIF4A3  ILF2  TSG101  CCT4  TCP1  TRAP1  CCT7  CCT5  CCT8  CCT3  CCT2  ILK  EIF3E  CDC123,10
0.0764751678009613\,17\,2143\,1.92711335960939\,GO:0008283 cell population proliferation\,http://amigo.geneontology.org/amigo/term/GO:0008283\,C1orf56  HSPD1  CTNNB1  TSG101  SMARCB1  DBN1  PRDX1  SOX4  PPP3CA  NDUFS2  ILK  SOX11  HDAC2  ATP5F1A  CNBP  CDC123  MDM4,10
0.0764751678009613\,7\,413\,3.2247191011236\,GO:0045862 positive regulation of proteolysis\,http://amigo.geneontology.org/amigo/term/GO:0045862\,PSMC2  HSPD1  MAGEF1  PSMC4  PSMC1  ENO1  HDAC2,10
0.0792474060152609\,2\,38\,16.2387640449438\,GO:0003230 cardiac atrium development\,http://amigo.geneontology.org/amigo/term/GO:0003230\,SOX4  MDM4,10
0.0792474060152609\,4\,105\,5.41292134831461\,GO:0006165 nucleoside diphosphate phosphorylation\,http://amigo.geneontology.org/amigo/term/GO:0006165\,PKM  ENO1  PGK1  LDHA,10
0.0792474060152609\,2\,46\,16.2387640449438\,GO:0014075 response to amine\,http://amigo.geneontology.org/amigo/term/GO:0014075\,PPP3CA  HDAC2,10
0.0792474060152609\,5\,116\,4.27335895919574\,GO:0042773 ATP synthesis coupled electron transport\,http://amigo.geneontology.org/amigo/term/GO:0042773\,NDUFS2  NDUFV1  UQCRC1  UQCRC2  NDUFA9,10
0.0792474060152609\,5\,116\,4.27335895919574\,GO:0042775 mitochondrial ATP synthesis coupled electron transport\,http://amigo.geneontology.org/amigo/term/GO:0042775\,NDUFS2  NDUFV1  UQCRC1  UQCRC2  NDUFA9,10
0.0792474060152609\,4\,153\,5.41292134831461\,GO:0050768 negative regulation of neurogenesis\,http://amigo.geneontology.org/amigo/term/GO:0050768\,PTPRS  PPP3CA  CTNNB1  SOX11,10
0.0792474060152609\,13\,1687\,2.17073452528812\,GO:0051240 positive regulation of multicellular organismal process\,http://amigo.geneontology.org/amigo/term/GO:0051240\,DBN1  HSPD1  SMARCB1  HDAC2  HSP90AA1  FH  SOX4  PPP3CA  CTNNB1  SOX11  ENO1  PKM  CTTN,10
0.081057781209877\,3\,157\,7.79460674157303\,GO:0072006 nephron development\,http://amigo.geneontology.org/amigo/term/GO:0072006\,PPP3CA  ILK  CTNNB1,10
0.0857279142991363\,5\,373\,4.1637856525497\,GO:0001655 urogenital system development\,http://amigo.geneontology.org/amigo/term/GO:0001655\,SOX4  PPP3CA  ILK  CTNNB1  SOX11,10
0.0862604078437721\,13\,1635\,2.14318713283523\,GO:0022414 reproductive process\,http://amigo.geneontology.org/amigo/term/GO:0022414\,CECR2  HSP90AB1  CCT4  TCP1  CCT7  CCT5  CCT8  CCT3  CCT2  CTNNB1  PSMD13  HDAC2  RUVBL1,10
0.0878569282446405\,4\,107\,5.19640449438202\,GO:0046939 nucleotide phosphorylation\,http://amigo.geneontology.org/amigo/term/GO:0046939\,PKM  ENO1  PGK1  LDHA,10
0.0878569282446405\,4\,158\,5.19640449438202\,GO:0051961 negative regulation of nervous system development\,http://amigo.geneontology.org/amigo/term/GO:0051961\,PTPRS  PPP3CA  CTNNB1  SOX11,10
0.0878569282446405\,10\,660\,2.46041879468846\,GO:0055086 nucleobase-containing small molecule metabolic process\,http://amigo.geneontology.org/amigo/term/GO:0055086\,PKM  ENO1  PGK1  ATP5F1B  ATP5F1A  PDHB  NDUFA9  NDUFS2  NDUFV1  LDHA,10
0.0879073186079874\,3\,52\,7.49481417458946\,GO:0006458 de novo protein folding\,http://amigo.geneontology.org/amigo/term/GO:0006458\,HSPA8  CCT2  HSPD1,10
0.0879073186079874\,5\,191\,4.11107950504907\,GO:0008361 regulation of cell size\,http://amigo.geneontology.org/amigo/term/GO:0008361\,DBN1  HSP90AA1  HSP90AB1  PTPRS  CTTN,10
0.0880395756033179\,13\,1644\,2.12699176407325\,GO:0000003 reproduction\,http://amigo.geneontology.org/amigo/term/GO:0000003\,CECR2  HSP90AB1  CCT4  TCP1  CCT7  CCT5  CCT8  CCT3  CCT2  CTNNB1  PSMD13  HDAC2  RUVBL1,10
0.0880395756033179\,7\,334\,3.09309791332263\,GO:0009165 nucleotide biosynthetic process\,http://amigo.geneontology.org/amigo/term/GO:0009165\,ATP5F1B  ATP5F1A  PDHB  NDUFA9  NDUFS2  NDUFV1  ENO1,10
0.0880395756033179\,20\,2127\,1.7626880917171\,GO:0012501 programmed cell death\,http://amigo.geneontology.org/amigo/term/GO:0012501\,HSPD1  PTMA  RUVBL1  PKM  ENO1  HSP90AA1  CECR2  CTNNB1  CIAPIN1  CTTN  HSP90AB1  TCP1  TRAP1  ATP5F1A  PUF60  MDM4  MARCKS  SET  SOX4  HDAC2,10
0.0880395756033179\,6\,367\,3.47973515248796\,GO:0019058 viral life cycle\,http://amigo.geneontology.org/amigo/term/GO:0019058\,SMARCB1  TSG101  HSPA8  HSP90AB1  SLC3A2  KPNA2,10
0.0880395756033179\,7\,337\,3.09309791332263\,GO:1901293 nucleoside phosphate biosynthetic process\,http://amigo.geneontology.org/amigo/term/GO:1901293\,ATP5F1B  ATP5F1A  PDHB  NDUFA9  NDUFS2  NDUFV1  ENO1,10
0.0900064019156923\,4\,130\,5.09451421017845\,GO:0001838 embryonic epithelial tube formation\,http://amigo.geneontology.org/amigo/term/GO:0001838\,CECR2  SOX4  CTNNB1  SOX11,10
0.0900064019156923\,4\,110\,5.09451421017845\,GO:0009135 purine nucleoside diphosphate metabolic process\,http://amigo.geneontology.org/amigo/term/GO:0009135\,PKM  ENO1  PGK1  LDHA,10
0.0900064019156923\,4\,110\,5.09451421017845\,GO:0009179 purine ribonucleoside diphosphate metabolic process\,http://amigo.geneontology.org/amigo/term/GO:0009179\,PKM  ENO1  PGK1  LDHA,10
0.090786561898776\,2\,22\,14.434456928839\,GO:0002089 lens morphogenesis in camera-type eye\,http://amigo.geneontology.org/amigo/term/GO:0002089\,CTNNB1  SOX11,10
0.090786561898776\,2\,35\,14.434456928839\,GO:0009651 response to salt stress\,http://amigo.geneontology.org/amigo/term/GO:0009651\,HSP90AA1  HSP90AB1,10
0.090786561898776\,17\,1810\,1.871586364502\,GO:0010941 regulation of cell death\,http://amigo.geneontology.org/amigo/term/GO:0010941\,PTMA  RUVBL1  ENO1  HSP90AA1  CTNNB1  CIAPIN1  CTTN  HSP90AB1  PSMC1  TCP1  SOX4  TRAP1  SOX11  MDM4  SET  HSPD1  HDAC2,10
0.090786561898776\,2\,69\,14.434456928839\,GO:0031638 zymogen activation\,http://amigo.geneontology.org/amigo/term/GO:0031638\,ENO1  PGK1,10
0.090786561898776\,2\,35\,14.434456928839\,GO:0032607 interferon-alpha production\,http://amigo.geneontology.org/amigo/term/GO:0032607\,HSPD1  PTPRS,10
0.090786561898776\,2\,35\,14.434456928839\,GO:0032647 regulation of interferon-alpha production\,http://amigo.geneontology.org/amigo/term/GO:0032647\,HSPD1  PTPRS,10
0.090786561898776\,2\,51\,14.434456928839\,GO:0048546 digestive tract morphogenesis\,http://amigo.geneontology.org/amigo/term/GO:0048546\,CTNNB1  SOX11,10
0.0907893119632365\,3\,130\,7.21722846441947\,GO:0048706 embryonic skeletal system development\,http://amigo.geneontology.org/amigo/term/GO:0048706\,CTNNB1  SOX11  EIF4A3,10
0.091365087329799\,22\,1888\,1.6871443163578\,GO:1901566 organonitrogen compound biosynthetic process\,http://amigo.geneontology.org/amigo/term/GO:1901566\,EIF3I  TNRC6B  EIF3E  ATP5F1B  ATP5F1A  EIF4A1  PDHB  CNBP  HARS1  TUFM  NDUFA9  RPS8  NDUFS2  NDUFV1  RPLP2  ENO1  EIF4A3  PKM  SOX4  TRAP1  CTNNB1  CDC123,10
0.0914587065908935\,4\,157\,4.99654278305964\,GO:0016331 morphogenesis of embryonic epithelium\,http://amigo.geneontology.org/amigo/term/GO:0016331\,CECR2  SOX4  CTNNB1  SOX11,10
0.0914587065908935\,20\,3024\,1.74610366074665\,GO:0051239 regulation of multicellular organismal process\,http://amigo.geneontology.org/amigo/term/GO:0051239\,DBN1  HSPD1  SMARCB1  CTNNB1  HDAC2  HSP90AA1  HSP90AB1  FH  PTPRS  SOX4  PPP3CA  EIF4A3  RUVBL1  SOX11  ENO1  ATP5F1B  ATP5F1A  PKM  CTTN  PGK1,10
0.0914587065908935\,4\,143\,4.99654278305964\,GO:0072175 epithelial tube formation\,http://amigo.geneontology.org/amigo/term/GO:0072175\,CECR2  SOX4  CTNNB1  SOX11,10
0.0919878274712937\,33\,4433\,1.47219564143721\,GO:0019219 regulation of nucleobase-containing compound metabolic process\,http://amigo.geneontology.org/amigo/term/GO:0019219\,SMARCB1  TNRC6B  SOX4  TERF2IP  CTNNB1  HNRNPH1  RUVBL1  SOX11  MAGEF1  PUF60  PTMA  HDAC2  MDM4  PKM  ENO1  HSP90AA1  HSP90AB1  HSPA8  SET  PPP3CA  EIF4A3  ILF2  CNBP  TSG101  CCT4  TCP1  CCT7  CCT5  CCT8  CCT3  CCT2  ILK  KPNA2,10
0.0923971181688621\,9\,680\,2.55281880182523\,GO:0043009 chordate embryonic development\,http://amigo.geneontology.org/amigo/term/GO:0043009\,PSMC4  CECR2  SMARCB1  DBN1  SOX4  CTNNB1  SOX11  MARCKS  EIF4A3,10
0.0923971181688621\,34\,4676\,1.4577372343976\,GO:1901362 organic cyclic compound biosynthetic process\,http://amigo.geneontology.org/amigo/term/GO:1901362\,SMARCB1  ATP5F1B  SOX4  ATP5F1A  TERF2IP  CTNNB1  PDHB  RUVBL1  SOX11  MAGEF1  PTMA  HDAC2  MDM4  NDUFA9  NDUFS2  NDUFV1  PKM  ENO1  HSP90AA1  HSP90AB1  HSPA8  SET  PPP3CA  ILF2  CNBP  TSG101  CCT4  TCP1  CCT7  CCT5  CCT8  CCT3  CCT2  ILK,10
0.0928200782009224\,33\,4482\,1.47017616867804\,GO:0031326 regulation of cellular biosynthetic process\,http://amigo.geneontology.org/amigo/term/GO:0031326\,SMARCB1  TNRC6B  SOX4  TERF2IP  CTNNB1  CNBP  RUVBL1  SOX11  MAGEF1  PTMA  HDAC2  MDM4  PKM  ENO1  HSP90AA1  HSP90AB1  HSPA8  SET  PPP3CA  EIF4A3  ILF2  TSG101  CCT4  TCP1  TRAP1  CCT7  CCT5  CCT8  CCT3  CCT2  ILK  EIF3E  CDC123,10
0.0943618393911757\,8\,451\,2.73494973388527\,GO:0042176 regulation of protein catabolic process\,http://amigo.geneontology.org/amigo/term/GO:0042176\,PSMC2  HSP90AB1  MAGEF1  PSMC4  PSMC1  PSMD3  HSP90AA1  MDM4,10
0.0952083700361082\,3\,109\,6.95947030497592\,GO:0014013 regulation of gliogenesis\,http://amigo.geneontology.org/amigo/term/GO:0014013\,CTNNB1  SOX11  HDAC2,10
0.0952083700361082\,5\,137\,3.91295519155273\,GO:0022904 respiratory electron transport chain\,http://amigo.geneontology.org/amigo/term/GO:0022904\,NDUFS2  NDUFV1  UQCRC1  UQCRC2  NDUFA9,10
0.0952083700361082\,3\,57\,6.95947030497592\,GO:0060998 regulation of dendritic spine development\,http://amigo.geneontology.org/amigo/term/GO:0060998\,DBN1  PTPRS  HDAC2,10
0.0952083700361082\,3\,57\,6.95947030497592\,GO:1901985 positive regulation of protein acetylation\,http://amigo.geneontology.org/amigo/term/GO:1901985\,SOX4  SMARCB1  TERF2IP,10
0.0988835795077613\,11\,964\,2.24687301250795\,GO:0043066 negative regulation of apoptotic process\,http://amigo.geneontology.org/amigo/term/GO:0043066\,PTMA  ENO1  CIAPIN1  CTTN  HSP90AB1  TRAP1  CTNNB1  MDM4  SET  HSPD1  HDAC2,10
0.0997179053748741\,4\,120\,4.81148564294632\,GO:0009185 ribonucleoside diphosphate metabolic process\,http://amigo.geneontology.org/amigo/term/GO:0009185\,PKM  ENO1  PGK1  LDHA,10
0.0999844493828541\,6\,234\,3.30279946676823\,GO:0017038 protein import\,http://amigo.geneontology.org/amigo/term/GO:0017038\,HSPD1  KPNA2  HSP90AA1  HSP90AB1  PPP3CA  HSPA8,10
0.0999844493828541\,20\,1859\,1.72294578726194\,GO:0065003 protein-containing complex assembly\,http://amigo.geneontology.org/amigo/term/GO:0065003\,CTTN  DBN1  RUVBL1  PUF60  EIF3I  EIF3E  HSP90AA1  HSP90AB1  MDM4  SMARCB1  SET  CCT8  NDUFS2  CCT3  NDUFA9  CCT2  HSPD1  CDC123  TCP1  HSPA8,10
0.100145087986725\,12\,852\,2.14137547845413\,GO:0060341 regulation of cellular localization\,http://amigo.geneontology.org/amigo/term/GO:0060341\,CCT4  TCP1  CCT7  CCT5  CCT8  CCT3  CCT2  PPP3CA  HSP90AB1  CTNNB1  TSG101  HSP90AA1,10
0.100160006738277\,2\,63\,12.9910112359551\,GO:0001658 branching involved in ureteric bud morphogenesis\,http://amigo.geneontology.org/amigo/term/GO:0001658\,ILK  CTNNB1,10
0.100160006738277\,2\,28\,12.9910112359551\,GO:0006929 substrate-dependent cell migration\,http://amigo.geneontology.org/amigo/term/GO:0006929\,CTTN  ATP5F1B,10
0.100160006738277\,2\,53\,12.9910112359551\,GO:0045429 positive regulation of nitric oxide biosynthetic process\,http://amigo.geneontology.org/amigo/term/GO:0045429\,HSP90AA1  HSP90AB1,10
0.100160006738277\,2\,21\,12.9910112359551\,GO:0046931 pore complex assembly\,http://amigo.geneontology.org/amigo/term/GO:0046931\,CCT8  CCT3,10
0.100160006738277\,2\,45\,12.9910112359551\,GO:0048713 regulation of oligodendrocyte differentiation\,http://amigo.geneontology.org/amigo/term/GO:0048713\,CTNNB1  HDAC2,10
0.100160006738277\,2\,57\,12.9910112359551\,GO:0060425 lung morphogenesis\,http://amigo.geneontology.org/amigo/term/GO:0060425\,CTNNB1  SOX11,10
0.100160006738277\,2\,57\,12.9910112359551\,GO:0090279 regulation of calcium ion import\,http://amigo.geneontology.org/amigo/term/GO:0090279\,PPP3CA  CTNNB1,10
0.100160006738277\,2\,55\,12.9910112359551\,GO:1904407 positive regulation of nitric oxide metabolic process\,http://amigo.geneontology.org/amigo/term/GO:1904407\,HSP90AA1  HSP90AB1,10
0.100160006738277\,2\,13\,12.9910112359551\,GO:1905214 regulation of RNA binding\,http://amigo.geneontology.org/amigo/term/GO:1905214\,EIF4A3  EIF3E,10
0.100962539598055\,4\,313\,4.72400408580184\,GO:0043588 skin development\,http://amigo.geneontology.org/amigo/term/GO:0043588\,TSG101  PPP3CA  CTNNB1  HDAC2,10
0.101881084086121\,11\,987\,2.21896154651406\,GO:0043069 negative regulation of programmed cell death\,http://amigo.geneontology.org/amigo/term/GO:0043069\,PTMA  ENO1  CIAPIN1  CTTN  HSP90AB1  TRAP1  CTNNB1  MDM4  SET  HSPD1  HDAC2,10
0.106662652586451\,3\,125\,6.49550561797753\,GO:0002065 columnar/cuboidal epithelial cell differentiation\,http://amigo.geneontology.org/amigo/term/GO:0002065\,SOX4  CTNNB1  SOX11,10
0.106662652586451\,3\,110\,6.49550561797753\,GO:0003279 cardiac septum development\,http://amigo.geneontology.org/amigo/term/GO:0003279\,SOX4  SOX11  MDM4,10
0.106662652586451\,9\,702\,2.45628363705033\,GO:0009792 embryo development ending in birth or egg hatching\,http://amigo.geneontology.org/amigo/term/GO:0009792\,PSMC4  CECR2  SMARCB1  DBN1  SOX4  CTNNB1  SOX11  MARCKS  EIF4A3,10
0.106662652586451\,33\,4545\,1.4483221986031\,GO:0009889 regulation of biosynthetic process\,http://amigo.geneontology.org/amigo/term/GO:0009889\,SMARCB1  TNRC6B  SOX4  TERF2IP  CTNNB1  CNBP  RUVBL1  SOX11  MAGEF1  PTMA  HDAC2  MDM4  PKM  ENO1  HSP90AA1  HSP90AB1  HSPA8  SET  PPP3CA  EIF4A3  ILF2  TSG101  CCT4  TCP1  TRAP1  CCT7  CCT5  CCT8  CCT3  CCT2  ILK  EIF3E  CDC123,10
0.106662652586451\,25\,2795\,1.57657903348969\,GO:0051246 regulation of protein metabolic process\,http://amigo.geneontology.org/amigo/term/GO:0051246\,TNRC6B  CNBP  HSP90AB1  PSMC2  HSP90AA1  SOX4  EIF4A3  HSPD1  CTNNB1  MAGEF1  PSMC4  PKM  PSMC1  PSMD3  HDAC2  TSG101  ENO1  SMARCB1  TRAP1  ILK  TERF2IP  MDM4  EIF3E  CDC123  SET,10
0.107001648191085\,15\,2086\,1.90298016151685\,GO:0009888 tissue development\,http://amigo.geneontology.org/amigo/term/GO:0009888\,TSG101  CECR2  SMARCB1  PTPRS  SOX4  MSI1  PPP3CA  ILK  CTNNB1  SOX11  HDAC2  MARCKS  PGK1  MDM4  DAAM1,10
0.107455138221258\,8\,522\,2.62444671433436\,GO:0016049 cell growth\,http://amigo.geneontology.org/amigo/term/GO:0016049\,DBN1  ENO1  TSG101  HSP90AA1  HSP90AB1  PTPRS  CTNNB1  CTTN,10
0.109758485896914\,4\,173\,4.55824955647546\,GO:0016052 carbohydrate catabolic process\,http://amigo.geneontology.org/amigo/term/GO:0016052\,PKM  ENO1  PGK1  LDHA,10
0.109758485896914\,5\,488\,3.69062819203269\,GO:0050863 regulation of T cell activation\,http://amigo.geneontology.org/amigo/term/GO:0050863\,HSPD1  SMARCB1  SOX4  PPP3CA  CTNNB1,10
0.109758485896914\,22\,2312\,1.63877435315947\,GO:1901575 organic substance catabolic process\,http://amigo.geneontology.org/amigo/term/GO:1901575\,PSMC4  PKM  ENO1  TNRC6B  PSMC1  PGK1  PSMD3  HSPA8  UBC  PSMC2  PSMD6  PSMD13  TSG101  HSP90AB1  EIF4A3  CTNNB1  MAGEF1  HSP90AA1  EIF3E  MDM4  LDHA  CECR2,10
0.11260692335715\,4\,157\,4.47965904688105\,GO:0035148 tube formation\,http://amigo.geneontology.org/amigo/term/GO:0035148\,CECR2  SOX4  CTNNB1  SOX11,10
0.11260692335715\,3\,127\,6.28597317868793\,GO:0045471 response to ethanol\,http://amigo.geneontology.org/amigo/term/GO:0045471\,ATP5F1A  TUFM  HDAC2,10
0.11260692335715\,3\,104\,6.28597317868793\,GO:0048709 oligodendrocyte differentiation\,http://amigo.geneontology.org/amigo/term/GO:0048709\,CTNNB1  SOX11  HDAC2,10
0.11260692335715\,2\,41\,11.8100102145046\,GO:0060412 ventricular septum morphogenesis\,http://amigo.geneontology.org/amigo/term/GO:0060412\,SOX4  SOX11,10
0.11260692335715\,2\,41\,11.8100102145046\,GO:0060563 neuroepithelial cell differentiation\,http://amigo.geneontology.org/amigo/term/GO:0060563\,SOX4  SOX11,10
0.11260692335715\,2\,70\,11.8100102145046\,GO:0060675 ureteric bud morphogenesis\,http://amigo.geneontology.org/amigo/term/GO:0060675\,ILK  CTNNB1,10
0.11260692335715\,4\,157\,4.47965904688105\,GO:0061351 neural precursor cell proliferation\,http://amigo.geneontology.org/amigo/term/GO:0061351\,DBN1  NDUFS2  ILK  CTNNB1,10
0.11260692335715\,2\,16\,11.8100102145046\,GO:0061684 chaperone-mediated autophagy\,http://amigo.geneontology.org/amigo/term/GO:0061684\,HSPA8  HSP90AA1,10
0.11260692335715\,2\,71\,11.8100102145046\,GO:0072171 mesonephric tubule morphogenesis\,http://amigo.geneontology.org/amigo/term/GO:0072171\,ILK  CTNNB1,10
0.113625333197404\,12\,1151\,2.07303370786517\,GO:1901135 carbohydrate derivative metabolic process\,http://amigo.geneontology.org/amigo/term/GO:1901135\,PKM  ENO1  PGK1  ATP5F1B  SCCPDH  ATP5F1A  PDHB  NDUFA9  NDUFS2  NDUFV1  CTNNB1  LDHA,10
0.114174346902152\,4\,133\,4.25934794621477\,GO:0000018 regulation of DNA recombination\,http://amigo.geneontology.org/amigo/term/GO:0000018\,RUVBL1  MAGEF1  TERF2IP  KPNA2,10
0.114174346902152\,1\,10\,64.9550561797753\,GO:0001840 neural plate development\,http://amigo.geneontology.org/amigo/term/GO:0001840\,CTNNB1,10
0.114174346902152\,3\,41\,5.9050051072523\,GO:0002183 cytoplasmic translational initiation\,http://amigo.geneontology.org/amigo/term/GO:0002183\,EIF3I  EIF4A1  EIF3E,10
0.114174346902152\,1\,7\,64.9550561797753\,GO:0002842 positive regulation of T cell mediated immune response to tumor cell\,http://amigo.geneontology.org/amigo/term/GO:0002842\,HSPD1,10
0.114174346902152\,1\,12\,64.9550561797753\,GO:0003337 mesenchymal to epithelial transition involved in metanephros morphogenesis\,http://amigo.geneontology.org/amigo/term/GO:0003337\,CTNNB1,10
0.114174346902152\,1\,7\,64.9550561797753\,GO:0003339 regulation of mesenchymal to epithelial transition involved in metanephros morphogenesis\,http://amigo.geneontology.org/amigo/term/GO:0003339\,CTNNB1,10
0.114174346902152\,2\,13\,10.8258426966292\,GO:0006122 mitochondrial electron transport ubiquinol to cytochrome c\,http://amigo.geneontology.org/amigo/term/GO:0006122\,UQCRC1  UQCRC2,10
0.114174346902152\,14\,784\,1.91044282881692\,GO:0006412 translation\,http://amigo.geneontology.org/amigo/term/GO:0006412\,EIF3I  TNRC6B  EIF3E  EIF4A1  CNBP  HARS1  TUFM  RPS8  RPLP2  EIF4A3  PKM  SOX4  TRAP1  CDC123,10
0.114174346902152\,6\,252\,3.06874281164293\,GO:0006473 protein acetylation\,http://amigo.geneontology.org/amigo/term/GO:0006473\,RUVBL1  SOX4  HDAC2  SMARCB1  TERF2IP  SET,10
0.114174346902152\,19\,2065\,1.70462164007698\,GO:0006915 apoptotic process\,http://amigo.geneontology.org/amigo/term/GO:0006915\,HSPD1  PTMA  RUVBL1  ENO1  HSP90AA1  CECR2  CTNNB1  CIAPIN1  CTTN  HSP90AB1  TCP1  TRAP1  ATP5F1A  PUF60  MDM4  MARCKS  SET  SOX4  HDAC2,10
0.114174346902152\,8\,772\,2.49827139152982\,GO:0008285 negative regulation of cell population proliferation\,http://amigo.geneontology.org/amigo/term/GO:0008285\,CTNNB1  TSG101  SMARCB1  ILK  SOX11  SOX4  ATP5F1A  MDM4,10
0.114174346902152\,18\,1514\,1.73470476444504\,GO:0009057 macromolecule catabolic process\,http://amigo.geneontology.org/amigo/term/GO:0009057\,PSMC4  TNRC6B  PSMC1  PSMD3  HSPA8  UBC  PSMC2  PSMD6  PSMD13  TSG101  HSP90AB1  EIF4A3  CTNNB1  MAGEF1  HSP90AA1  EIF3E  MDM4  CECR2,10
0.114174346902152\,4\,139\,4.33033707865169\,GO:0009132 nucleoside diphosphate metabolic process\,http://amigo.geneontology.org/amigo/term/GO:0009132\,PKM  ENO1  PGK1  LDHA,10
0.114174346902152\,1\,3\,64.9550561797753\,GO:0009386 translational attenuation\,http://amigo.geneontology.org/amigo/term/GO:0009386\,TRAP1,10
0.114174346902152\,9\,1105\,2.39588321974581\,GO:0009887 animal organ morphogenesis\,http://amigo.geneontology.org/amigo/term/GO:0009887\,SOX4  PPP3CA  ILK  CTNNB1  SOX11  EIF4A3  HDAC2  MDM4  DAAM1,10
0.114174346902152\,4\,196\,4.40373262235765\,GO:0010721 negative regulation of cell development\,http://amigo.geneontology.org/amigo/term/GO:0010721\,PTPRS  PPP3CA  CTNNB1  SOX11,10
0.114174346902152\,1\,3\,64.9550561797753\,GO:0010909 positive regulation of heparan sulfate proteoglycan biosynthetic process\,http://amigo.geneontology.org/amigo/term/GO:0010909\,CTNNB1,10
0.114174346902152\,3\,102\,6.08953651685393\,GO:0021510 spinal cord development\,http://amigo.geneontology.org/amigo/term/GO:0021510\,PTPRS  SOX4  SOX11,10
0.114174346902152\,1\,3\,64.9550561797753\,GO:0030997 regulation of centriole-centriole cohesion\,http://amigo.geneontology.org/amigo/term/GO:0030997\,CTNNB1,10
0.114174346902152\,3\,120\,5.9050051072523\,GO:0032479 regulation of type I interferon production\,http://amigo.geneontology.org/amigo/term/GO:0032479\,HSPD1  HSP90AA1  PTPRS,10
0.114174346902152\,3\,120\,5.9050051072523\,GO:0032606 type I interferon production\,http://amigo.geneontology.org/amigo/term/GO:0032606\,HSPD1  HSP90AA1  PTPRS,10
0.114174346902152\,1\,9\,64.9550561797753\,GO:0032687 negative regulation of interferon-alpha production\,http://amigo.geneontology.org/amigo/term/GO:0032687\, PTPRS,10
0.114174346902152\,1\,7\,64.9550561797753\,GO:0034164 negative regulation of toll-like receptor 9 signaling pathway\,http://amigo.geneontology.org/amigo/term/GO:0034164\, PTPRS,10
0.114174346902152\,1\,5\,64.9550561797753\,GO:0035905 ascending aorta development\,http://amigo.geneontology.org/amigo/term/GO:0035905\,SOX4,10
0.114174346902152\,1\,4\,64.9550561797753\,GO:0035910 ascending aorta morphogenesis\,http://amigo.geneontology.org/amigo/term/GO:0035910\,SOX4,10
0.114174346902152\,1\,5\,64.9550561797753\,GO:0036022 limb joint morphogenesis\,http://amigo.geneontology.org/amigo/term/GO:0036022\,CTNNB1,10
0.114174346902152\,1\,3\,64.9550561797753\,GO:0036023 embryonic skeletal limb joint morphogenesis\,http://amigo.geneontology.org/amigo/term/GO:0036023\,CTNNB1,10
0.114174346902152\,1\,11\,64.9550561797753\,GO:0036363 transforming growth factor beta activation\,http://amigo.geneontology.org/amigo/term/GO:0036363\,HSP90AB1,10
0.114174346902152\,1\,13\,64.9550561797753\,GO:0042492 gamma-delta T cell differentiation\,http://amigo.geneontology.org/amigo/term/GO:0042492\,SOX4,10
0.114174346902152\,1\,5\,64.9550561797753\,GO:0042640 anagen\,http://amigo.geneontology.org/amigo/term/GO:0042640\,CTNNB1,10
0.114174346902152\,15\,1594\,1.82800345721694\,GO:0042981 regulation of apoptotic process\,http://amigo.geneontology.org/amigo/term/GO:0042981\,PTMA  RUVBL1  ENO1  HSP90AA1  CTNNB1  CIAPIN1  CTTN  HSP90AB1  TCP1  TRAP1  MDM4  SET  SOX4  HSPD1  HDAC2,10
0.114174346902152\,14\,814\,1.88666138281505\,GO:0043043 peptide biosynthetic process\,http://amigo.geneontology.org/amigo/term/GO:0043043\,EIF3I  TNRC6B  EIF3E  EIF4A1  CNBP  HARS1  TUFM  RPS8  RPLP2  EIF4A3  PKM  SOX4  TRAP1  CDC123,10
0.114174346902152\,15\,959\,1.83488859264902\,GO:0043604 amide biosynthetic process\,http://amigo.geneontology.org/amigo/term/GO:0043604\,EIF3I  TNRC6B  EIF3E  EIF4A1  PDHB  CNBP  HARS1  TUFM  RPS8  RPLP2  EIF4A3  PKM  SOX4  TRAP1  CDC123,10
0.114174346902152\,1\,9\,64.9550561797753\,GO:0045586 regulation of gamma-delta T cell differentiation\,http://amigo.geneontology.org/amigo/term/GO:0045586\,SOX4,10
0.114174346902152\,1\,7\,64.9550561797753\,GO:0045588 positive regulation of gamma-delta T cell differentiation\,http://amigo.geneontology.org/amigo/term/GO:0045588\,SOX4,10
0.114174346902152\,1\,12\,64.9550561797753\,GO:0046643 regulation of gamma-delta T cell activation\,http://amigo.geneontology.org/amigo/term/GO:0046643\,SOX4,10
0.114174346902152\,1\,10\,64.9550561797753\,GO:0046645 positive regulation of gamma-delta T cell activation\,http://amigo.geneontology.org/amigo/term/GO:0046645\,SOX4,10
0.114174346902152\,1\,3\,64.9550561797753\,GO:0046878 positive regulation of saliva secretion\,http://amigo.geneontology.org/amigo/term/GO:0046878\,PPP3CA,10
0.114174346902152\,7\,663\,2.75566905005107\,GO:0048729 tissue morphogenesis\,http://amigo.geneontology.org/amigo/term/GO:0048729\,CECR2  SOX4  ILK  CTNNB1  SOX11  MDM4  DAAM1,10
0.114174346902152\,6\,386\,3.04476825842697\,GO:0050767 regulation of neurogenesis\,http://amigo.geneontology.org/amigo/term/GO:0050767\,DBN1  CTNNB1  PTPRS  PPP3CA  SOX11  HDAC2,10
0.114174346902152\,4\,348\,4.25934794621477\,GO:0050870 positive regulation of T cell activation\,http://amigo.geneontology.org/amigo/term/GO:0050870\,HSPD1  SMARCB1  SOX4  PPP3CA,10
0.114174346902152\,7\,386\,2.73906863408691\,GO:0051098 regulation of binding\,http://amigo.geneontology.org/amigo/term/GO:0051098\,HSP90AB1  PPP3CA  EIF4A3  CTNNB1  SOX11  HDAC2  EIF3E,10
0.114174346902152\,6\,629\,3.06874281164293\,GO:0051249 regulation of lymphocyte activation\,http://amigo.geneontology.org/amigo/term/GO:0051249\,HSPD1  SMARCB1  SOX4  PPP3CA  CTNNB1  SOX11,10
0.114174346902152\,1\,5\,64.9550561797753\,GO:0051884 regulation of timing of anagen\,http://amigo.geneontology.org/amigo/term/GO:0051884\,CTNNB1,10
0.114174346902152\,1\,9\,64.9550561797753\,GO:0060023 soft palate development\,http://amigo.geneontology.org/amigo/term/GO:0060023\,SOX11,10
0.114174346902152\,1\,6\,64.9550561797753\,GO:0060066 oviduct development\,http://amigo.geneontology.org/amigo/term/GO:0060066\,CTNNB1,10
0.114174346902152\,1\,3\,64.9550561797753\,GO:0060423 foregut regionalization\,http://amigo.geneontology.org/amigo/term/GO:0060423\,CTNNB1,10
0.114174346902152\,1\,3\,64.9550561797753\,GO:0060424 lung field specification\,http://amigo.geneontology.org/amigo/term/GO:0060424\,CTNNB1,10
0.114174346902152\,1\,4\,64.9550561797753\,GO:0060431 primary lung bud formation\,http://amigo.geneontology.org/amigo/term/GO:0060431\,CTNNB1,10
0.114174346902152\,1\,17\,64.9550561797753\,GO:0060456 positive regulation of digestive system process\,http://amigo.geneontology.org/amigo/term/GO:0060456\,PPP3CA,10
0.114174346902152\,1\,3\,64.9550561797753\,GO:0060492 lung induction\,http://amigo.geneontology.org/amigo/term/GO:0060492\,CTNNB1,10
0.114174346902152\,5\,356\,3.53016609672692\,GO:0060562 epithelial tube morphogenesis\,http://amigo.geneontology.org/amigo/term/GO:0060562\,CECR2  SOX4  ILK  CTNNB1  SOX11,10
0.114174346902152\,1\,16\,64.9550561797753\,GO:0060572 morphogenesis of an epithelial bud\,http://amigo.geneontology.org/amigo/term/GO:0060572\,CTNNB1,10
0.114174346902152\,1\,3\,64.9550561797753\,GO:0060769 positive regulation of epithelial cell proliferation involved in prostate gland development\,http://amigo.geneontology.org/amigo/term/GO:0060769\,CTNNB1,10
0.114174346902152\,1\,12\,64.9550561797753\,GO:0061046 regulation of branching involved in lung morphogenesis\,http://amigo.geneontology.org/amigo/term/GO:0061046\,CTNNB1,10
0.114174346902152\,1\,13\,64.9550561797753\,GO:0061303 cornea development in camera-type eye\,http://amigo.geneontology.org/amigo/term/GO:0061303\,SOX11,10
0.114174346902152\,1\,4\,64.9550561797753\,GO:0061325 cell proliferation involved in outflow tract morphogenesis\,http://amigo.geneontology.org/amigo/term/GO:0061325\,CTNNB1,10
0.114174346902152\,1\,17\,64.9550561797753\,GO:0070365 hepatocyte differentiation\,http://amigo.geneontology.org/amigo/term/GO:0070365\,SMARCB1,10
0.114174346902152\,1\,8\,64.9550561797753\,GO:0072033 renal vesicle formation\,http://amigo.geneontology.org/amigo/term/GO:0072033\,CTNNB1,10
0.114174346902152\,1\,19\,64.9550561797753\,GO:0072077 renal vesicle morphogenesis\,http://amigo.geneontology.org/amigo/term/GO:0072077\,CTNNB1,10
0.114174346902152\,1\,20\,64.9550561797753\,GO:0072087 renal vesicle development\,http://amigo.geneontology.org/amigo/term/GO:0072087\,CTNNB1,10
0.114174346902152\,1\,15\,64.9550561797753\,GO:0072283 metanephric renal vesicle morphogenesis\,http://amigo.geneontology.org/amigo/term/GO:0072283\,CTNNB1,10
0.114174346902152\,1\,6\,64.9550561797753\,GO:0090192 regulation of glomerulus development\,http://amigo.geneontology.org/amigo/term/GO:0090192\,PPP3CA,10
0.114174346902152\,1\,5\,64.9550561797753\,GO:0090193 positive regulation of glomerulus development\,http://amigo.geneontology.org/amigo/term/GO:0090193\,PPP3CA,10
0.114174346902152\,5\,321\,3.41868716735659\,GO:0090287 regulation of cellular response to growth factor stimulus\,http://amigo.geneontology.org/amigo/term/GO:0090287\,HDAC2  HSP90AB1  ILK  CTNNB1  SOX11,10
0.114174346902152\,1\,4\,64.9550561797753\,GO:0090425 acinar cell differentiation\,http://amigo.geneontology.org/amigo/term/GO:0090425\,CTNNB1,10
0.114174346902152\,1\,6\,64.9550561797753\,GO:0098713 leucine import across plasma membrane\,http://amigo.geneontology.org/amigo/term/GO:0098713\,SLC3A2,10
0.114174346902152\,9\,701\,2.37640449438202\,GO:1901137 carbohydrate derivative biosynthetic process\,http://amigo.geneontology.org/amigo/term/GO:1901137\,ATP5F1B  SCCPDH  ATP5F1A  PDHB  NDUFA9  NDUFS2  NDUFV1  ENO1  CTNNB1,10
0.114174346902152\,1\,8\,64.9550561797753\,GO:1901388 regulation of transforming growth factor beta activation\,http://amigo.geneontology.org/amigo/term/GO:1901388\,HSP90AB1,10
0.114174346902152\,1\,5\,64.9550561797753\,GO:1902730 positive regulation of proteoglycan biosynthetic process\,http://amigo.geneontology.org/amigo/term/GO:1902730\,CTNNB1,10
0.114174346902152\,1\,3\,64.9550561797753\,GO:1903660 negative regulation of complement-dependent cytotoxicity\,http://amigo.geneontology.org/amigo/term/GO:1903660\,HSP90AB1,10
0.114174346902152\,1\,6\,64.9550561797753\,GO:1903801 L-leucine import across plasma membrane\,http://amigo.geneontology.org/amigo/term/GO:1903801\,SLC3A2,10
0.114174346902152\,1\,3\,64.9550561797753\,GO:1904273 L-alanine import across plasma membrane\,http://amigo.geneontology.org/amigo/term/GO:1904273\,SLC3A2,10
0.114174346902152\,1\,4\,64.9550561797753\,GO:1904557 L-alanine transmembrane transport\,http://amigo.geneontology.org/amigo/term/GO:1904557\,SLC3A2,10
0.114174346902152\,3\,67\,6.08953651685393\,GO:1904589 regulation of protein import\,http://amigo.geneontology.org/amigo/term/GO:1904589\,HSP90AA1  HSP90AB1  HSPA8,10
0.114174346902152\,1\,6\,64.9550561797753\,GO:1904954 canonical Wnt signaling pathway involved in midbrain dopaminergic neuron differentiation\,http://amigo.geneontology.org/amigo/term/GO:1904954\,CTNNB1,10
0.114174346902152\,1\,4\,64.9550561797753\,GO:2000697 negative regulation of epithelial cell differentiation involved in kidney development\,http://amigo.geneontology.org/amigo/term/GO:2000697\,CTNNB1,10
0.114174346902152\,2\,15\,10.8258426966292\,GO:2000767 positive regulation of cytoplasmic translation\,http://amigo.geneontology.org/amigo/term/GO:2000767\, CNBP  PKM,10
0.115635528845298\,4\,169\,4.12413055109684\,GO:0071453 cellular response to oxygen levels\,http://amigo.geneontology.org/amigo/term/GO:0071453\,ENO1  PGK1  NDUFS2  MDM4,10
0.115635528845298\,4\,378\,4.12413055109684\,GO:1903039 positive regulation of leukocyte cell-cell adhesion\,http://amigo.geneontology.org/amigo/term/GO:1903039\,HSPD1  SMARCB1  SOX4  PPP3CA,10
0.115696308028288\,7\,627\,2.65897890794402\,GO:0005975 carbohydrate metabolic process\,http://amigo.geneontology.org/amigo/term/GO:0005975\,PKM  ENO1  PGK1  SLC3A2  PDHB  PPP1CB  LDHA,10
0.115696308028288\,7\,530\,2.65897890794402\,GO:0060284 regulation of cell development\,http://amigo.geneontology.org/amigo/term/GO:0060284\,DBN1  CTNNB1  PTPRS  PPP3CA  SOX11  HDAC2  ILK,10
0.116541856027514\,2\,57\,9.99308556611927\,GO:0003179 heart valve morphogenesis\,http://amigo.geneontology.org/amigo/term/GO:0003179\,SOX4  MDM4,10
0.116541856027514\,2\,21\,9.99308556611927\,GO:0006337 nucleosome disassembly\,http://amigo.geneontology.org/amigo/term/GO:0006337\,SMARCB1  SET,10
0.116541856027514\,2\,52\,9.99308556611927\,GO:0010718 positive regulation of epithelial to mesenchymal transition\,http://amigo.geneontology.org/amigo/term/GO:0010718\,HDAC2  CTNNB1,10
0.116541856027514\,2\,40\,9.99308556611927\,GO:0030513 positive regulation of BMP signaling pathway\,http://amigo.geneontology.org/amigo/term/GO:0030513\,ILK  SOX11,10
0.116541856027514\,23\,2575\,1.56436260956527\,GO:0032268 regulation of cellular protein metabolic process\,http://amigo.geneontology.org/amigo/term/GO:0032268\,TNRC6B  CNBP  HSP90AB1  PSMC2  HSP90AA1  SOX4  EIF4A3  HSPD1  CTNNB1  MAGEF1  PSMC4  PKM  PSMC1  HDAC2  TSG101  ENO1  SMARCB1  TRAP1  ILK  TERF2IP  EIF3E  CDC123  SET,10
0.116541856027514\,3\,116\,5.56757624398074\,GO:0033138 positive regulation of peptidyl-serine phosphorylation\,http://amigo.geneontology.org/amigo/term/GO:0033138\,HSP90AA1  HSP90AB1  TERF2IP,10
0.116541856027514\,2\,59\,9.99308556611927\,GO:0042733 embryonic digit morphogenesis\,http://amigo.geneontology.org/amigo/term/GO:0042733\,CTNNB1  HDAC2,10
0.116541856027514\,9\,933\,2.28357619382022\,GO:0045597 positive regulation of cell differentiation\,http://amigo.geneontology.org/amigo/term/GO:0045597\,DBN1  SMARCB1  CTNNB1  SOX4  PPP3CA  ILK  SOX11  HDAC2  HSP90AB1,10
0.116541856027514\,3\,130\,5.56757624398074\,GO:0090100 positive regulation of transmembrane receptor protein serine/threonine kinase signaling pathway\,http://amigo.geneontology.org/amigo/term/GO:0090100\,HSP90AB1  ILK  SOX11,10
0.116541856027514\,2\,50\,9.99308556611927\,GO:2000648 positive regulation of stem cell proliferation\,http://amigo.geneontology.org/amigo/term/GO:2000648\,CTNNB1  SOX11,10
0.116541856027514\,2\,21\,9.99308556611927\,GO:2000757 negative regulation of peptidyl-lysine acetylation\,http://amigo.geneontology.org/amigo/term/GO:2000757\,HDAC2  SET,10
0.117362894785453\,4\,384\,4.05969101123596\,GO:0008544 epidermis development\,http://amigo.geneontology.org/amigo/term/GO:0008544\,TSG101  PPP3CA  CTNNB1  HDAC2,10
0.11944311841991\,12\,1917\,1.97832658415559\,GO:0044419 biological process involved in interspecies interaction between organisms\,http://amigo.geneontology.org/amigo/term/GO:0044419\,HSP90AA1  HSPA8  PRDX1  TCP1  HDAC2  ENO1  CCT5  TSG101  HSP90AB1  SMARCB1  HSPD1  SLC3A2,10
0.121202594606562\,15\,1627\,1.80097198280338\,GO:0043067 regulation of programmed cell death\,http://amigo.geneontology.org/amigo/term/GO:0043067\,PTMA  RUVBL1  ENO1  HSP90AA1  CTNNB1  CIAPIN1  CTTN  HSP90AB1  TCP1  TRAP1  MDM4  SET  SOX4  HSPD1  HDAC2,10
0.122321125296896\,3\,128\,5.41292134831461\,GO:0003231 cardiac ventricle development\,http://amigo.geneontology.org/amigo/term/GO:0003231\,SOX4  SOX11  MDM4,10
0.122321125296896\,3\,81\,5.41292134831461\,GO:0034605 cellular response to heat\,http://amigo.geneontology.org/amigo/term/GO:0034605\,HSP90AA1  HSP90AB1  HDAC2,10
0.122321125296896\,3\,119\,5.41292134831461\,GO:1901222 regulation of NIK/NF-kappaB signaling\,http://amigo.geneontology.org/amigo/term/GO:1901222\,PRDX1  ILK  TERF2IP,10
0.127915038143994\,21\,2069\,1.58980906733716\,GO:0043933 protein-containing complex organization\,http://amigo.geneontology.org/amigo/term/GO:0043933\,CTTN  HSPA8  DBN1  RUVBL1  PUF60  EIF3I  EIF3E  HSP90AA1  HSP90AB1  SMARCB1  MDM4  SET  CCT8  NDUFS2  CCT3  NDUFA9  CCT2  HSPD1  CDC123  TCP1  TSG101,10
0.127915038143994\,4\,374\,3.93667007150153\,GO:0046651 lymphocyte proliferation\,http://amigo.geneontology.org/amigo/term/GO:0046651\,HSPD1  PPP3CA  CTNNB1  SOX11,10
0.128064465046535\,2\,17\,9.2792937399679\,GO:0001732 formation of cytoplasmic translation initiation complex\,http://amigo.geneontology.org/amigo/term/GO:0001732\,EIF3I  EIF3E,10
0.128064465046535\,2\,43\,9.2792937399679\,GO:0014014 negative regulation of gliogenesis\,http://amigo.geneontology.org/amigo/term/GO:0014014\,CTNNB1  SOX11,10
0.128064465046535\,14\,1124\,1.83340884378398\,GO:0030163 protein catabolic process\,http://amigo.geneontology.org/amigo/term/GO:0030163\,PSMC4  PSMC1  PSMD3  HSPA8  UBC  PSMC2  PSMD6  PSMD13  TSG101  HSP90AB1  CTNNB1  MAGEF1  HSP90AA1  MDM4,10
0.128064465046535\,2\,23\,9.2792937399679\,GO:0032986 protein-DNA complex disassembly\,http://amigo.geneontology.org/amigo/term/GO:0032986\,SMARCB1  SET,10
0.128064465046535\,20\,1782\,1.60979073555825\,GO:0034613 cellular protein localization\,http://amigo.geneontology.org/amigo/term/GO:0034613\,CCT4  TCP1  CCT7  CCT5  CCT8  CCT3  CCT2  HSPA8  HSPD1  KPNA2  TSG101  HSP90AA1  HSP90AB1  CTNNB1  CTTN  DBN1  PPP3CA  TERF2IP  DCTN2  KIF5A,10
0.128064465046535\,2\,92\,9.2792937399679\,GO:0042475 odontogenesis of dentin-containing tooth\,http://amigo.geneontology.org/amigo/term/GO:0042475\,CTNNB1  HDAC2,10
0.128064465046535\,3\,127\,5.26662617673854\,GO:0051702 biological process involved in interaction with symbiont\,http://amigo.geneontology.org/amigo/term/GO:0051702\,HSPA8  SMARCB1  HSPD1,10
0.128064465046535\,2\,84\,9.2792937399679\,GO:0072028 nephron morphogenesis\,http://amigo.geneontology.org/amigo/term/GO:0072028\,ILK  CTNNB1,10
0.128064465046535\,2\,79\,9.2792937399679\,GO:0072078 nephron tubule morphogenesis\,http://amigo.geneontology.org/amigo/term/GO:0072078\,ILK  CTNNB1,10
0.128064465046535\,2\,81\,9.2792937399679\,GO:0072088 nephron epithelium morphogenesis\,http://amigo.geneontology.org/amigo/term/GO:0072088\,ILK  CTNNB1,10
0.128064465046535\,3\,94\,5.26662617673854\,GO:0099175 regulation of postsynapse organization\,http://amigo.geneontology.org/amigo/term/GO:0099175\,DBN1  PTPRS  HSPA8,10
0.128064465046535\,2\,92\,9.2792937399679\,GO:2000243 positive regulation of reproductive process\,http://amigo.geneontology.org/amigo/term/GO:2000243\,CTNNB1  HDAC2,10
0.128694896950606\,15\,1269\,1.77796686623472\,GO:0033043 regulation of organelle organization\,http://amigo.geneontology.org/amigo/term/GO:0033043\,CTTN  DBN1  SMARCB1  TERF2IP  PTPRS  CTNNB1  RUVBL1  TSG101  CCT4  TCP1  CCT7  CCT5  CCT8  CCT3  CCT2,10
0.129160887537122\,4\,378\,3.87791380177763\,GO:0032943 mononuclear cell proliferation\,http://amigo.geneontology.org/amigo/term/GO:0032943\,HSPD1  PPP3CA  CTNNB1  SOX11,10
0.129160887537122\,4\,156\,3.87791380177763\,GO:1903052 positive regulation of proteolysis involved in cellular protein catabolic process\,http://amigo.geneontology.org/amigo/term/GO:1903052\,PSMC2  MAGEF1  PSMC4  PSMC1,10
0.133721002169657\,5\,333\,3.18407138136153\,GO:0070482 response to oxygen levels\,http://amigo.geneontology.org/amigo/term/GO:0070482\,ENO1  PGK1  NDUFS2  HDAC2  MDM4,10
0.133967694651796\,4\,208\,3.82088565763384\,GO:0009266 response to temperature stimulus\,http://amigo.geneontology.org/amigo/term/GO:0009266\,HSP90AA1  HSP90AB1  HDAC2  HSPD1,10
0.133967694651796\,4\,169\,3.82088565763384\,GO:0021915 neural tube development\,http://amigo.geneontology.org/amigo/term/GO:0021915\,CECR2  SOX4  SOX11  MARCKS,10
0.133967694651796\,20\,1791\,1.59987823102895\,GO:0070727 cellular macromolecule localization\,http://amigo.geneontology.org/amigo/term/GO:0070727\,CCT4  TCP1  CCT7  CCT5  CCT8  CCT3  CCT2  HSPA8  HSPD1  KPNA2  TSG101  HSP90AA1  HSP90AB1  CTNNB1  CTTN  DBN1  PPP3CA  TERF2IP  DCTN2  KIF5A,10
0.133967694651796\,4\,161\,3.82088565763384\,GO:1902600 proton transmembrane transport\,http://amigo.geneontology.org/amigo/term/GO:1902600\,UQCRC1  SLC25A3  ATP5F1B  ATP5F1A,10
0.134093230098818\,6\,550\,2.78378812199037\,GO:0002009 morphogenesis of an epithelium\,http://amigo.geneontology.org/amigo/term/GO:0002009\,CECR2  SOX4  ILK  CTNNB1  SOX11  DAAM1,10
0.134093230098818\,6\,724\,2.78378812199037\,GO:0002694 regulation of leukocyte activation\,http://amigo.geneontology.org/amigo/term/GO:0002694\,HSPD1  SMARCB1  SOX4  PPP3CA  CTNNB1  SOX11,10
0.13647670856241\,5\,316\,3.15315806697938\,GO:0010720 positive regulation of cell development\,http://amigo.geneontology.org/amigo/term/GO:0010720\,DBN1  CTNNB1  SOX11  HDAC2  ILK,10
0.136662955371845\,8\,902\,2.33022623066458\,GO:0035239 tube morphogenesis\,http://amigo.geneontology.org/amigo/term/GO:0035239\,CECR2  SOX4  ILK  CTNNB1  SOX11  PKM  PGK1  ATP5F1B,10
0.138560873019261\,2\,67\,8.66067415730337\,GO:0003170 heart valve development\,http://amigo.geneontology.org/amigo/term/GO:0003170\,SOX4  MDM4,10
0.138560873019261\,2\,54\,8.66067415730337\,GO:0009409 response to cold\,http://amigo.geneontology.org/amigo/term/GO:0009409\,HSP90AA1  HSPD1,10
0.138560873019261\,2\,82\,8.66067415730337\,GO:0045670 regulation of osteoclast differentiation\,http://amigo.geneontology.org/amigo/term/GO:0045670\,PPP3CA  CTNNB1,10
0.138560873019261\,2\,44\,8.66067415730337\,GO:0045910 negative regulation of DNA recombination\,http://amigo.geneontology.org/amigo/term/GO:0045910\,MAGEF1  TERF2IP,10
0.138560873019261\,2\,141\,8.66067415730337\,GO:0048565 digestive tract development\,http://amigo.geneontology.org/amigo/term/GO:0048565\,CTNNB1  SOX11,10
0.138560873019261\,2\,71\,8.66067415730337\,GO:0060411 cardiac septum morphogenesis\,http://amigo.geneontology.org/amigo/term/GO:0060411\,SOX4  SOX11,10
0.138560873019261\,4\,257\,3.76551050317538\,GO:0097305 response to alcohol\,http://amigo.geneontology.org/amigo/term/GO:0097305\,CTNNB1  ATP5F1A  TUFM  HDAC2,10
0.138560873019261\,2\,25\,8.66067415730337\,GO:1901984 negative regulation of protein acetylation\,http://amigo.geneontology.org/amigo/term/GO:1901984\,HDAC2  SET,10
0.138560873019261\,2\,80\,8.66067415730337\,GO:1903317 regulation of protein maturation\,http://amigo.geneontology.org/amigo/term/GO:1903317\,SOX4  ENO1,10
0.141737249354384\,4\,207\,3.71171749598716\,GO:0006006 glucose metabolic process\,http://amigo.geneontology.org/amigo/term/GO:0006006\,PGK1  ENO1  PKM  PDHB,10
0.141737249354384\,4\,164\,3.71171749598716\,GO:0051100 negative regulation of binding\,http://amigo.geneontology.org/amigo/term/GO:0051100\,PPP3CA  EIF4A3  SOX11  HDAC2,10
0.141737249354384\,4\,165\,3.71171749598716\,GO:1903364 positive regulation of cellular protein catabolic process\,http://amigo.geneontology.org/amigo/term/GO:1903364\,PSMC2  MAGEF1  PSMC4  PSMC1,10
0.141906560981401\,6\,788\,2.72538697257798\,GO:0050865 regulation of cell activation\,http://amigo.geneontology.org/amigo/term/GO:0050865\,HSPD1  SMARCB1  SOX4  PPP3CA  CTNNB1  SOX11,10
0.145945111233274\,6\,470\,2.7064606741573\,GO:0051960 regulation of nervous system development\,http://amigo.geneontology.org/amigo/term/GO:0051960\,DBN1  CTNNB1  PTPRS  PPP3CA  SOX11  HDAC2,10
0.146181281635831\,3\,111\,4.87162921348315\,GO:0090263 positive regulation of canonical Wnt signaling pathway\,http://amigo.geneontology.org/amigo/term/GO:0090263\,RUVBL1  SOX4  ILK,10
0.146303918893492\,5\,267\,3.06391774432902\,GO:0045732 positive regulation of protein catabolic process\,http://amigo.geneontology.org/amigo/term/GO:0045732\,PSMC2  MAGEF1  PSMC4  PSMC1  HSP90AA1,10
0.146719425477617\,4\,176\,3.65943978477607\,GO:0099173 postsynapse organization\,http://amigo.geneontology.org/amigo/term/GO:0099173\,DBN1  CTTN  PTPRS  HSPA8,10
0.149252208711315\,9\,753\,2.14137547845413\,GO:0000904 cell morphogenesis involved in differentiation\,http://amigo.geneontology.org/amigo/term/GO:0000904\,DBN1  KIF5A  ILK  HSP90AA1  HSP90AB1  PTPRS  PPP3CA  CTNNB1  CTTN,10
0.149252208711315\,4\,160\,3.60861423220974\,GO:0006986 response to unfolded protein\,http://amigo.geneontology.org/amigo/term/GO:0006986\,HSPA8  HSPD1  HSP90AA1  HSP90AB1,10
0.149252208711315\,3\,75\,4.75280898876404\,GO:0010569 regulation of double-strand break repair via homologous recombination\,http://amigo.geneontology.org/amigo/term/GO:0010569\,RUVBL1  MAGEF1  TERF2IP,10
0.149252208711315\,3\,137\,4.75280898876404\,GO:0021782 glial cell development\,http://amigo.geneontology.org/amigo/term/GO:0021782\,SOX4  ILK  SOX11,10
0.149252208711315\,4\,434\,3.60861423220974\,GO:0022409 positive regulation of cell-cell adhesion\,http://amigo.geneontology.org/amigo/term/GO:0022409\,HSPD1  SMARCB1  SOX4  PPP3CA,10
0.149252208711315\,2\,65\,8.11938202247191\,GO:0032608 interferon-beta production\,http://amigo.geneontology.org/amigo/term/GO:0032608\,HSP90AA1  PTPRS,10
0.149252208711315\,2\,65\,8.11938202247191\,GO:0032648 regulation of interferon-beta production\,http://amigo.geneontology.org/amigo/term/GO:0032648\,HSP90AA1  PTPRS,10
0.149252208711315\,2\,53\,8.11938202247191\,GO:0043536 positive regulation of blood vessel endothelial cell migration\,http://amigo.geneontology.org/amigo/term/GO:0043536\,ATP5F1B  ATP5F1A,10
0.149252208711315\,2\,69\,8.11938202247191\,GO:0045428 regulation of nitric oxide biosynthetic process\,http://amigo.geneontology.org/amigo/term/GO:0045428\,HSP90AA1  HSP90AB1,10
0.149252208711315\,4\,226\,3.60861423220974\,GO:0050807 regulation of synapse organization\,http://amigo.geneontology.org/amigo/term/GO:0050807\,DBN1  PTPRS  HSPA8  TUBA1A,10
0.149252208711315\,4\,321\,3.60861423220974\,GO:0051091 positive regulation of DNA-binding transcription factor activity\,http://amigo.geneontology.org/amigo/term/GO:0051091\,SMARCB1  PPP3CA  TERF2IP  CTNNB1,10
0.149252208711315\,2\,83\,8.11938202247191\,GO:0061333 renal tubule morphogenesis\,http://amigo.geneontology.org/amigo/term/GO:0061333\,ILK  CTNNB1,10
0.149252208711315\,3\,139\,4.75280898876404\,GO:0071326 cellular response to monosaccharide stimulus\,http://amigo.geneontology.org/amigo/term/GO:0071326\,SMARCB1  SOX4  PPP3CA,10
0.149252208711315\,3\,137\,4.75280898876404\,GO:0071331 cellular response to hexose stimulus\,http://amigo.geneontology.org/amigo/term/GO:0071331\,SMARCB1  SOX4  PPP3CA,10
0.149252208711315\,3\,135\,4.75280898876404\,GO:0071333 cellular response to glucose stimulus\,http://amigo.geneontology.org/amigo/term/GO:0071333\,SMARCB1  SOX4  PPP3CA,10
0.149252208711315\,4\,239\,3.60861423220974\,GO:0090257 regulation of muscle system process\,http://amigo.geneontology.org/amigo/term/GO:0090257\,HSP90AA1  PPP3CA  ENO1  CTTN,10
0.149252208711315\,7\,580\,2.44454512504531\,GO:1905114 cell surface receptor signaling pathway involved in cell-cell signaling\,http://amigo.geneontology.org/amigo/term/GO:1905114\,CTNNB1  RUVBL1  DAAM1  SOX4  PPP3CA  EIF4A3  ILK,10
0.149481564903969\,11\,1189\,1.9415913531998\,GO:0009790 embryo development\,http://amigo.geneontology.org/amigo/term/GO:0009790\,PSMC4  CECR2  SMARCB1  DBN1  SOX4  CTNNB1  RUVBL1  SOX11  MARCKS  EIF4A3  HDAC2,10
0.149481564903969\,9\,533\,2.12580183861083\,GO:2000112 regulation of cellular macromolecule biosynthetic process\,http://amigo.geneontology.org/amigo/term/GO:2000112\,TNRC6B  CNBP  EIF4A3  PKM  SOX4  TRAP1  CTNNB1  EIF3E  CDC123,10
0.149685162165502\,5\,342\,3.00717852684145\,GO:0051604 protein maturation\,http://amigo.geneontology.org/amigo/term/GO:0051604\,SOX4  MAGEF1  ENO1  PGK1  HSPD1,10
0.150561537244726\,2\,101\,7.64177131526768\,GO:0001657 ureteric bud development\,http://amigo.geneontology.org/amigo/term/GO:0001657\,ILK  CTNNB1,10
0.150561537244726\,2\,106\,7.21722846441948\,GO:0001823 mesonephros development\,http://amigo.geneontology.org/amigo/term/GO:0001823\,ILK  CTNNB1,10
0.150561537244726\,1\,7\,32.4775280898876\,GO:0002072 optic cup morphogenesis involved in camera-type eye development\,http://amigo.geneontology.org/amigo/term/GO:0002072\,SOX11,10
0.150561537244726\,2\,90\,7.21722846441948\,GO:0002088 lens development in camera-type eye\,http://amigo.geneontology.org/amigo/term/GO:0002088\,CTNNB1  SOX11,10
0.150561537244726\,1\,16\,32.4775280898876\,GO:0002836 positive regulation of response to tumor cell\,http://amigo.geneontology.org/amigo/term/GO:0002836\,HSPD1,10
0.150561537244726\,1\,16\,32.4775280898876\,GO:0002839 positive regulation of immune response to tumor cell\,http://amigo.geneontology.org/amigo/term/GO:0002839\,HSPD1,10
0.150561537244726\,1\,10\,32.4775280898876\,GO:0002840 regulation of T cell mediated immune response to tumor cell\,http://amigo.geneontology.org/amigo/term/GO:0002840\,HSPD1,10
0.150561537244726\,1\,11\,32.4775280898876\,GO:0003174 mitral valve development\,http://amigo.geneontology.org/amigo/term/GO:0003174\,SOX4,10
0.150561537244726\,1\,10\,32.4775280898876\,GO:0003183 mitral valve morphogenesis\,http://amigo.geneontology.org/amigo/term/GO:0003183\,SOX4,10
0.150561537244726\,2\,71\,7.64177131526768\,GO:0003208 cardiac ventricle morphogenesis\,http://amigo.geneontology.org/amigo/term/GO:0003208\,SOX4  SOX11,10
0.150561537244726\,1\,20\,32.4775280898876\,GO:0003215 cardiac right ventricle morphogenesis\,http://amigo.geneontology.org/amigo/term/GO:0003215\,SOX4,10
0.150561537244726\,1\,6\,32.4775280898876\,GO:0003284 septum primum development\,http://amigo.geneontology.org/amigo/term/GO:0003284\,SOX4,10
0.150561537244726\,1\,6\,32.4775280898876\,GO:0003289 atrial septum primum morphogenesis\,http://amigo.geneontology.org/amigo/term/GO:0003289\,SOX4,10
0.150561537244726\,1\,18\,32.4775280898876\,GO:0003306 Wnt signaling pathway involved in heart development\,http://amigo.geneontology.org/amigo/term/GO:0003306\,CTNNB1,10
0.150561537244726\,3\,66\,4.63964686998395\,GO:0006120 mitochondrial electron transport NADH to ubiquinone\,http://amigo.geneontology.org/amigo/term/GO:0006120\,NDUFS2  NDUFV1  NDUFA9,10
0.150561537244726\,1\,5\,32.4775280898876\,GO:0006933 negative regulation of cell adhesion involved in substrate-bound cell migration\,http://amigo.geneontology.org/amigo/term/GO:0006933\,ATP5F1B,10
0.150561537244726\,3\,172\,4.63964686998395\,GO:0006937 regulation of muscle contraction\,http://amigo.geneontology.org/amigo/term/GO:0006937\,HSP90AA1  ENO1  CTTN,10
0.150561537244726\,10\,1729\,1.95647759577636\,GO:0007155 cell adhesion\,http://amigo.geneontology.org/amigo/term/GO:0007155\,ILK  PTPRS  HSPD1  SMARCB1  PPP1CB  ATP5F1B  SOX4  PPP3CA  CTNNB1  CTTN,10
0.150561537244726\,24\,2805\,1.4582987355609\,GO:0009056 catabolic process\,http://amigo.geneontology.org/amigo/term/GO:0009056\,PSMC4  PKM  ENO1  TNRC6B  PSMC1  PGK1  PSMD3  HSPA8  UBC  PSMC2  PSMD6  PSMD13  TSG101  HSP90AB1  PRDX1  EIF4A3  CTNNB1  MAGEF1  CTTN  HSP90AA1  EIF3E  MDM4  LDHA  CECR2,10
0.150561537244726\,1\,4\,32.4775280898876\,GO:0009794 regulation of mitotic cell cycle embryonic\,http://amigo.geneontology.org/amigo/term/GO:0009794\,CTNNB1,10
0.150561537244726\,1\,19\,32.4775280898876\,GO:0010755 regulation of plasminogen activation\,http://amigo.geneontology.org/amigo/term/GO:0010755\,ENO1,10
0.150561537244726\,1\,8\,32.4775280898876\,GO:0010756 positive regulation of plasminogen activation\,http://amigo.geneontology.org/amigo/term/GO:0010756\,ENO1,10
0.150561537244726\,1\,4\,32.4775280898876\,GO:0010908 regulation of heparan sulfate proteoglycan biosynthetic process\,http://amigo.geneontology.org/amigo/term/GO:0010908\,CTNNB1,10
0.150561537244726\,2\,58\,7.64177131526768\,GO:0014009 glial cell proliferation\,http://amigo.geneontology.org/amigo/term/GO:0014009\,SOX4  SOX11,10
0.150561537244726\,1\,6\,32.4775280898876\,GO:0014744 positive regulation of muscle adaptation\,http://amigo.geneontology.org/amigo/term/GO:0014744\,PPP3CA,10
0.150561537244726\,2\,69\,7.64177131526768\,GO:0014823 response to activity\,http://amigo.geneontology.org/amigo/term/GO:0014823\,UQCRC1  ATP5F1A,10
0.150561537244726\,1\,12\,32.4775280898876\,GO:0015074 DNA integration\,http://amigo.geneontology.org/amigo/term/GO:0015074\,SMARCB1,10
0.150561537244726\,1\,13\,32.4775280898876\,GO:0015803 branched-chain amino acid transport\,http://amigo.geneontology.org/amigo/term/GO:0015803\,SLC3A2,10
0.150561537244726\,1\,9\,32.4775280898876\,GO:0015820 leucine transport\,http://amigo.geneontology.org/amigo/term/GO:0015820\,SLC3A2,10
0.150561537244726\,1\,5\,32.4775280898876\,GO:0015827 tryptophan transport\,http://amigo.geneontology.org/amigo/term/GO:0015827\,SLC3A2,10
0.150561537244726\,5\,218\,2.87411753007855\,GO:0018394 peptidyl-lysine acetylation\,http://amigo.geneontology.org/amigo/term/GO:0018394\,RUVBL1  SOX4  HDAC2  SMARCB1  SET,10
0.150561537244726\,4\,250\,3.41868716735659\,GO:0019318 hexose metabolic process\,http://amigo.geneontology.org/amigo/term/GO:0019318\,PGK1  ENO1  PKM  PDHB,10
0.150561537244726\,11\,761\,1.89524036598814\,GO:0019941 modification-dependent protein catabolic process\,http://amigo.geneontology.org/amigo/term/GO:0019941\,PSMC4  PSMC1  PSMD3  UBC  PSMC2  PSMD6  PSMD13  TSG101  HSP90AB1  CTNNB1  MAGEF1,10
0.150561537244726\,1\,14\,32.4775280898876\,GO:0021781 glial cell fate commitment\,http://amigo.geneontology.org/amigo/term/GO:0021781\,CTNNB1,10
0.150561537244726\,2\,36\,7.64177131526768\,GO:0021955 central nervous system neuron axonogenesis\,http://amigo.geneontology.org/amigo/term/GO:0021955\,HSP90AA1  HSP90AB1,10
0.150561537244726\,1\,5\,32.4775280898876\,GO:0022009 central nervous system vasculogenesis\,http://amigo.geneontology.org/amigo/term/GO:0022009\,CTNNB1,10
0.150561537244726\,7\,927\,2.39308101714962\,GO:0030155 regulation of cell adhesion\,http://amigo.geneontology.org/amigo/term/GO:0030155\,HSPD1  SMARCB1  PPP1CB  ATP5F1B  SOX4  PPP3CA  ILK,10
0.150561537244726\,3\,98\,4.53174810556572\,GO:0030516 regulation of axon extension\,http://amigo.geneontology.org/amigo/term/GO:0030516\,DBN1  PTPRS  CTTN,10
0.150561537244726\,1\,3\,32.4775280898876\,GO:0036520 astrocyte-dopaminergic neuron signaling\,http://amigo.geneontology.org/amigo/term/GO:0036520\,CTNNB1,10
0.150561537244726\,3\,147\,4.53174810556572\,GO:0038061 NIK/NF-kappaB signaling\,http://amigo.geneontology.org/amigo/term/GO:0038061\,PRDX1  ILK  TERF2IP,10
0.150561537244726\,13\,1835\,1.80045997939676\,GO:0042127 regulation of cell population proliferation\,http://amigo.geneontology.org/amigo/term/GO:0042127\,C1orf56  CTNNB1  TSG101  SMARCB1  SOX4  PPP3CA  ILK  SOX11  HDAC2  ATP5F1A  CNBP  CDC123  MDM4,10
0.150561537244726\,1\,3\,32.4775280898876\,GO:0043335 protein unfolding\,http://amigo.geneontology.org/amigo/term/GO:0043335\,HSP90AA1,10
0.150561537244726\,6\,295\,2.65122678284797\,GO:0043543 protein acylation\,http://amigo.geneontology.org/amigo/term/GO:0043543\,RUVBL1  SOX4  HDAC2  SMARCB1  TERF2IP  SET,10
0.150561537244726\,1\,5\,32.4775280898876\,GO:0044338 canonical Wnt signaling pathway involved in mesenchymal stem cell differentiation\,http://amigo.geneontology.org/amigo/term/GO:0044338\,CTNNB1,10
0.150561537244726\,1\,9\,32.4775280898876\,GO:0044340 canonical Wnt signaling pathway involved in regulation of cell proliferation\,http://amigo.geneontology.org/amigo/term/GO:0044340\,CTNNB1,10
0.150561537244726\,1\,9\,32.4775280898876\,GO:0044848 biological phase\,http://amigo.geneontology.org/amigo/term/GO:0044848\,CTNNB1,10
0.150561537244726\,1\,9\,32.4775280898876\,GO:0044851 hair cycle phase\,http://amigo.geneontology.org/amigo/term/GO:0044851\,CTNNB1,10
0.150561537244726\,1\,3\,32.4775280898876\,GO:0045041 protein import into mitochondrial intermembrane space\,http://amigo.geneontology.org/amigo/term/GO:0045041\,HSPD1,10
0.150561537244726\,1\,4\,32.4775280898876\,GO:0045448 mitotic cell cycle embryonic\,http://amigo.geneontology.org/amigo/term/GO:0045448\,CTNNB1,10
0.150561537244726\,2\,75\,7.64177131526768\,GO:0045685 regulation of glial cell differentiation\,http://amigo.geneontology.org/amigo/term/GO:0045685\,CTNNB1  HDAC2,10
0.150561537244726\,5\,600\,2.84890597279716\,GO:0045785 positive regulation of cell adhesion\,http://amigo.geneontology.org/amigo/term/GO:0045785\,HSPD1  SMARCB1  SOX4  PPP3CA  ILK,10
0.150561537244726\,1\,5\,32.4775280898876\,GO:0045900 negative regulation of translational elongation\,http://amigo.geneontology.org/amigo/term/GO:0045900\,EIF4A3,10
0.150561537244726\,1\,14\,32.4775280898876\,GO:0046541 saliva secretion\,http://amigo.geneontology.org/amigo/term/GO:0046541\,PPP3CA,10
0.150561537244726\,1\,30\,32.4775280898876\,GO:0046629 gamma-delta T cell activation\,http://amigo.geneontology.org/amigo/term/GO:0046629\,SOX4,10
0.150561537244726\,1\,8\,32.4775280898876\,GO:0046877 regulation of saliva secretion\,http://amigo.geneontology.org/amigo/term/GO:0046877\,PPP3CA,10
0.150561537244726\,1\,11\,32.4775280898876\,GO:0048263 determination of dorsal identity\,http://amigo.geneontology.org/amigo/term/GO:0048263\,CTNNB1,10
0.150561537244726\,1\,10\,32.4775280898876\,GO:0048664 neuron fate determination\,http://amigo.geneontology.org/amigo/term/GO:0048664\,CTNNB1,10
0.150561537244726\,1\,9\,32.4775280898876\,GO:0048819 regulation of hair follicle maturation\,http://amigo.geneontology.org/amigo/term/GO:0048819\,CTNNB1,10
0.150561537244726\,4\,232\,3.3742886327156\,GO:0050803 regulation of synapse structure or activity\,http://amigo.geneontology.org/amigo/term/GO:0050803\,DBN1  PTPRS  HSPA8  TUBA1A,10
0.150561537244726\,2\,152\,7.21722846441948\,GO:0055123 digestive system development\,http://amigo.geneontology.org/amigo/term/GO:0055123\,CTNNB1  SOX11,10
0.150561537244726\,1\,8\,32.4775280898876\,GO:0060179 male mating behavior\,http://amigo.geneontology.org/amigo/term/GO:0060179\,HDAC2,10
0.150561537244726\,1\,20\,32.4775280898876\,GO:0060231 mesenchymal to epithelial transition\,http://amigo.geneontology.org/amigo/term/GO:0060231\,CTNNB1,10
0.150561537244726\,1\,11\,32.4775280898876\,GO:0060272 embryonic skeletal joint morphogenesis\,http://amigo.geneontology.org/amigo/term/GO:0060272\,CTNNB1,10
0.150561537244726\,1\,10\,32.4775280898876\,GO:0060452 positive regulation of cardiac muscle contraction\,http://amigo.geneontology.org/amigo/term/GO:0060452\,HSP90AA1,10
0.150561537244726\,1\,8\,32.4775280898876\,GO:0060484 lung-associated mesenchyme development\,http://amigo.geneontology.org/amigo/term/GO:0060484\,CTNNB1,10
0.150561537244726\,1\,12\,32.4775280898876\,GO:0060900 embryonic camera-type eye formation\,http://amigo.geneontology.org/amigo/term/GO:0060900\,SOX11,10
0.150561537244726\,1\,5\,32.4775280898876\,GO:0061316 canonical Wnt signaling pathway involved in heart development\,http://amigo.geneontology.org/amigo/term/GO:0061316\,CTNNB1,10
0.150561537244726\,1\,3\,32.4775280898876\,GO:0061740 protein targeting to lysosome involved in chaperone-mediated autophagy\,http://amigo.geneontology.org/amigo/term/GO:0061740\,HSPA8,10
0.150561537244726\,1\,6\,32.4775280898876\,GO:0070086 ubiquitin-dependent endocytosis\,http://amigo.geneontology.org/amigo/term/GO:0070086\,TSG101,10
0.150561537244726\,4\,415\,3.41868716735659\,GO:0070661 leukocyte proliferation\,http://amigo.geneontology.org/amigo/term/GO:0070661\,HSPD1  PPP3CA  CTNNB1  SOX11,10
0.150561537244726\,1\,5\,32.4775280898876\,GO:0071211 protein targeting to vacuole involved in autophagy\,http://amigo.geneontology.org/amigo/term/GO:0071211\,HSPA8,10
0.150561537244726\,3\,149\,4.53174810556572\,GO:0071322 cellular response to carbohydrate stimulus\,http://amigo.geneontology.org/amigo/term/GO:0071322\,SMARCB1  SOX4  PPP3CA,10
0.150561537244726\,2\,102\,7.21722846441948\,GO:0072163 mesonephric epithelium development\,http://amigo.geneontology.org/amigo/term/GO:0072163\,ILK  CTNNB1,10
0.150561537244726\,2\,102\,7.21722846441948\,GO:0072164 mesonephric tubule development\,http://amigo.geneontology.org/amigo/term/GO:0072164\,ILK  CTNNB1,10
0.150561537244726\,1\,14\,32.4775280898876\,GO:0072182 regulation of nephron tubule epithelial cell differentiation\,http://amigo.geneontology.org/amigo/term/GO:0072182\,CTNNB1,10
0.150561537244726\,1\,25\,32.4775280898876\,GO:0072202 cell differentiation involved in metanephros development\,http://amigo.geneontology.org/amigo/term/GO:0072202\,CTNNB1,10
0.150561537244726\,1\,25\,32.4775280898876\,GO:0072273 metanephric nephron morphogenesis\,http://amigo.geneontology.org/amigo/term/GO:0072273\,CTNNB1,10
0.150561537244726\,1\,15\,32.4775280898876\,GO:0072498 embryonic skeletal joint development\,http://amigo.geneontology.org/amigo/term/GO:0072498\,CTNNB1,10
0.150561537244726\,2\,72\,7.64177131526768\,GO:0080164 regulation of nitric oxide metabolic process\,http://amigo.geneontology.org/amigo/term/GO:0080164\,HSP90AA1  HSP90AB1,10
0.150561537244726\,1\,11\,32.4775280898876\,GO:0090184 positive regulation of kidney development\,http://amigo.geneontology.org/amigo/term/GO:0090184\,PPP3CA,10
0.150561537244726\,1\,10\,32.4775280898876\,GO:0097278 complement-dependent cytotoxicity\,http://amigo.geneontology.org/amigo/term/GO:0097278\,HSP90AB1,10
0.150561537244726\,1\,3\,32.4775280898876\,GO:0099578 regulation of translation at postsynapse modulating synaptic transmission\,http://amigo.geneontology.org/amigo/term/GO:0099578\,EIF4A3,10
0.150561537244726\,1\,3\,32.4775280898876\,GO:0140245 regulation of translation at postsynapse\,http://amigo.geneontology.org/amigo/term/GO:0140245\,EIF4A3,10
0.150561537244726\,1\,4\,32.4775280898876\,GO:0150098 glial cell-neuron signaling\,http://amigo.geneontology.org/amigo/term/GO:0150098\,CTNNB1,10
0.150561537244726\,1\,5\,32.4775280898876\,GO:1900109 regulation of histone H3-K9 dimethylation\,http://amigo.geneontology.org/amigo/term/GO:1900109\,SMARCB1,10
0.150561537244726\,1\,3\,32.4775280898876\,GO:1900110 negative regulation of histone H3-K9 dimethylation\,http://amigo.geneontology.org/amigo/term/GO:1900110\,SMARCB1,10
0.150561537244726\,4\,354\,3.41868716735659\,GO:1902105 regulation of leukocyte differentiation\,http://amigo.geneontology.org/amigo/term/GO:1902105\,SMARCB1  SOX4  PPP3CA  CTNNB1,10
0.150561537244726\,1\,8\,32.4775280898876\,GO:1903659 regulation of complement-dependent cytotoxicity\,http://amigo.geneontology.org/amigo/term/GO:1903659\,HSP90AB1,10
0.150561537244726\,1\,6\,32.4775280898876\,GO:1904798 positive regulation of core promoter binding\,http://amigo.geneontology.org/amigo/term/GO:1904798\,CTNNB1,10
0.150561537244726\,2\,74\,7.64177131526768\,GO:1904888 cranial skeletal system development\,http://amigo.geneontology.org/amigo/term/GO:1904888\,CTNNB1  EIF4A3,10
0.150561537244726\,1\,11\,32.4775280898876\,GO:1905665 positive regulation of calcium ion import across plasma membrane\,http://amigo.geneontology.org/amigo/term/GO:1905665\,PPP3CA,10
0.150561537244726\,1\,5\,32.4775280898876\,GO:1905949 negative regulation of calcium ion import across plasma membrane\,http://amigo.geneontology.org/amigo/term/GO:1905949\,PPP3CA,10
0.150561537244726\,1\,4\,32.4775280898876\,GO:2000015 regulation of determination of dorsal identity\,http://amigo.geneontology.org/amigo/term/GO:2000015\,CTNNB1,10
0.150561537244726\,11\,1483\,1.88523909756604\,GO:2000026 regulation of multicellular organismal development\,http://amigo.geneontology.org/amigo/term/GO:2000026\,DBN1  SMARCB1  CTNNB1  PTPRS  SOX4  PPP3CA  RUVBL1  SOX11  HDAC2  PKM  PGK1,10
0.150561537244726\,1\,3\,32.4775280898876\,GO:2000395 regulation of ubiquitin-dependent endocytosis\,http://amigo.geneontology.org/amigo/term/GO:2000395\,TSG101,10
0.150561537244726\,1\,3\,32.4775280898876\,GO:2000397 positive regulation of ubiquitin-dependent endocytosis\,http://amigo.geneontology.org/amigo/term/GO:2000397\,TSG101,10
0.150561537244726\,4\,141\,3.41868716735659\,GO:2000779 regulation of double-strand break repair\,http://amigo.geneontology.org/amigo/term/GO:2000779\,SMARCB1  RUVBL1  MAGEF1  TERF2IP,10
0.150716033678394\,7\,1104\,2.31982343499197\,GO:0098609 cell-cell adhesion\,http://amigo.geneontology.org/amigo/term/GO:0098609\,ILK  PTPRS  HSPD1  SMARCB1  SOX4  PPP3CA  CTNNB1,10
0.153469493317252\,3\,69\,4.33033707865169\,GO:0006414 translational elongation\,http://amigo.geneontology.org/amigo/term/GO:0006414\,TUFM  EIF4A3  RPLP2,10
0.153469493317252\,3\,304\,4.33033707865169\,GO:0050670 regulation of lymphocyte proliferation\,http://amigo.geneontology.org/amigo/term/GO:0050670\,PPP3CA  CTNNB1  SOX11,10
0.153469493317252\,3\,214\,4.33033707865169\,GO:1902107 positive regulation of leukocyte differentiation\,http://amigo.geneontology.org/amigo/term/GO:1902107\,SMARCB1  SOX4  PPP3CA,10
0.153469493317252\,3\,214\,4.33033707865169\,GO:1903708 positive regulation of hemopoiesis\,http://amigo.geneontology.org/amigo/term/GO:1903708\,SMARCB1  SOX4  PPP3CA,10
0.153669725334906\,5\,440\,2.82413287738153\,GO:0003012 muscle system process\,http://amigo.geneontology.org/amigo/term/GO:0003012\,HSP90AA1  PPP3CA  HDAC2  ENO1  CTTN,10
0.153669725334906\,10\,782\,1.94476216107112\,GO:0080135 regulation of cellular response to stress\,http://amigo.geneontology.org/amigo/term/GO:0080135\,SMARCB1  RUVBL1  ENO1  MAGEF1  PTPRS  PRDX1  TRAP1  TERF2IP  CTNNB1  SOX4,10
0.156249285454997\,9\,1123\,2.02984550561798\,GO:0035295 tube development\,http://amigo.geneontology.org/amigo/term/GO:0035295\,CECR2  SOX4  ILK  CTNNB1  SOX11  MARCKS  PKM  PGK1  ATP5F1B,10
0.159363991517826\,4\,313\,3.28886360403925\,GO:0060485 mesenchyme development\,http://amigo.geneontology.org/amigo/term/GO:0060485\,CTNNB1  SOX11  HDAC2  MDM4,10
0.160332857568571\,11\,772\,1.85585874799358\,GO:0043632 modification-dependent macromolecule catabolic process\,http://amigo.geneontology.org/amigo/term/GO:0043632\,PSMC4  PSMC1  PSMD3  UBC  PSMC2  PSMD6  PSMD13  TSG101  HSP90AB1  CTNNB1  MAGEF1,10
0.16145627871336\,9\,983\,2.01584657109647\,GO:0019752 carboxylic acid metabolic process\,http://amigo.geneontology.org/amigo/term/GO:0019752\,PKM  ENO1  FH  IDH3B  PGK1  PDHB  HARS1  LDHB  LDHA,10
0.161781203632277\,2\,83\,6.83737433471319\,GO:0006809 nitric oxide biosynthetic process\,http://amigo.geneontology.org/amigo/term/GO:0006809\,HSP90AA1  HSP90AB1,10
0.161781203632277\,2\,104\,6.83737433471319\,GO:0061326 renal tubule development\,http://amigo.geneontology.org/amigo/term/GO:0061326\,ILK  CTNNB1,10
0.161781203632277\,2\,101\,6.83737433471319\,GO:0072080 nephron tubule development\,http://amigo.geneontology.org/amigo/term/GO:0072080\,ILK  CTNNB1,10
0.161781203632277\,5\,259\,2.7758571016998\,GO:1903050 regulation of proteolysis involved in cellular protein catabolic process\,http://amigo.geneontology.org/amigo/term/GO:1903050\,PSMC2  HSP90AB1  MAGEF1  PSMC4  PSMC1,10
0.161781203632277\,2\,46\,6.83737433471319\,GO:2000008 regulation of protein localization to cell surface\,http://amigo.geneontology.org/amigo/term/GO:2000008\,HSP90AB1  CTNNB1,10
0.161940558463456\,10\,1006\,1.92174722425371\,GO:0040007 growth\,http://amigo.geneontology.org/amigo/term/GO:0040007\,DBN1  ENO1  TSG101  HSP90AA1  HSP90AB1  PTPRS  RUVBL1  CTNNB1  CTTN  PPP3CA,10
0.162699119206975\,6\,454\,2.46664770302944\,GO:0050808 synapse organization\,http://amigo.geneontology.org/amigo/term/GO:0050808\,PTPRS  DBN1  CTTN  HSPA8  TUBA1A  CTNNB1,10
0.162699119206975\,4\,295\,3.24775280898876\,GO:0090092 regulation of transmembrane receptor protein serine/threonine kinase signaling pathway\,http://amigo.geneontology.org/amigo/term/GO:0090092\,HDAC2  HSP90AB1  ILK  SOX11,10
0.162699119206975\,4\,243\,3.24775280898876\,GO:1901215 negative regulation of neuron death\,http://amigo.geneontology.org/amigo/term/GO:1901215\,HSP90AB1  PSMC1  CTNNB1  SET,10
0.164405233581713\,3\,108\,4.14606741573034\,GO:0001841 neural tube formation\,http://amigo.geneontology.org/amigo/term/GO:0001841\,CECR2  SOX4  SOX11,10
0.164405233581713\,3\,171\,4.14606741573034\,GO:0003205 cardiac chamber development\,http://amigo.geneontology.org/amigo/term/GO:0003205\,SOX4  SOX11  MDM4,10
0.164405233581713\,8\,449\,2.1123595505618\,GO:0006417 regulation of translation\,http://amigo.geneontology.org/amigo/term/GO:0006417\,TNRC6B  CNBP  EIF4A3  PKM  SOX4  TRAP1  EIF3E  CDC123,10
0.164405233581713\,16\,1964\,1.61379021564659\,GO:0006508 proteolysis\,http://amigo.geneontology.org/amigo/term/GO:0006508\,PSMC4  PSMC1  PSMD3  UBC  PSMC2  PSMD6  PSMD13  TSG101  HSP90AB1  HSPD1  CTNNB1  MAGEF1  UQCRC2  ENO1  PGK1  HDAC2,10
0.164405233581713\,6\,240\,2.45113419546322\,GO:0022618 ribonucleoprotein complex assembly\,http://amigo.geneontology.org/amigo/term/GO:0022618\,RUVBL1  PUF60  EIF3I  EIF3E  HSP90AA1  HSP90AB1,10
0.164405233581713\,3\,308\,4.14606741573034\,GO:0032944 regulation of mononuclear cell proliferation\,http://amigo.geneontology.org/amigo/term/GO:0032944\,PPP3CA  CTNNB1  SOX11,10
0.164405233581713\,3\,149\,4.14606741573034\,GO:0033135 regulation of peptidyl-serine phosphorylation\,http://amigo.geneontology.org/amigo/term/GO:0033135\,HSP90AA1  HSP90AB1  TERF2IP,10
0.164405233581713\,12\,1160\,1.77959058026782\,GO:0051248 negative regulation of protein metabolic process\,http://amigo.geneontology.org/amigo/term/GO:0051248\,TNRC6B  HSP90AB1  EIF4A3  CTNNB1  HDAC2  TSG101  SMARCB1  SOX4  TERF2IP  MDM4  EIF3E  SET,10
0.164405233581713\,3\,96\,4.14606741573034\,GO:0060996 dendritic spine development\,http://amigo.geneontology.org/amigo/term/GO:0060996\,DBN1  PTPRS  HDAC2,10
0.165517800902467\,4\,269\,3.20765709529754\,GO:0005996 monosaccharide metabolic process\,http://amigo.geneontology.org/amigo/term/GO:0005996\,PGK1  ENO1  PKM  PDHB,10
0.165517800902467\,4\,239\,3.20765709529754\,GO:0050769 positive regulation of neurogenesis\,http://amigo.geneontology.org/amigo/term/GO:0050769\,DBN1  CTNNB1  SOX11  HDAC2,10
0.165517800902467\,4\,486\,3.20765709529754\,GO:1903037 regulation of leukocyte cell-cell adhesion\,http://amigo.geneontology.org/amigo/term/GO:1903037\,HSPD1  SMARCB1  SOX4  PPP3CA,10
0.166370852275848\,5\,562\,2.72920404116703\,GO:0001501 skeletal system development\,http://amigo.geneontology.org/amigo/term/GO:0001501\,SOX4  CTNNB1  SOX11  EIF4A3  PRDX1,10
0.166788521815011\,9\,1028\,1.98842008713598\,GO:0006082 organic acid metabolic process\,http://amigo.geneontology.org/amigo/term/GO:0006082\,PKM  ENO1  FH  IDH3B  PGK1  PDHB  HARS1  LDHB  LDHA,10
0.166788521815011\,9\,1009\,1.98842008713598\,GO:0043436 oxoacid metabolic process\,http://amigo.geneontology.org/amigo/term/GO:0043436\,PKM  ENO1  FH  IDH3B  PGK1  PDHB  HARS1  LDHB  LDHA,10
0.16917318231733\,8\,1052\,2.08690943549479\,GO:0008284 positive regulation of cell population proliferation\,http://amigo.geneontology.org/amigo/term/GO:0008284\,SOX4  PPP3CA  ILK  CTNNB1  SOX11  HDAC2  CNBP  CDC123,10
0.16917318231733\,4\,199\,3.1685393258427\,GO:0019827 stem cell population maintenance\,http://amigo.geneontology.org/amigo/term/GO:0019827\,SMARCB1  HDAC2  SOX4  CTNNB1,10
0.16917318231733\,2\,41\,6.49550561797753\,GO:0042307 positive regulation of protein import into nucleus\,http://amigo.geneontology.org/amigo/term/GO:0042307\,HSP90AA1  HSP90AB1,10
0.16917318231733\,2\,136\,6.49550561797753\,GO:0042476 odontogenesis\,http://amigo.geneontology.org/amigo/term/GO:0042476\,CTNNB1  HDAC2,10
0.16917318231733\,2\,29\,6.49550561797753\,GO:0043247 telomere maintenance in response to DNA damage\,http://amigo.geneontology.org/amigo/term/GO:0043247\,RUVBL1  TERF2IP,10
0.16917318231733\,15\,1263\,1.6347749038534\,GO:0044265 cellular macromolecule catabolic process\,http://amigo.geneontology.org/amigo/term/GO:0044265\,PSMC4  TNRC6B  PSMC1  PSMD3  UBC  PSMC2  PSMD6  PSMD13  TSG101  HSP90AB1  EIF4A3  CTNNB1  MAGEF1  EIF3E  CECR2,10
0.16917318231733\,8\,647\,2.08690943549479\,GO:0048812 neuron projection morphogenesis\,http://amigo.geneontology.org/amigo/term/GO:0048812\,DBN1  KIF5A  HSP90AA1  HSP90AB1  PTPRS  PPP3CA  CTNNB1  CTTN,10
0.16917318231733\,3\,144\,4.05969101123596\,GO:0071456 cellular response to hypoxia\,http://amigo.geneontology.org/amigo/term/GO:0071456\,ENO1  PGK1  MDM4,10
0.16917318231733\,2\,121\,6.49550561797753\,GO:0072009 nephron epithelium development\,http://amigo.geneontology.org/amigo/term/GO:0072009\,ILK  CTNNB1,10
0.16917318231733\,2\,30\,6.49550561797753\,GO:2000765 regulation of cytoplasmic translation\,http://amigo.geneontology.org/amigo/term/GO:2000765\, CNBP  PKM,10
0.171369092527239\,14\,999\,1.66857025048964\,GO:0006518 peptide metabolic process\,http://amigo.geneontology.org/amigo/term/GO:0006518\,EIF3I  TNRC6B  EIF3E  EIF4A1  CNBP  HARS1  TUFM  RPS8  RPLP2  EIF4A3  PKM  SOX4  TRAP1  CDC123,10
0.171532000912853\,19\,2867\,1.5198843194775\,GO:0009653 anatomical structure morphogenesis\,http://amigo.geneontology.org/amigo/term/GO:0009653\,DBN1  SOX4  KIF5A  ILK  SOX11  HSP90AA1  HSP90AB1  CECR2  PTPRS  PPP3CA  CTNNB1  PKM  PGK1  ATP5F1B  EIF4A3  CTTN  HDAC2  MDM4  DAAM1,10
0.174245089805143\,8\,831\,2.0702806750526\,GO:0030162 regulation of proteolysis\,http://amigo.geneontology.org/amigo/term/GO:0030162\,PSMC2  HSP90AB1  HSPD1  MAGEF1  PSMC4  PSMC1  ENO1  HDAC2,10
0.175276761659439\,3\,156\,3.89730337078652\,GO:0001678 cellular glucose homeostasis\,http://amigo.geneontology.org/amigo/term/GO:0001678\,SMARCB1  SOX4  PPP3CA,10
0.175276761659439\,1\,7\,21.6516853932584\,GO:0001842 neural fold formation\,http://amigo.geneontology.org/amigo/term/GO:0001842\,CECR2,10
0.175276761659439\,1\,24\,21.6516853932584\,GO:0002053 positive regulation of mesenchymal cell proliferation\,http://amigo.geneontology.org/amigo/term/GO:0002053\,CTNNB1,10
0.175276761659439\,2\,138\,6.18619582664526\,GO:0002224 toll-like receptor signaling pathway\,http://amigo.geneontology.org/amigo/term/GO:0002224\,HSPD1  PTPRS,10
0.175276761659439\,1\,11\,21.6516853932584\,GO:0002424 T cell mediated immune response to tumor cell\,http://amigo.geneontology.org/amigo/term/GO:0002424\,HSPD1,10
0.175276761659439\,1\,26\,21.6516853932584\,GO:0002755 MyD88-dependent toll-like receptor signaling pathway\,http://amigo.geneontology.org/amigo/term/GO:0002755\,HSPD1,10
0.175276761659439\,1\,21\,21.6516853932584\,GO:0002837 regulation of immune response to tumor cell\,http://amigo.geneontology.org/amigo/term/GO:0002837\,HSPD1,10
0.175276761659439\,1\,10\,21.6516853932584\,GO:0003266 regulation of secondary heart field cardioblast proliferation\,http://amigo.geneontology.org/amigo/term/GO:0003266\,CTNNB1,10
0.175276761659439\,1\,32\,21.6516853932584\,GO:0003338 metanephros morphogenesis\,http://amigo.geneontology.org/amigo/term/GO:0003338\,CTNNB1,10
0.175276761659439\,1\,3\,21.6516853932584\,GO:0006106 fumarate metabolic process\,http://amigo.geneontology.org/amigo/term/GO:0006106\, FH,10
0.175276761659439\,5\,348\,2.57758159443553\,GO:0006310 DNA recombination\,http://amigo.geneontology.org/amigo/term/GO:0006310\,HSPD1  RUVBL1  MAGEF1  TERF2IP  KPNA2,10
0.175276761659439\,4\,176\,3.02116540371048\,GO:0006606 protein import into nucleus\,http://amigo.geneontology.org/amigo/term/GO:0006606\,KPNA2  HSP90AA1  HSP90AB1  PPP3CA,10
0.175276761659439\,11\,1123\,1.76421140241365\,GO:0007417 central nervous system development\,http://amigo.geneontology.org/amigo/term/GO:0007417\,LDHA  TMX2  MARCKS  CTNNB1  HSP90AA1  HSP90AB1  PTPRS  SOX4  PPP3CA  SOX11  HDAC2,10
0.175276761659439\,1\,11\,21.6516853932584\,GO:0007440 foregut morphogenesis\,http://amigo.geneontology.org/amigo/term/GO:0007440\,CTNNB1,10
0.175276761659439\,3\,133\,3.82088565763384\,GO:0009408 response to heat\,http://amigo.geneontology.org/amigo/term/GO:0009408\,HSP90AA1  HSP90AB1  HDAC2,10
0.175276761659439\,1\,15\,21.6516853932584\,GO:0009756 carbohydrate mediated signaling\,http://amigo.geneontology.org/amigo/term/GO:0009756\,SMARCB1,10
0.175276761659439\,1\,13\,21.6516853932584\,GO:0009757 hexose mediated signaling\,http://amigo.geneontology.org/amigo/term/GO:0009757\,SMARCB1,10
0.175276761659439\,1\,13\,21.6516853932584\,GO:0010182 sugar mediated signaling pathway\,http://amigo.geneontology.org/amigo/term/GO:0010182\,SMARCB1,10
0.175276761659439\,1\,13\,21.6516853932584\,GO:0010255 glucose mediated signaling pathway\,http://amigo.geneontology.org/amigo/term/GO:0010255\,SMARCB1,10
0.175276761659439\,9\,601\,1.94865168539326\,GO:0010608 post-transcriptional regulation of gene expression\,http://amigo.geneontology.org/amigo/term/GO:0010608\,TNRC6B  CNBP  EIF4A3  PKM  PPP3CA  SOX4  TRAP1  EIF3E  CDC123,10
0.175276761659439\,1\,10\,21.6516853932584\,GO:0010612 regulation of cardiac muscle adaptation\,http://amigo.geneontology.org/amigo/term/GO:0010612\,PPP3CA,10
0.175276761659439\,1\,7\,21.6516853932584\,GO:0014883 transition between fast and slow fiber\,http://amigo.geneontology.org/amigo/term/GO:0014883\,PPP3CA,10
0.175276761659439\,1\,11\,21.6516853932584\,GO:0015808 L-alanine transport\,http://amigo.geneontology.org/amigo/term/GO:0015808\,SLC3A2,10
0.175276761659439\,6\,478\,2.36200204290092\,GO:0016032 viral process\,http://amigo.geneontology.org/amigo/term/GO:0016032\,SMARCB1  TSG101  HSPA8  HSP90AB1  SLC3A2  KPNA2,10
0.175276761659439\,1\,4\,21.6516853932584\,GO:0018076 N-terminal peptidyl-lysine acetylation\,http://amigo.geneontology.org/amigo/term/GO:0018076\,SOX4,10
0.175276761659439\,1\,11\,21.6516853932584\,GO:0019062 virion attachment to host cell\,http://amigo.geneontology.org/amigo/term/GO:0019062\,HSP90AB1,10
0.175276761659439\,2\,84\,6.18619582664526\,GO:0021675 nerve development\,http://amigo.geneontology.org/amigo/term/GO:0021675\,ILK  CTNNB1,10
0.175276761659439\,15\,1757\,1.59464131374244\,GO:0022008 neurogenesis\,http://amigo.geneontology.org/amigo/term/GO:0022008\,DBN1  KIF5A  SOX11  CTNNB1  HSP90AA1  HSP90AB1  CECR2  PTPRS  SOX4  PPP3CA  NDUFS2  ILK  HDAC2  MARCKS  CTTN,10
0.175276761659439\,3\,146\,3.89730337078652\,GO:0030177 positive regulation of Wnt signaling pathway\,http://amigo.geneontology.org/amigo/term/GO:0030177\,RUVBL1  SOX4  ILK,10
0.175276761659439\,1\,24\,21.6516853932584\,GO:0030539 male genitalia development\,http://amigo.geneontology.org/amigo/term/GO:0030539\,CTNNB1,10
0.175276761659439\,2\,83\,5.9050051072523\,GO:0031016 pancreas development\,http://amigo.geneontology.org/amigo/term/GO:0031016\,SOX4  CTNNB1,10
0.175276761659439\,1\,27\,21.6516853932584\,GO:0032331 negative regulation of chondrocyte differentiation\,http://amigo.geneontology.org/amigo/term/GO:0032331\,CTNNB1,10
0.175276761659439\,1\,14\,21.6516853932584\,GO:0032688 negative regulation of interferon-beta production\,http://amigo.geneontology.org/amigo/term/GO:0032688\, PTPRS,10
0.175276761659439\,1\,62\,21.6516853932584\,GO:0032735 positive regulation of interleukin-12 production\,http://amigo.geneontology.org/amigo/term/GO:0032735\,HSPD1,10
0.175276761659439\,1\,11\,21.6516853932584\,GO:0034105 positive regulation of tissue remodeling\,http://amigo.geneontology.org/amigo/term/GO:0034105\,PPP3CA,10
0.175276761659439\,1\,14\,21.6516853932584\,GO:0034163 regulation of toll-like receptor 9 signaling pathway\,http://amigo.geneontology.org/amigo/term/GO:0034163\, PTPRS,10
0.175276761659439\,1\,11\,21.6516853932584\,GO:0035112 genitalia morphogenesis\,http://amigo.geneontology.org/amigo/term/GO:0035112\,CTNNB1,10
0.175276761659439\,1\,5\,21.6516853932584\,GO:0035405 histone-threonine phosphorylation\,http://amigo.geneontology.org/amigo/term/GO:0035405\, PKM,10
0.175276761659439\,1\,7\,21.6516853932584\,GO:0035995 detection of muscle stretch\,http://amigo.geneontology.org/amigo/term/GO:0035995\,CTNNB1,10
0.175276761659439\,1\,8\,21.6516853932584\,GO:0036123 histone H3-K9 dimethylation\,http://amigo.geneontology.org/amigo/term/GO:0036123\,SMARCB1,10
0.175276761659439\,5\,662\,2.61915549111997\,GO:0042110 T cell activation\,http://amigo.geneontology.org/amigo/term/GO:0042110\,HSPD1  SMARCB1  SOX4  PPP3CA  CTNNB1,10
0.175276761659439\,26\,4821\,1.39342529758594\,GO:0042221 response to chemical\,http://amigo.geneontology.org/amigo/term/GO:0042221\,PKM  HSPA8  PRDX1  HSPD1  KIF5A  HDAC2  ENO1  HSP90AB1  SMARCB1  PGK1  PPP3CA  CTNNB1  UQCRC1  HSP90AA1  ATP5F1B  SOX4  TRAP1  MSI1  EIF4A3  ATP5F1A  NDUFS2  ILK  SOX11  TUFM  MDM4  SLC3A2,10
0.175276761659439\,1\,29\,21.6516853932584\,GO:0043032 positive regulation of macrophage activation\,http://amigo.geneontology.org/amigo/term/GO:0043032\,HSPD1,10
0.175276761659439\,1\,7\,21.6516853932584\,GO:0044339 canonical Wnt signaling pathway involved in osteoblast differentiation\,http://amigo.geneontology.org/amigo/term/GO:0044339\,CTNNB1,10
0.175276761659439\,1\,16\,21.6516853932584\,GO:0044406 adhesion of symbiont to host\,http://amigo.geneontology.org/amigo/term/GO:0044406\,HSP90AB1,10
0.175276761659439\,1\,13\,21.6516853932584\,GO:0044650 adhesion of symbiont to host cell\,http://amigo.geneontology.org/amigo/term/GO:0044650\,HSP90AB1,10
0.175276761659439\,1\,6\,21.6516853932584\,GO:0045347 negative regulation of MHC class II biosynthetic process\,http://amigo.geneontology.org/amigo/term/GO:0045347\,HDAC2,10
0.175276761659439\,1\,11\,21.6516853932584\,GO:0045603 positive regulation of endothelial cell differentiation\,http://amigo.geneontology.org/amigo/term/GO:0045603\,CTNNB1,10
0.175276761659439\,1\,8\,21.6516853932584\,GO:0045743 positive regulation of fibroblast growth factor receptor signaling pathway\,http://amigo.geneontology.org/amigo/term/GO:0045743\,CTNNB1,10
0.175276761659439\,1\,31\,21.6516853932584\,GO:0045987 positive regulation of smooth muscle contraction\,http://amigo.geneontology.org/amigo/term/GO:0045987\, CTTN,10
0.175276761659439\,2\,89\,6.18619582664526\,GO:0046209 nitric oxide metabolic process\,http://amigo.geneontology.org/amigo/term/GO:0046209\,HSP90AA1  HSP90AB1,10
0.175276761659439\,7\,928\,2.19654779351897\,GO:0046649 lymphocyte activation\,http://amigo.geneontology.org/amigo/term/GO:0046649\,HSPD1  SMARCB1  PRDX1  SOX4  PPP3CA  CTNNB1  SOX11,10
0.175276761659439\,1\,10\,21.6516853932584\,GO:0048149 behavioral response to ethanol\,http://amigo.geneontology.org/amigo/term/GO:0048149\,HDAC2,10
0.175276761659439\,1\,12\,21.6516853932584\,GO:0048262 determination of dorsal/ventral asymmetry\,http://amigo.geneontology.org/amigo/term/GO:0048262\,CTNNB1,10
0.175276761659439\,1\,15\,21.6516853932584\,GO:0048291 isotype switching to IgG isotypes\,http://amigo.geneontology.org/amigo/term/GO:0048291\,HSPD1,10
0.175276761659439\,1\,17\,21.6516853932584\,GO:0048557 embryonic digestive tract morphogenesis\,http://amigo.geneontology.org/amigo/term/GO:0048557\,SOX11,10
0.175276761659439\,1\,40\,21.6516853932584\,GO:0048566 embryonic digestive tract development\,http://amigo.geneontology.org/amigo/term/GO:0048566\,SOX11,10
0.175276761659439\,1\,10\,21.6516853932584\,GO:0048617 embryonic foregut morphogenesis\,http://amigo.geneontology.org/amigo/term/GO:0048617\,CTNNB1,10
0.175276761659439\,1\,14\,21.6516853932584\,GO:0048681 negative regulation of axon regeneration\,http://amigo.geneontology.org/amigo/term/GO:0048681\, PTPRS,10
0.175276761659439\,3\,234\,3.74740708729473\,GO:0048705 skeletal system morphogenesis\,http://amigo.geneontology.org/amigo/term/GO:0048705\,CTNNB1  SOX11  EIF4A3,10
0.175276761659439\,1\,15\,21.6516853932584\,GO:0048715 negative regulation of oligodendrocyte differentiation\,http://amigo.geneontology.org/amigo/term/GO:0048715\,CTNNB1,10
0.175276761659439\,8\,667\,2.02194727407861\,GO:0048858 cell projection morphogenesis\,http://amigo.geneontology.org/amigo/term/GO:0048858\,DBN1  KIF5A  HSP90AA1  HSP90AB1  PTPRS  PPP3CA  CTNNB1  CTTN,10
0.175276761659439\,2\,48\,5.9050051072523\,GO:0051084 de novo post-translational protein folding\,http://amigo.geneontology.org/amigo/term/GO:0051084\,HSPA8  CCT2,10
0.175276761659439\,5\,514\,2.57758159443553\,GO:0051090 regulation of DNA-binding transcription factor activity\,http://amigo.geneontology.org/amigo/term/GO:0051090\,SMARCB1  PPP3CA  TERF2IP  CTNNB1  HDAC2,10
0.175276761659439\,4\,434\,2.98643936458737\,GO:0051251 positive regulation of lymphocyte activation\,http://amigo.geneontology.org/amigo/term/GO:0051251\,HSPD1  SMARCB1  SOX4  PPP3CA,10
0.175276761659439\,1\,8\,21.6516853932584\,GO:0060022 hard palate development\,http://amigo.geneontology.org/amigo/term/GO:0060022\,SOX11,10
0.175276761659439\,1\,16\,21.6516853932584\,GO:0060413 atrial septum morphogenesis\,http://amigo.geneontology.org/amigo/term/GO:0060413\,SOX4,10
0.175276761659439\,1\,35\,21.6516853932584\,GO:0060441 epithelial tube branching involved in lung morphogenesis\,http://amigo.geneontology.org/amigo/term/GO:0060441\,CTNNB1,10
0.175276761659439\,4\,262\,3.02116540371048\,GO:0060828 regulation of canonical Wnt signaling pathway\,http://amigo.geneontology.org/amigo/term/GO:0060828\,RUVBL1  SOX4  CTNNB1  ILK,10
0.175276761659439\,1\,6\,21.6516853932584\,GO:0060916 mesenchymal cell proliferation involved in lung development\,http://amigo.geneontology.org/amigo/term/GO:0060916\,CTNNB1,10
0.175276761659439\,1\,33\,21.6516853932584\,GO:0061037 negative regulation of cartilage development\,http://amigo.geneontology.org/amigo/term/GO:0061037\,CTNNB1,10
0.175276761659439\,1\,37\,21.6516853932584\,GO:0061311 cell surface receptor signaling pathway involved in heart development\,http://amigo.geneontology.org/amigo/term/GO:0061311\,CTNNB1,10
0.175276761659439\,3\,113\,3.97684017427196\,GO:0061387 regulation of extent of cell growth\,http://amigo.geneontology.org/amigo/term/GO:0061387\,DBN1  PTPRS  CTTN,10
0.175276761659439\,1\,3\,21.6516853932584\,GO:0061738 late endosomal microautophagy\,http://amigo.geneontology.org/amigo/term/GO:0061738\,HSPA8,10
0.175276761659439\,1\,15\,21.6516853932584\,GO:0070571 negative regulation of neuron projection regeneration\,http://amigo.geneontology.org/amigo/term/GO:0070571\, PTPRS,10
0.175276761659439\,1\,4\,21.6516853932584\,GO:0070602 regulation of centromeric sister chromatid cohesion\,http://amigo.geneontology.org/amigo/term/GO:0070602\,CTNNB1,10
0.175276761659439\,1\,9\,21.6516853932584\,GO:0070933 histone H4 deacetylation\,http://amigo.geneontology.org/amigo/term/GO:0070933\,HDAC2,10
0.175276761659439\,1\,6\,21.6516853932584\,GO:0071680 response to indole-3-methanol\,http://amigo.geneontology.org/amigo/term/GO:0071680\,CTNNB1,10
0.175276761659439\,1\,5\,21.6516853932584\,GO:0071681 cellular response to indole-3-methanol\,http://amigo.geneontology.org/amigo/term/GO:0071681\,CTNNB1,10
0.175276761659439\,6\,248\,2.37640449438202\,GO:0071826 ribonucleoprotein complex subunit organization\,http://amigo.geneontology.org/amigo/term/GO:0071826\,RUVBL1  PUF60  EIF3I  EIF3E  HSP90AA1  HSP90AB1,10
0.175276761659439\,4\,203\,3.05670852610707\,GO:0098727 maintenance of cell number\,http://amigo.geneontology.org/amigo/term/GO:0098727\,SMARCB1  HDAC2  SOX4  CTNNB1,10
0.175276761659439\,8\,662\,2.03780568407138\,GO:0120039 plasma membrane bounded cell projection morphogenesis\,http://amigo.geneontology.org/amigo/term/GO:0120039\,DBN1  KIF5A  HSP90AA1  HSP90AB1  PTPRS  PPP3CA  CTNNB1  CTTN,10
0.175276761659439\,2\,81\,6.18619582664526\,GO:1901224 positive regulation of NIK/NF-kappaB signaling\,http://amigo.geneontology.org/amigo/term/GO:1901224\,ILK  TERF2IP,10
0.175276761659439\,1\,6\,21.6516853932584\,GO:1901299 negative regulation of hydrogen peroxide-mediated programmed cell death\,http://amigo.geneontology.org/amigo/term/GO:1901299\,TRAP1,10
0.175276761659439\,1\,4\,21.6516853932584\,GO:1902659 regulation of glucose mediated signaling pathway\,http://amigo.geneontology.org/amigo/term/GO:1902659\,SMARCB1,10
0.175276761659439\,1\,4\,21.6516853932584\,GO:1902661 positive regulation of glucose mediated signaling pathway\,http://amigo.geneontology.org/amigo/term/GO:1902661\,SMARCB1,10
0.175276761659439\,1\,4\,21.6516853932584\,GO:1902685 positive regulation of receptor localization to synapse\,http://amigo.geneontology.org/amigo/term/GO:1902685\,DBN1,10
0.175276761659439\,1\,10\,21.6516853932584\,GO:1903242 regulation of cardiac muscle hypertrophy in response to stress\,http://amigo.geneontology.org/amigo/term/GO:1903242\,PPP3CA,10
0.175276761659439\,5\,275\,2.64044943820225\,GO:1903362 regulation of cellular protein catabolic process\,http://amigo.geneontology.org/amigo/term/GO:1903362\,PSMC2  HSP90AB1  MAGEF1  PSMC4  PSMC1,10
0.175276761659439\,1\,3\,21.6516853932584\,GO:1903750 regulation of intrinsic apoptotic signaling pathway in response to hydrogen peroxide\,http://amigo.geneontology.org/amigo/term/GO:1903750\,TRAP1,10
0.175276761659439\,1\,3\,21.6516853932584\,GO:1903751 negative regulation of intrinsic apoptotic signaling pathway in response to hydrogen peroxide\,http://amigo.geneontology.org/amigo/term/GO:1903751\,TRAP1,10
0.175276761659439\,1\,3\,21.6516853932584\,GO:1903774 positive regulation of viral budding via host ESCRT complex\,http://amigo.geneontology.org/amigo/term/GO:1903774\,TSG101,10
0.175276761659439\,2\,45\,5.9050051072523\,GO:1904591 positive regulation of protein import\,http://amigo.geneontology.org/amigo/term/GO:1904591\,HSP90AA1  HSP90AB1,10
0.175276761659439\,1\,7\,21.6516853932584\,GO:1904796 regulation of core promoter binding\,http://amigo.geneontology.org/amigo/term/GO:1904796\,CTNNB1,10
0.175276761659439\,1\,6\,21.6516853932584\,GO:1905203 regulation of connective tissue replacement\,http://amigo.geneontology.org/amigo/term/GO:1905203\,PPP3CA,10
0.175276761659439\,1\,3\,21.6516853932584\,GO:1905205 positive regulation of connective tissue replacement\,http://amigo.geneontology.org/amigo/term/GO:1905205\,PPP3CA,10
0.175276761659439\,1\,13\,21.6516853932584\,GO:1905664 regulation of calcium ion import across plasma membrane\,http://amigo.geneontology.org/amigo/term/GO:1905664\,PPP3CA,10
0.175276761659439\,1\,4\,21.6516853932584\,GO:1990049 retrograde neuronal dense core vesicle transport\,http://amigo.geneontology.org/amigo/term/GO:1990049\,KIF5A,10
0.175276761659439\,1\,12\,21.6516853932584\,GO:2000288 positive regulation of myoblast proliferation\,http://amigo.geneontology.org/amigo/term/GO:2000288\,CTNNB1,10
0.175276761659439\,1\,18\,21.6516853932584\,GO:2000696 regulation of epithelial cell differentiation involved in kidney development\,http://amigo.geneontology.org/amigo/term/GO:2000696\,CTNNB1,10
0.175276761659439\,2\,47\,6.18619582664526\,GO:2000758 positive regulation of peptidyl-lysine acetylation\,http://amigo.geneontology.org/amigo/term/GO:2000758\,SOX4  SMARCB1,10
0.175276761659439\,2\,90\,5.9050051072523\,GO:2001057 reactive nitrogen species metabolic process\,http://amigo.geneontology.org/amigo/term/GO:2001057\,HSP90AA1  HSP90AB1,10
0.176530329649126\,8\,1280\,1.99861711322385\,GO:0001775 cell activation\,http://amigo.geneontology.org/amigo/term/GO:0001775\,ILK  PRDX1  HSPD1  SMARCB1  SOX4  PPP3CA  CTNNB1  SOX11,10
0.178760085458562\,15\,1259\,1.58684990667203\,GO:0034645 cellular macromolecule biosynthetic process\,http://amigo.geneontology.org/amigo/term/GO:0034645\,EIF3I  TNRC6B  EIF3E  EIF4A1  CNBP  HARS1  TUFM  RPS8  RPLP2  EIF4A3  PKM  SOX4  TRAP1  CTNNB1  CDC123,10
0.180883035548063\,2\,95\,5.64826575476307\,GO:0001942 hair follicle development\,http://amigo.geneontology.org/amigo/term/GO:0001942\,CTNNB1  HDAC2,10
0.180883035548063\,4\,525\,2.91932836763035\,GO:0007159 leukocyte cell-cell adhesion\,http://amigo.geneontology.org/amigo/term/GO:0007159\,HSPD1  SMARCB1  SOX4  PPP3CA,10
0.180883035548063\,3\,172\,3.67670129319483\,GO:0007519 skeletal muscle tissue development\,http://amigo.geneontology.org/amigo/term/GO:0007519\,PPP3CA  CTNNB1  SOX11,10
0.180883035548063\,10\,1083\,1.80933304121937\,GO:0019637 organophosphate metabolic process\,http://amigo.geneontology.org/amigo/term/GO:0019637\,PKM  ENO1  PGK1  ATP5F1B  ATP5F1A  PDHB  NDUFA9  NDUFS2  NDUFV1  LDHA,10
0.180883035548063\,2\,98\,5.64826575476307\,GO:0022404 molting cycle process\,http://amigo.geneontology.org/amigo/term/GO:0022404\,CTNNB1  HDAC2,10
0.180883035548063\,2\,98\,5.64826575476307\,GO:0022405 hair cycle process\,http://amigo.geneontology.org/amigo/term/GO:0022405\,CTNNB1  HDAC2,10
0.180883035548063\,11\,1073\,1.75123925974884\,GO:0032269 negative regulation of cellular protein metabolic process\,http://amigo.geneontology.org/amigo/term/GO:0032269\,TNRC6B  HSP90AB1  EIF4A3  CTNNB1  HDAC2  TSG101  SMARCB1  SOX4  TERF2IP  EIF3E  SET,10
0.180883035548063\,2\,76\,5.64826575476307\,GO:0032481 positive regulation of type I interferon production\,http://amigo.geneontology.org/amigo/term/GO:0032481\,HSPD1  HSP90AA1,10
0.180883035548063\,6\,628\,2.27912477823773\,GO:0032787 monocarboxylic acid metabolic process\,http://amigo.geneontology.org/amigo/term/GO:0032787\,PKM  ENO1  PGK1  PDHB  LDHB  LDHA,10
0.180883035548063\,4\,195\,2.91932836763035\,GO:0035966 response to topologically incorrect protein\,http://amigo.geneontology.org/amigo/term/GO:0035966\,HSPA8  HSPD1  HSP90AA1  HSP90AB1,10
0.180883035548063\,2\,52\,5.64826575476307\,GO:0043392 negative regulation of DNA binding\,http://amigo.geneontology.org/amigo/term/GO:0043392\,SOX11  HDAC2,10
0.180883035548063\,4\,180\,2.91932836763035\,GO:0051170 import into nucleus\,http://amigo.geneontology.org/amigo/term/GO:0051170\,KPNA2  HSP90AA1  HSP90AB1  PPP3CA,10
0.180883035548063\,4\,292\,2.91932836763035\,GO:0051962 positive regulation of nervous system development\,http://amigo.geneontology.org/amigo/term/GO:0051962\,DBN1  CTNNB1  SOX11  HDAC2,10
0.180883035548063\,3\,335\,3.67670129319483\,GO:0070663 regulation of leukocyte proliferation\,http://amigo.geneontology.org/amigo/term/GO:0070663\,PPP3CA  CTNNB1  SOX11,10
0.180883035548063\,2\,100\,5.64826575476307\,GO:0098773 skin epidermis development\,http://amigo.geneontology.org/amigo/term/GO:0098773\,CTNNB1  HDAC2,10
0.183196504875018\,10\,1194\,1.80430711610487\,GO:0009628 response to abiotic stimulus\,http://amigo.geneontology.org/amigo/term/GO:0009628\,HSP90AA1  HSP90AB1  ENO1  PGK1  NDUFS2  HDAC2  PPP1CB  MDM4  HSPD1  CTNNB1,10
0.183211684473834\,19\,2160\,1.47625127681307\,GO:0033554 cellular response to stress\,http://amigo.geneontology.org/amigo/term/GO:0033554\,HSP90AA1  HSP90AB1  HSPA8  PRDX1  HSPD1  SMARCB1  RUVBL1  ENO1  PGK1  MAGEF1  FH  PTPRS  TRAP1  TERF2IP  CTNNB1  HDAC2  MARCKS  MDM4  SOX4,10
0.184703121805947\,4\,140\,2.88689138576779\,GO:0006413 translational initiation\,http://amigo.geneontology.org/amigo/term/GO:0006413\,EIF3I  EIF3E  EIF4A1  CDC123,10
0.185068905675399\,6\,452\,2.2527765149055\,GO:0007409 axonogenesis\,http://amigo.geneontology.org/amigo/term/GO:0007409\,DBN1  KIF5A  HSP90AA1  HSP90AB1  PTPRS  CTTN,10
0.185068905675399\,3\,145\,3.60861423220974\,GO:0017015 regulation of transforming growth factor beta receptor signaling pathway\,http://amigo.geneontology.org/amigo/term/GO:0017015\,HDAC2  HSP90AB1  SOX11,10
0.185068905675399\,3\,152\,3.60861423220974\,GO:0036294 cellular response to decreased oxygen levels\,http://amigo.geneontology.org/amigo/term/GO:0036294\,ENO1  PGK1  MDM4,10
0.185068905675399\,6\,641\,2.2527765149055\,GO:0048598 embryonic morphogenesis\,http://amigo.geneontology.org/amigo/term/GO:0048598\,CECR2  SOX4  CTNNB1  SOX11  EIF4A3  HDAC2,10
0.185068905675399\,3\,255\,3.60861423220974\,GO:0098657 import into cell\,http://amigo.geneontology.org/amigo/term/GO:0098657\,PPP3CA  TSG101  SLC3A2,10
0.185068905675399\,3\,148\,3.60861423220974\,GO:1903844 regulation of cellular response to transforming growth factor beta stimulus\,http://amigo.geneontology.org/amigo/term/GO:1903844\,HDAC2  HSP90AB1  SOX11,10
0.186074078431244\,12\,1777\,1.68350037614968\,GO:0007267 cell-cell signaling\,http://amigo.geneontology.org/amigo/term/GO:0007267\,CTNNB1  RUVBL1  KPNA2  DAAM1  PTPRS  DBN1  SOX4  PPP3CA  EIF4A3  SOX11  ILK  KIF5A,10
0.186074078431244\,11\,880\,1.73423693683866\,GO:0051603 proteolysis involved in cellular protein catabolic process\,http://amigo.geneontology.org/amigo/term/GO:0051603\,PSMC4  PSMC1  PSMD3  UBC  PSMC2  PSMD6  PSMD13  TSG101  HSP90AB1  CTNNB1  MAGEF1,10
0.188729395631019\,13\,1718\,1.63646459367651\,GO:0044093 positive regulation of molecular function\,http://amigo.geneontology.org/amigo/term/GO:0044093\,AHSA1  HSP90AB1  PPP3CA  HSP90AA1  SMARCB1  HSPD1  TERF2IP  CTNNB1  CCT4  TCP1  CCT2  HDAC2  EIF3E,10
0.19066221920239\,12\,1529\,1.67625951431678\,GO:0080134 regulation of response to stress\,http://amigo.geneontology.org/amigo/term/GO:0080134\,SMARCB1  RUVBL1  ENO1  HSP90AA1  MAGEF1  PTPRS  PRDX1  TRAP1  PPP3CA  TERF2IP  CTNNB1  SOX4,10
0.190800834629148\,2\,136\,5.41292134831461\,GO:0002761 regulation of myeloid leukocyte differentiation\,http://amigo.geneontology.org/amigo/term/GO:0002761\,PPP3CA  CTNNB1,10
0.190800834629148\,2\,126\,5.41292134831461\,GO:0030316 osteoclast differentiation\,http://amigo.geneontology.org/amigo/term/GO:0030316\,PPP3CA  CTNNB1,10
0.190800834629148\,2\,166\,5.41292134831461\,GO:0048754 branching morphogenesis of an epithelial tube\,http://amigo.geneontology.org/amigo/term/GO:0048754\,ILK  CTNNB1,10
0.190800834629148\,2\,83\,5.41292134831461\,GO:0072091 regulation of stem cell proliferation\,http://amigo.geneontology.org/amigo/term/GO:0072091\,CTNNB1  SOX11,10
0.191166708336136\,8\,496\,1.94621891175357\,GO:0043161 proteasome-mediated ubiquitin-dependent protein catabolic process\,http://amigo.geneontology.org/amigo/term/GO:0043161\,PSMC4  PSMC1  PSMC2  PSMD6  PSMD3  PSMD13  HSP90AB1  CTNNB1,10
0.191166708336136\,3\,128\,3.54300306435138\,GO:0051101 regulation of DNA binding\,http://amigo.geneontology.org/amigo/term/GO:0051101\,CTNNB1  SOX11  HDAC2,10
0.192799726269797\,4\,315\,2.82413287738153\,GO:0051047 positive regulation of secretion\,http://amigo.geneontology.org/amigo/term/GO:0051047\,SOX4  PPP3CA  SOX11  TSG101,10
0.193514938916037\,7\,656\,2.05739996949514\,GO:0048589 developmental growth\,http://amigo.geneontology.org/amigo/term/GO:0048589\,DBN1  HSP90AA1  HSP90AB1  PTPRS  CTNNB1  CTTN  PPP3CA,10
0.195355920375934\,2\,44\,5.19640449438202\,GO:0000462 maturation of SSU-rRNA from tricistronic rRNA transcript (SSU-rRNA 5.8S rRNA LSU-rRNA)\,http://amigo.geneontology.org/amigo/term/GO:0000462\,RPS8  DCAF13,10
0.195355920375934\,2\,118\,5.19640449438202\,GO:0001708 cell fate specification\,http://amigo.geneontology.org/amigo/term/GO:0001708\,HDAC2  CTNNB1,10
0.195355920375934\,1\,31\,16.2387640449438\,GO:0001759 organ induction\,http://amigo.geneontology.org/amigo/term/GO:0001759\,CTNNB1,10
0.195355920375934\,3\,286\,3.35974428516079\,GO:0001894 tissue homeostasis\,http://amigo.geneontology.org/amigo/term/GO:0001894\,PRDX1  FH  CTNNB1,10
0.195355920375934\,1\,27\,16.2387640449438\,GO:0002418 immune response to tumor cell\,http://amigo.geneontology.org/amigo/term/GO:0002418\,HSPD1,10
0.195355920375934\,4\,483\,2.79376585719464\,GO:0002696 positive regulation of leukocyte activation\,http://amigo.geneontology.org/amigo/term/GO:0002696\,HSPD1  SMARCB1  SOX4  PPP3CA,10
0.195355920375934\,1\,22\,16.2387640449438\,GO:0002834 regulation of response to tumor cell\,http://amigo.geneontology.org/amigo/term/GO:0002834\,HSPD1,10
0.195355920375934\,1\,30\,16.2387640449438\,GO:0003209 cardiac atrium morphogenesis\,http://amigo.geneontology.org/amigo/term/GO:0003209\,SOX4,10
0.195355920375934\,1\,11\,16.2387640449438\,GO:0003263 cardioblast proliferation\,http://amigo.geneontology.org/amigo/term/GO:0003263\,CTNNB1,10
0.195355920375934\,1\,11\,16.2387640449438\,GO:0003264 regulation of cardioblast proliferation\,http://amigo.geneontology.org/amigo/term/GO:0003264\,CTNNB1,10
0.195355920375934\,1\,9\,16.2387640449438\,GO:0006108 malate metabolic process\,http://amigo.geneontology.org/amigo/term/GO:0006108\, FH,10
0.195355920375934\,10\,751\,1.74610366074665\,GO:0006511 ubiquitin-dependent protein catabolic process\,http://amigo.geneontology.org/amigo/term/GO:0006511\,PSMC4  PSMC1  PSMD3  PSMC2  PSMD6  PSMD13  TSG101  HSP90AB1  CTNNB1  MAGEF1,10
0.195355920375934\,1\,9\,16.2387640449438\,GO:0006930 substrate-dependent cell migration cell extension\,http://amigo.geneontology.org/amigo/term/GO:0006930\, CTTN,10
0.195355920375934\,1\,11\,16.2387640449438\,GO:0009950 dorsal/ventral axis specification\,http://amigo.geneontology.org/amigo/term/GO:0009950\,CTNNB1,10
0.195355920375934\,6\,568\,2.18949627572276\,GO:0010035 response to inorganic substance\,http://amigo.geneontology.org/amigo/term/GO:0010035\,PRDX1  PPP3CA  TRAP1  EIF4A3  ATP5F1A  HDAC2,10
0.195355920375934\,1\,23\,16.2387640449438\,GO:0010560 positive regulation of glycoprotein biosynthetic process\,http://amigo.geneontology.org/amigo/term/GO:0010560\,CTNNB1,10
0.195355920375934\,2\,100\,4.99654278305964\,GO:0010717 regulation of epithelial to mesenchymal transition\,http://amigo.geneontology.org/amigo/term/GO:0010717\,HDAC2  CTNNB1,10
0.195355920375934\,1\,27\,16.2387640449438\,GO:0010954 positive regulation of protein processing\,http://amigo.geneontology.org/amigo/term/GO:0010954\,ENO1,10
0.195355920375934\,2\,175\,4.99654278305964\,GO:0030216 keratinocyte differentiation\,http://amigo.geneontology.org/amigo/term/GO:0030216\,TSG101  PPP3CA,10
0.195355920375934\,2\,107\,4.99654278305964\,GO:0030510 regulation of BMP signaling pathway\,http://amigo.geneontology.org/amigo/term/GO:0030510\,ILK  SOX11,10
0.195355920375934\,1\,15\,16.2387640449438\,GO:0031000 response to caffeine\,http://amigo.geneontology.org/amigo/term/GO:0031000\,HDAC2,10
0.195355920375934\,1\,31\,16.2387640449438\,GO:0031069 hair follicle morphogenesis\,http://amigo.geneontology.org/amigo/term/GO:0031069\,CTNNB1,10
0.195355920375934\,7\,551\,2.01188227105499\,GO:0031400 negative regulation of protein modification process\,http://amigo.geneontology.org/amigo/term/GO:0031400\,CTNNB1  HDAC2  TSG101  SMARCB1  SOX4  TERF2IP  SET,10
0.195355920375934\,1\,9\,16.2387640449438\,GO:0031915 positive regulation of synaptic plasticity\,http://amigo.geneontology.org/amigo/term/GO:0031915\,DBN1,10
0.195355920375934\,1\,16\,16.2387640449438\,GO:0032328 alanine transport\,http://amigo.geneontology.org/amigo/term/GO:0032328\,SLC3A2,10
0.195355920375934\,20\,2945\,1.43547085480166\,GO:0032879 regulation of localization\,http://amigo.geneontology.org/amigo/term/GO:0032879\,CCT4  TCP1  CCT7  CCT5  CCT8  CCT3  CCT2  RUVBL1  PPP3CA  HDAC2  HSP90AB1  CTNNB1  TSG101  HSP90AA1  DBN1  SOX4  SOX11  ATP5F1B  ATP5F1A  HSPA8,10
0.195355920375934\,8\,686\,1.92459425717853\,GO:0032990 cell part morphogenesis\,http://amigo.geneontology.org/amigo/term/GO:0032990\,DBN1  KIF5A  HSP90AA1  HSP90AB1  PTPRS  PPP3CA  CTNNB1  CTTN,10
0.195355920375934\,1\,23\,16.2387640449438\,GO:0034162 toll-like receptor 9 signaling pathway\,http://amigo.geneontology.org/amigo/term/GO:0034162\, PTPRS,10
0.195355920375934\,8\,514\,1.9317488826699\,GO:0034248 regulation of cellular amide metabolic process\,http://amigo.geneontology.org/amigo/term/GO:0034248\,TNRC6B  CNBP  EIF4A3  PKM  SOX4  TRAP1  EIF3E  CDC123,10
0.195355920375934\,1\,10\,16.2387640449438\,GO:0035332 positive regulation of hippo signaling\,http://amigo.geneontology.org/amigo/term/GO:0035332\,SOX11,10
0.195355920375934\,1\,9\,16.2387640449438\,GO:0035562 negative regulation of chromatin binding\,http://amigo.geneontology.org/amigo/term/GO:0035562\,PPP3CA,10
0.195355920375934\,2\,121\,5.19640449438202\,GO:0042303 molting cycle\,http://amigo.geneontology.org/amigo/term/GO:0042303\,CTNNB1  HDAC2,10
0.195355920375934\,2\,121\,5.19640449438202\,GO:0042633 hair cycle\,http://amigo.geneontology.org/amigo/term/GO:0042633\,CTNNB1  HDAC2,10
0.195355920375934\,15\,1301\,1.55147427180992\,GO:0043603 cellular amide metabolic process\,http://amigo.geneontology.org/amigo/term/GO:0043603\,EIF3I  TNRC6B  EIF3E  EIF4A1  PDHB  CNBP  HARS1  TUFM  RPS8  RPLP2  EIF4A3  PKM  SOX4  TRAP1  CDC123,10
0.195355920375934\,5\,584\,2.40574282147316\,GO:0044057 regulation of system process\,http://amigo.geneontology.org/amigo/term/GO:0044057\,HSP90AA1  PPP3CA  EIF4A3  ENO1  CTTN,10
0.195355920375934\,14\,1936\,1.57058857774932\,GO:0044281 small molecule metabolic process\,http://amigo.geneontology.org/amigo/term/GO:0044281\,PKM  ENO1  FH  IDH3B  PGK1  ATP5F1B  NDUFA9  ATP5F1A  PDHB  HARS1  NDUFS2  NDUFV1  LDHB  LDHA,10
0.195355920375934\,2\,46\,5.19640449438202\,GO:0045663 positive regulation of myoblast differentiation\,http://amigo.geneontology.org/amigo/term/GO:0045663\,SMARCB1  SOX4,10
0.195355920375934\,1\,32\,16.2387640449438\,GO:0045672 positive regulation of osteoclast differentiation\,http://amigo.geneontology.org/amigo/term/GO:0045672\,PPP3CA,10
0.195355920375934\,1\,15\,16.2387640449438\,GO:0045989 positive regulation of striated muscle contraction\,http://amigo.geneontology.org/amigo/term/GO:0045989\,HSP90AA1,10
0.195355920375934\,2\,41\,4.99654278305964\,GO:0048489 synaptic vesicle transport\,http://amigo.geneontology.org/amigo/term/GO:0048489\,KIF5A  CTNNB1,10
0.195355920375934\,1\,29\,16.2387640449438\,GO:0048520 positive regulation of behavior\,http://amigo.geneontology.org/amigo/term/GO:0048520\,HDAC2,10
0.195355920375934\,7\,585\,2.01188227105499\,GO:0048667 cell morphogenesis involved in neuron differentiation\,http://amigo.geneontology.org/amigo/term/GO:0048667\,DBN1  KIF5A  HSP90AA1  HSP90AB1  PTPRS  PPP3CA  CTTN,10
0.195355920375934\,1\,11\,16.2387640449438\,GO:0048671 negative regulation of collateral sprouting\,http://amigo.geneontology.org/amigo/term/GO:0048671\, PTPRS,10
0.195355920375934\,1\,35\,16.2387640449438\,GO:0048730 epidermis morphogenesis\,http://amigo.geneontology.org/amigo/term/GO:0048730\,CTNNB1,10
0.195355920375934\,1\,9\,16.2387640449438\,GO:0050774 negative regulation of dendrite morphogenesis\,http://amigo.geneontology.org/amigo/term/GO:0050774\,PPP3CA,10
0.195355920375934\,4\,507\,2.79376585719464\,GO:0050867 positive regulation of cell activation\,http://amigo.geneontology.org/amigo/term/GO:0050867\,HSPD1  SMARCB1  SOX4  PPP3CA,10
0.195355920375934\,21\,2509\,1.42089185393258\,GO:0051128 regulation of cellular component organization\,http://amigo.geneontology.org/amigo/term/GO:0051128\,CTTN  DBN1  SMARCB1  TERF2IP  ENO1  HSP90AA1  HSPA8  TSG101  PTPRS  PPP3CA  TUBA1A  CTNNB1  RUVBL1  HDAC2  CCT4  TCP1  CCT7  CCT5  CCT8  CCT3  CCT2,10
0.195355920375934\,6\,622\,2.1532062822025\,GO:0051347 positive regulation of transferase activity\,http://amigo.geneontology.org/amigo/term/GO:0051347\,HSP90AB1  HSP90AA1  CTNNB1  CCT4  TCP1  CCT2,10
0.195355920375934\,1\,19\,16.2387640449438\,GO:0051764 actin crosslink formation\,http://amigo.geneontology.org/amigo/term/GO:0051764\, MARCKS,10
0.195355920375934\,1\,21\,16.2387640449438\,GO:0055093 response to hyperoxia\,http://amigo.geneontology.org/amigo/term/GO:0055093\,HDAC2,10
0.195355920375934\,4\,317\,2.76404494382022\,GO:0060070 canonical Wnt signaling pathway\,http://amigo.geneontology.org/amigo/term/GO:0060070\,CTNNB1  RUVBL1  SOX4  ILK,10
0.195355920375934\,1\,19\,16.2387640449438\,GO:0060438 trachea development\,http://amigo.geneontology.org/amigo/term/GO:0060438\,CTNNB1,10
0.195355920375934\,1\,11\,16.2387640449438\,GO:0060439 trachea morphogenesis\,http://amigo.geneontology.org/amigo/term/GO:0060439\,CTNNB1,10
0.195355920375934\,1\,7\,16.2387640449438\,GO:0060440 trachea formation\,http://amigo.geneontology.org/amigo/term/GO:0060440\,CTNNB1,10
0.195355920375934\,3\,185\,3.41868716735659\,GO:0060538 skeletal muscle organ development\,http://amigo.geneontology.org/amigo/term/GO:0060538\,PPP3CA  CTNNB1  SOX11,10
0.195355920375934\,1\,11\,16.2387640449438\,GO:0060742 epithelial cell differentiation involved in prostate gland development\,http://amigo.geneontology.org/amigo/term/GO:0060742\,CTNNB1,10
0.195355920375934\,1\,11\,16.2387640449438\,GO:0060767 epithelial cell proliferation involved in prostate gland development\,http://amigo.geneontology.org/amigo/term/GO:0060767\,CTNNB1,10
0.195355920375934\,1\,10\,16.2387640449438\,GO:0060768 regulation of epithelial cell proliferation involved in prostate gland development\,http://amigo.geneontology.org/amigo/term/GO:0060768\,CTNNB1,10
0.195355920375934\,1\,9\,16.2387640449438\,GO:0061549 sympathetic ganglion development\,http://amigo.geneontology.org/amigo/term/GO:0061549\,CTNNB1,10
0.195355920375934\,1\,5\,16.2387640449438\,GO:0061550 cranial ganglion development\,http://amigo.geneontology.org/amigo/term/GO:0061550\,CTNNB1,10
0.195355920375934\,1\,4\,16.2387640449438\,GO:0070125 mitochondrial translational elongation\,http://amigo.geneontology.org/amigo/term/GO:0070125\, TUFM,10
0.195355920375934\,2\,105\,4.99654278305964\,GO:0070509 calcium ion import\,http://amigo.geneontology.org/amigo/term/GO:0070509\,PPP3CA  CTNNB1,10
0.195355920375934\,1\,14\,16.2387640449438\,GO:0071635 negative regulation of transforming growth factor beta production\,http://amigo.geneontology.org/amigo/term/GO:0071635\,HSP90AB1,10
0.195355920375934\,1\,7\,16.2387640449438\,GO:0071971 extracellular exosome assembly\,http://amigo.geneontology.org/amigo/term/GO:0071971\,TSG101,10
0.195355920375934\,2\,151\,4.99654278305964\,GO:0072073 kidney epithelium development\,http://amigo.geneontology.org/amigo/term/GO:0072073\,ILK  CTNNB1,10
0.195355920375934\,1\,20\,16.2387640449438\,GO:0072079 nephron tubule formation\,http://amigo.geneontology.org/amigo/term/GO:0072079\,CTNNB1,10
0.195355920375934\,1\,16\,16.2387640449438\,GO:0072160 nephron tubule epithelial cell differentiation\,http://amigo.geneontology.org/amigo/term/GO:0072160\,CTNNB1,10
0.195355920375934\,1\,41\,16.2387640449438\,GO:0072210 metanephric nephron development\,http://amigo.geneontology.org/amigo/term/GO:0072210\,CTNNB1,10
0.195355920375934\,1\,8\,16.2387640449438\,GO:0072318 clathrin coat disassembly\,http://amigo.geneontology.org/amigo/term/GO:0072318\,HSPA8,10
0.195355920375934\,1\,13\,16.2387640449438\,GO:0072497 mesenchymal stem cell differentiation\,http://amigo.geneontology.org/amigo/term/GO:0072497\,CTNNB1,10
0.195355920375934\,1\,4\,16.2387640449438\,GO:0075732 viral penetration into host nucleus\,http://amigo.geneontology.org/amigo/term/GO:0075732\,KPNA2,10
0.195355920375934\,1\,8\,16.2387640449438\,GO:0090240 positive regulation of histone H4 acetylation\,http://amigo.geneontology.org/amigo/term/GO:0090240\,SMARCB1,10
0.195355920375934\,1\,30\,16.2387640449438\,GO:0090280 positive regulation of calcium ion import\,http://amigo.geneontology.org/amigo/term/GO:0090280\,PPP3CA,10
0.195355920375934\,1\,21\,16.2387640449438\,GO:0090281 negative regulation of calcium ion import\,http://amigo.geneontology.org/amigo/term/GO:0090281\,PPP3CA,10
0.195355920375934\,1\,28\,16.2387640449438\,GO:0097205 renal filtration\,http://amigo.geneontology.org/amigo/term/GO:0097205\,PPP3CA,10
0.195355920375934\,1\,5\,16.2387640449438\,GO:0098971 anterograde dendritic transport of neurotransmitter receptor complex\,http://amigo.geneontology.org/amigo/term/GO:0098971\,KIF5A,10
0.195355920375934\,1\,12\,16.2387640449438\,GO:0099151 regulation of postsynaptic density assembly\,http://amigo.geneontology.org/amigo/term/GO:0099151\, PTPRS,10
0.195355920375934\,1\,10\,16.2387640449438\,GO:0099527 postsynapse to nucleus signaling pathway\,http://amigo.geneontology.org/amigo/term/GO:0099527\,KPNA2,10
0.195355920375934\,1\,5\,16.2387640449438\,GO:0099547 regulation of translation at synapse modulating synaptic transmission\,http://amigo.geneontology.org/amigo/term/GO:0099547\,EIF4A3,10
0.195355920375934\,1\,5\,16.2387640449438\,GO:0140243 regulation of translation at synapse\,http://amigo.geneontology.org/amigo/term/GO:0140243\,EIF4A3,10
0.195355920375934\,1\,8\,16.2387640449438\,GO:1900113 negative regulation of histone H3-K9 trimethylation\,http://amigo.geneontology.org/amigo/term/GO:1900113\,SMARCB1,10
0.195355920375934\,1\,6\,16.2387640449438\,GO:1903551 regulation of extracellular exosome assembly\,http://amigo.geneontology.org/amigo/term/GO:1903551\,TSG101,10
0.195355920375934\,1\,23\,16.2387640449438\,GO:1903672 positive regulation of sprouting angiogenesis\,http://amigo.geneontology.org/amigo/term/GO:1903672\, PKM,10
0.195355920375934\,1\,4\,16.2387640449438\,GO:1903772 regulation of viral budding via host ESCRT complex\,http://amigo.geneontology.org/amigo/term/GO:1903772\,TSG101,10
0.195355920375934\,1\,17\,16.2387640449438\,GO:1903799 negative regulation of production of miRNAs involved in gene silencing by miRNA\,http://amigo.geneontology.org/amigo/term/GO:1903799\,PPP3CA,10
0.195355920375934\,1\,15\,16.2387640449438\,GO:1904889 regulation of excitatory synapse assembly\,http://amigo.geneontology.org/amigo/term/GO:1904889\, PTPRS,10
0.195355920375934\,1\,7\,16.2387640449438\,GO:1990791 dorsal root ganglion development\,http://amigo.geneontology.org/amigo/term/GO:1990791\,CTNNB1,10
0.195355920375934\,1\,11\,16.2387640449438\,GO:2000109 regulation of macrophage apoptotic process\,http://amigo.geneontology.org/amigo/term/GO:2000109\,TCP1,10
0.195355920375934\,1\,16\,16.2387640449438\,GO:2000291 regulation of myoblast proliferation\,http://amigo.geneontology.org/amigo/term/GO:2000291\,CTNNB1,10
0.195355920375934\,1\,9\,16.2387640449438\,GO:2000617 positive regulation of histone H3-K9 acetylation\,http://amigo.geneontology.org/amigo/term/GO:2000617\,SMARCB1,10
0.195355920375934\,2\,52\,5.19640449438202\,GO:2000677 regulation of transcription regulatory region DNA binding\,http://amigo.geneontology.org/amigo/term/GO:2000677\,CTNNB1  SOX11,10
0.198218968048411\,11\,910\,1.67724323468903\,GO:0044257 cellular protein catabolic process\,http://amigo.geneontology.org/amigo/term/GO:0044257\,PSMC4  PSMC1  PSMD3  UBC  PSMC2  PSMD6  PSMD13  TSG101  HSP90AB1  CTNNB1  MAGEF1,10
0.198594777069626\,14\,1510\,1.55714175773434\,GO:1901565 organonitrogen compound catabolic process\,http://amigo.geneontology.org/amigo/term/GO:1901565\,PSMC4  PSMC1  PSMD3  HSPA8  UBC  PSMC2  PSMD6  PSMD13  TSG101  HSP90AB1  CTNNB1  MAGEF1  HSP90AA1  MDM4,10
0.198904313495885\,3\,198\,3.30279946676823\,GO:0009746 response to hexose\,http://amigo.geneontology.org/amigo/term/GO:0009746\,SMARCB1  SOX4  PPP3CA,10
0.198904313495885\,3\,194\,3.30279946676823\,GO:0009749 response to glucose\,http://amigo.geneontology.org/amigo/term/GO:0009749\,SMARCB1  SOX4  PPP3CA,10
0.198904313495885\,3\,180\,3.30279946676823\,GO:0021953 central nervous system neuron differentiation\,http://amigo.geneontology.org/amigo/term/GO:0021953\,HSP90AA1  HSP90AB1  SOX4,10
0.198904313495885\,3\,206\,3.30279946676823\,GO:0034284 response to monosaccharide\,http://amigo.geneontology.org/amigo/term/GO:0034284\,SMARCB1  SOX4  PPP3CA,10
0.198904313495885\,3\,217\,3.30279946676823\,GO:0043491 protein kinase B signaling\,http://amigo.geneontology.org/amigo/term/GO:0043491\,HSP90AA1  HSP90AB1  ILK,10
0.198904313495885\,3\,256\,3.30279946676823\,GO:0046883 regulation of hormone secretion\,http://amigo.geneontology.org/amigo/term/GO:0046883\,SOX4  PPP3CA  SOX11,10
0.199623575242615\,8\,958\,1.87595830122095\,GO:0014070 response to organic cyclic compound\,http://amigo.geneontology.org/amigo/term/GO:0014070\,CTNNB1  HSP90AA1  HSP90AB1  EIF4A3  ATP5F1A  HDAC2  SLC3A2  HSPA8,10
